>>> 14:51:25 Checking inputs...
>>> 14:51:25 WORKDIR:    /disk/rl/psm_wma/cosmos-framework
>>> 14:51:25 TOML:       /disk/rl/psm_wma/cosmos-framework/examples/toml/sft_config/action_policy_libero_edge_all.toml
>>> 14:51:25 checkpoint: /disk/rl/psm_wma/cosmos-framework/examples/checkpoints/Cosmos3-Edge-Policy-DROID-dcp
>>> 14:51:25 log:        /disk/rl/psm_wma/outputs/cache_verify_nobench/logs/action_policy_libero_edge_all_sft.log
2026-08-21 14:51:53.811 | DEBUG    | cosmos_framework.utils.config:_load_py_config:578 - get_config_module: took 12.15ms
2026-08-21 14:52:19.704 | DEBUG    | cosmos_framework.utils.config:_load_py_config:583 - importlib.import_module: took 25892.33ms
2026-08-21 14:52:20.334 | DEBUG    | cosmos_framework.utils.config:_load_py_config:588 - override: took 630.17ms
2026-08-21 14:52:20.334 | DEBUG    | cosmos_framework.utils.config:load_config:567 - total time to load config: 26778.80ms
[08-21 14:52:20|INFO|cosmos_framework/utils/training_telemetry/telemetry.py:63:wrapper] Heimdall telemetry is disabled, if using Heimdall,consider setting ENABLE_TELEMETRY=true to enable it
[08-21 14:52:21|CRITICAL|cosmos_framework/utils/distributed.py:69:init] [RANK 0] Initialized distributed training with local rank 0 using nccl with timeout 1800
[08-21 14:52:21|INFO|cosmos_framework/utils/distributed.py:81:init] Training with 1 GPUs.
[08-21 14:52:21|INFO|cosmos_framework/utils/timer.py:138:_log] Time spent on init_distributed: 0.67 s
[08-21 14:52:21|INFO|cosmos_framework/utils/timer.py:138:_log] Time spent on init_distributed: 0.00 s
Config is saved using pickle at /disk/rl/psm_wma/outputs/cache_verify_nobench/cosmos3_action_libero/action_sft/edge_libero_4in1/config.pkl.
Config is saved using omegaconf at /disk/rl/psm_wma/outputs/cache_verify_nobench/cosmos3_action_libero/action_sft/edge_libero_4in1/config.yaml.
/disk/rl/psm_wma/cosmos-framework/.venv/lib/python3.13/site-packages/torch/distributed/c10d_logger.py:83: UserWarning: barrier(): using the device under current context. You can specify `device_id` in `init_process_group` to mute this warning.
  return func(*args, **kwargs)
[rank0]:[W821 14:52:21.909431065 ProcessGroupNCCL.cpp:5138] Guessing device ID based on global rank. This can cause a hang if rank to GPU mapping is heterogeneous. You can specify device_id in init_process_group()
[08-21 14:52:21|INFO|cosmos_framework/utils/misc.py:124:print_environ_variables] Environment variable HF_HOME: /root/.cache/huggingface
[08-21 14:52:21|INFO|cosmos_framework/utils/misc.py:124:print_environ_variables] Environment variable IMAGINAIRE_OUTPUT_ROOT: /disk/rl/psm_wma/outputs/cache_verify_nobench
[08-21 14:52:21|INFO|cosmos_framework/utils/misc.py:138:set_random_seed] Using random seed 42.
[08-21 14:52:21|CRITICAL|cosmos_framework/utils/callback.py:70:__init__] Instantiating callback skip_nan_step: {'max_consecutive_nan': 100, '_target_': <class 'cosmos_framework.callbacks.skip_nan_step.SkipNaNStep'>}
[08-21 14:52:21|CRITICAL|cosmos_framework/utils/callback.py:70:__init__] Instantiating callback grad_clip: {'clip_norm': 1.0, 'force_finite': True, 'track_per_modality': True, '_target_': <class 'cosmos_framework.callbacks.grad_clip.GradClip'>}
[08-21 14:52:21|CRITICAL|cosmos_framework/utils/callback.py:70:__init__] Instantiating callback low_precision: {'update_iter': 1, 'config': None, 'trainer': None, '_target_': <class 'cosmos_framework.utils.callback.LowPrecisionCallback'>}
[08-21 14:52:21|CRITICAL|cosmos_framework/utils/callback.py:70:__init__] Instantiating callback heart_beat: {'step_size': 1, 'update_interval_in_minute': 20, 'save_s3': False, 'every_n': 200, '_target_': <class 'cosmos_framework.callbacks.heart_beat.HeartBeat'>}
[08-21 14:52:21|CRITICAL|cosmos_framework/utils/callback.py:70:__init__] Instantiating callback device_monitor: {'every_n': 200, 'step_size': 1, 'save_s3': False, 'upload_every_n_mul': 5, 'log_memory_detail': True, '_target_': <class 'cosmos_framework.callbacks.device_monitor.DeviceMonitor'>}
[08-21 14:52:21|CRITICAL|cosmos_framework/utils/callback.py:70:__init__] Instantiating callback termination_signal_checkpoint: {'min_save_fraction': 0.3333333333333333, '_target_': <class 'cosmos_framework.callbacks.termination_signal_checkpoint.TerminationSignalCheckpoint'>}
[08-21 14:52:21|CRITICAL|cosmos_framework/utils/callback.py:66:__init__] Callback dataloader_speed is missing the '_target_' field. 
 SKip {'every_n': 100, 'save_s3': False, 'step_size': 1}
[08-21 14:52:21|CRITICAL|cosmos_framework/utils/callback.py:66:__init__] Callback iter_speed is missing the '_target_' field. 
 SKip {'every_n': 1, 'hit_thres': 50, 'save_s3': False, 'save_s3_every_log_n': 500}
[08-21 14:52:21|CRITICAL|cosmos_framework/utils/callback.py:66:__init__] Callback manual_gc is missing the '_target_' field. 
 SKip {'every_n': 5, 'gc_level': 1, 'warm_up': 1}
[08-21 14:52:21|CRITICAL|cosmos_framework/utils/callback.py:66:__init__] Callback param_count is missing the '_target_' field. 
 SKip {'save_s3': False}
[08-21 14:52:21|CRITICAL|cosmos_framework/utils/callback.py:66:__init__] Callback training_stats is missing the '_target_' field. 
 SKip {'log_freq': 100}
[08-21 14:52:21|CRITICAL|cosmos_framework/utils/callback.py:70:__init__] Instantiating callback stdout_loss_logger: {'every_n': 1, 'sub_loss_keys': ['flow_matching_loss_vision', 'flow_matching_loss_action'], '_target_': <class 'cosmos_framework.callbacks.stdout_loss_logger.StdoutLossLogger'>}
[08-21 14:52:21|WARNING|cosmos_framework/utils/launch.py:86:log_reproducible_setup] S3 credentials not found. Skipping easy_io S3 setup.
[08-21 14:52:21|WARNING|cosmos_framework/utils/launch.py:88:log_reproducible_setup] Job path: cosmos3_action_libero/action_sft/edge_libero_4in1
[08-21 14:52:21|CRITICAL|cosmos_framework/utils/launch.py:93:log_reproducible_setup] Job local path: /disk/rl/psm_wma/outputs/cache_verify_nobench/cosmos3_action_libero/action_sft/edge_libero_4in1
[08-21 14:52:21|INFO|cosmos_framework/model/generator/omni_mot_model.py:112:__init__] OmniMoTModel: config {'tokenizer': {'bucket_name': '', 'object_store_credential_path_pretrained': '', 'vae_path': '/disk/rl/psm_wma/cosmos-framework/examples/checkpoints/wan22_vae/Wan2.2_VAE.pth', 'chunk_duration': 93, 'keep_decoder_cache': False, 'use_streaming_encode': False, 'encode_chunk_frames': {'256': 68, '480': 24, '720': 8, '768': 8}, 'encode_exact_durations': [17, 61, 73], 'spatial_compression_factor': 16, 'temporal_compression_factor': 4, 'temporal_window': None, 'encode_bucket_multiple': None, 'causal': True, '_target_': <class 'cosmos_framework.model.generator.tokenizers.wan2pt2_vae_4x16x16.Wan2pt2VAEInterface'>}, 'load_vision_tokenizer': True, 'net': None, 'ema': {'enabled': False, 'rate': 0.1, 'iteration_shift': 0}, 'parallelism': {'data_parallel_shard_degree': -1, 'data_parallel_replicate_degree': 1, 'context_parallel_shard_degree': 1, 'cfg_parallel_shard_degree': 1, 'enable_inference_mode': False, 'fsdp_master_dtype': 'float32', 'fsdp_reduce_dtype': None}, 'attention_io_layout': 'sequence_sharded', 'compile': {'enabled': False, 'compiled_region': 'language', 'compile_dynamic': True, 'use_cuda_graphs': False, 'ar_post_saturation_mode': 'default', 'max_autotune_pointwise': False, 'coordinate_descent_tuning': False}, 'quantization': {'method': None, 'fp8_granularity': 'per_row', 'include_regex': [], 'exclude_regex': [], 'modelopt_fp8_checkpoint_path': None, 'modelopt_fp8_target_fqns': []}, 'activation_checkpointing': {'mode': 'selective', 'save_ops_regex': ['fmha'], 'preserve_rng_state': True, 'determinism_check': 'default'}, 'precision': 'bfloat16', 'lora_enabled': False, 'lora_rank': 16, 'lora_alpha': 32, 'lora_target_modules': 'q_proj_moe_gen,k_proj_moe_gen,v_proj_moe_gen,o_proj_moe_gen', 'rectified_flow_training_config': {'shift': {'256': 3, '480': 5, '720': 10}, 'shift_image': None, 'use_dynamic_shift': False, 'train_time_image_distribution': 'logitnormal', 'train_time_video_distribution': 'waver', 'train_time_action_distribution': 'logitnormal', 'train_time_sound_distribution': 'logitnormal', 'train_time_weight': 'uniform', 'loss_scale': 10.0, 'image_loss_scale': None, 'sound_loss_scale': 2.0, 'use_discrete_rf': False, 'action_loss_weight': 10.0, 'independent_action_schedule': False, 'shift_action': None, 'independent_sound_schedule': False, 'shift_sound': None, 'normalize_loss_by_active': False, 'sample_level_loss_averaging': False}, 'rectified_flow_inference_config': {'scheduler_type': 'unipc', 'num_train_timesteps': 1000, 'shift': 1, 'use_dynamic_shifting': False}, 'fixed_step_sampler_config': None, 'vlm_config': {'model_name': 'nvidia/Cosmos3-Edge-Reasoner', 'safetensors_path': '', 'pretrained_weights': {'enabled': False, 'backbone_path': 's3://bucket/cosmos3/pretrained/huggingface/nvidia/Cosmos3-Edge-Reasoner-590c1c0/', 'credentials_path': '', 'enable_gcs_patch_in_boto3': True, 'checkpoint_format': None}, 'model_instance': {'config': {'base_config': {'json_file': 'cosmos_framework/model/generator/reasoner/nemotron_3_dense_vl/configs/Nemotron-2B-Dense-VL.json', '_target_': <bound method _MoTConfigBase.from_json_file of <class 'cosmos_framework.model.generator.mot.unified_mot.Nemotron3DenseVLMoTConfig'>>}, 'freeze_und': False, 'layer_module': 'MoTDecoderLayer', 'qk_norm_for_text': False, 'use_und_k_norm_for_gen': True, 'include_visual': None, 'tie_word_embeddings': True, '_target_': <function create_vlm_config at 0x7f4e29cd4860>}, '_target_': <class 'cosmos_framework.model.generator.mot.unified_mot.Nemotron3DenseVLTextForCausalLM'>}, 'tokenizer': {'repository': None, 'revision': None, 'subdir': '', '_target_': <function build_processor_lazy at 0x7f4dc4b52160>, 'tokenizer_type': '/disk/rl/models/Cosmos3-Edge-Policy-DROID'}, 'layer_module': None, 'qk_norm': False, 'tie_word_embeddings': False, 'use_system_prompt': False}, 'diffusion_expert_config': {'timestep_range': 1.0, 'load_weights_from_pretrained': False, 'enable_vision_modality_embeddings': False, 'enable_media_modality_embedding': False, 'patch_spatial': 2, 'max_vae_latent_side_after_patchify': 20, 'enable_fps_modulation': True, 'base_fps': 24, 'sound_base_temporal_compression_factor': None, 'vision_temporal_position_mode': 'latent_index', 'unified_3d_mrope_reset_spatial_ids': True, 'unified_3d_mrope_temporal_modality_margin': 15000}, 'input_video_key': 'video', 'input_image_key': 'images', 'input_caption_key': 'ai_caption', 'state_ch': 48, 'state_t': 300, 'latent_downsample_factor': 16, 'resolution': '480', 'max_num_tokens_after_packing': 74000, 'joint_attn_implementation': 'two_way', 'flex_attention': {'enabled': False, 'backend': 'auto', 'mask': {'noisy_attention_scope': 'all_views'}}, 'natten_parameter_list': None, 'video_temporal_causal': False, 'causal_training_strategy': 'none', 'lbl': {'method': 'local', 'coeff_und': None, 'coeff_gen': None}, 'vision_gen': True, 'action_gen': True, 'max_action_dim': 64, 'num_embodiment_domains': 32, 'sound_gen': False, 'sound_tokenizer': None, 'sound_dim': None, 'sound_latent_fps': 25, 'enable_input_bias': True, 'log_enc_time_every_n': 100, 'exclude_reasoner_weights_from_checkpoint': False}
[08-21 14:52:21|WARNING|cosmos_framework/model/generator/omni_mot_model.py:138:set_precision] OmniMoTModel: precision torch.bfloat16
This processor does not use the `size` parameter. It will be ignored.
[08-21 14:52:22|INFO|cosmos_framework/data/generator/processors/base.py:131:__init__] Successfully loaded processor from local cache
[08-21 14:52:23|INFO|cosmos_framework/model/generator/tokenizers/wan2pt2_vae_4x16x16.py:1050:_video_vae] loading /disk/rl/psm_wma/cosmos-framework/examples/checkpoints/wan22_vae/Wan2.2_VAE.pth
[08-21 14:52:23|INFO|cosmos_framework/utils/distributed.py:520:sync_model_states] Synchronizing model states from rank 0 to all ranks in process group [0].
[08-21 14:52:24|INFO|cosmos_framework/utils/timer.py:138:_log] Time spent on OmniMoTModel: set_up_tokenizers: 2.30 s
[08-21 14:52:24|INFO|cosmos_framework/utils/generator/parallelism.py:107:_validate] dp_shard auto-inferred to world_size = 1
[08-21 14:52:24|INFO|cosmos_framework/utils/generator/parallelism.py:121:_validate] dp_replicate is set to -1, will be automatically determined based on world_size 1 // dp_shard 1.
[08-21 14:52:24|INFO|cosmos_framework/utils/generator/parallelism.py:126:_validate] dp_replicate is set to 1.
`torch_dtype` is deprecated! Use `dtype` instead!
[08-21 14:52:24|INFO|cosmos_framework/utils/timer.py:138:_log] Time spent on meta to cuda and broadcast model states: 0.14 s
[08-21 14:52:24|INFO|cosmos_framework/utils/timer.py:138:_log] Time spent on Creating PyTorch model and ema if enabled: 0.45 s
[08-21 14:52:24|INFO|cosmos_framework/utils/timer.py:138:_log] Time spent on OmniMoTModel: set_up_model: 0.45 s
[08-21 14:52:24|INFO|cosmos_framework/utils/timer.py:138:_log] Time spent on init_model: 2.76 s
[08-21 14:52:25|INFO|cosmos_framework/data/generator/processors/base.py:131:__init__] Successfully loaded processor from local cache
[08-21 14:52:25|INFO|cosmos_framework/data/generator/action/datasets/libero_lerobot_dataset.py:196:__init__] Loaded LIBERO dataset root=/disk/rl/data/LIBERO_LeRobot_v3/libero_spatial split='train' camera_mode='concat_view' fps=20.0 kept_episodes=1/432 valid_indices=94
[08-21 14:52:26|INFO|cosmos_framework/data/generator/processors/base.py:131:__init__] Successfully loaded processor from local cache
[08-21 14:52:26|INFO|cosmos_framework/data/generator/action/datasets/libero_lerobot_dataset.py:196:__init__] Loaded LIBERO dataset root=/disk/rl/data/LIBERO_LeRobot_v3/libero_object split='train' camera_mode='concat_view' fps=20.0 kept_episodes=1/454 valid_indices=127
[08-21 14:52:27|INFO|cosmos_framework/data/generator/processors/base.py:131:__init__] Successfully loaded processor from local cache
[08-21 14:52:27|INFO|cosmos_framework/data/generator/action/datasets/libero_lerobot_dataset.py:196:__init__] Loaded LIBERO dataset root=/disk/rl/data/LIBERO_LeRobot_v3/libero_goal split='train' camera_mode='concat_view' fps=20.0 kept_episodes=1/428 valid_indices=96
[08-21 14:52:28|INFO|cosmos_framework/data/generator/processors/base.py:131:__init__] Successfully loaded processor from local cache
[08-21 14:52:28|INFO|cosmos_framework/data/generator/action/datasets/libero_lerobot_dataset.py:196:__init__] Loaded LIBERO dataset root=/disk/rl/data/LIBERO_LeRobot_v3/libero_10 split='train' camera_mode='concat_view' fps=20.0 kept_episodes=1/379 valid_indices=198
[08-21 14:52:28|INFO|cosmos_framework/data/generator/joint_dataloader.py:501:__init__] JointDataLoader: 4 streams
  libero_spatial: ratio=1 (25.0%)
  libero_object: ratio=1 (25.0%)
  libero_goal: ratio=1 (25.0%)
  libero_10: ratio=1 (25.0%)
[08-21 14:52:33|INFO|cosmos_framework/data/generator/joint_dataloader.py:615:_prewarm_dataloader] [RANK 0] Pre-warm: dataloader 'libero_spatial' ready — 1 samples buffered in 4.0s
[08-21 14:52:33|INFO|cosmos_framework/data/generator/joint_dataloader.py:615:_prewarm_dataloader] [RANK 0] Pre-warm: dataloader 'libero_object' ready — 1 samples buffered in 0.1s
[08-21 14:52:34|INFO|cosmos_framework/data/generator/joint_dataloader.py:615:_prewarm_dataloader] [RANK 0] Pre-warm: dataloader 'libero_goal' ready — 1 samples buffered in 0.5s
[08-21 14:52:34|INFO|cosmos_framework/data/generator/joint_dataloader.py:615:_prewarm_dataloader] [RANK 0] Pre-warm: dataloader 'libero_10' ready — 1 samples buffered in 0.0s
[08-21 14:52:34|INFO|cosmos_framework/data/generator/joint_dataloader.py:659:_prewarm_dataloaders] Pre-warm: waiting at barrier for all ranks …
/disk/rl/psm_wma/cosmos-framework/.venv/lib/python3.13/site-packages/torch/distributed/c10d_logger.py:83: UserWarning: barrier(): using the device under current context. You can specify `device_id` in `init_process_group` to mute this warning.
  return func(*args, **kwargs)
[08-21 14:52:34|INFO|cosmos_framework/data/generator/joint_dataloader.py:661:_prewarm_dataloaders] Pre-warm: all ranks ready
[08-21 14:52:34|INFO|cosmos_framework/utils/timer.py:138:_log] Time spent on init_data_loader: 9.82 s
[08-21 14:52:34|INFO|cosmos_framework/utils/generator/optimizer.py:247:_build_params_with_metadata] Total tensors: 549, trainable tensors: 549, selected tensors: 294
[08-21 14:52:34|INFO|cosmos_framework/utils/generator/optimizer.py:433:__init__] Building optimizer for mesh 'default'
[08-21 14:52:34|INFO|cosmos_framework/utils/generator/optimizer.py:289:_build_optimizer_internal] Param group (lr=5e-05, WD=True): 289 tensors, 1,414,921,408 elements
[08-21 14:52:34|INFO|cosmos_framework/utils/generator/optimizer.py:289:_build_optimizer_internal] Param group (lr=0.00025, WD=False): 4 tensors, 8,456,192 elements
[08-21 14:52:34|INFO|cosmos_framework/utils/generator/optimizer.py:289:_build_optimizer_internal] Param group (lr=0.00025, WD=True): 1 tensors, 2,048 elements
[08-21 14:52:34|INFO|cosmos_framework/utils/generator/optimizer.py:100:_optimizer_cls] FusedAdam: master_weights=True (derived from parameter dtypes)
[08-21 14:52:34|INFO|cosmos_framework/utils/generator/fused_adam.py:81:__init__] FusedAdam master_weights: True capturable: True
[08-21 14:52:34|INFO|cosmos_framework/utils/generator/optimizer.py:441:__init__] Created 1 optimizers
[08-21 14:52:34|INFO|cosmos_framework/utils/generator/optimizer.py:623:__init__] Created 1 schedulers
[08-21 14:52:34|CRITICAL|cosmos_framework/checkpoint/dcp.py:787:load] Resuming ckpt /disk/rl/psm_wma/cosmos-framework/examples/checkpoints/Cosmos3-Edge-Policy-DROID-dcp (warm-start, local) with keys: ['model']
[08-21 14:52:34|CRITICAL|cosmos_framework/checkpoint/dcp.py:799:load] Start loading checkpoint from /disk/rl/psm_wma/cosmos-framework/examples/checkpoints/Cosmos3-Edge-Policy-DROID-dcp/model
[08-21 14:52:34|INFO|cosmos_framework/checkpoint/dcp.py:358:__init__] Skipping loading of keys that match the following patterns: ['net_ema.']
[08-21 14:52:34|INFO|cosmos_framework/checkpoint/dcp.py:825:load] - Loading the model...
/disk/rl/psm_wma/cosmos-framework/.venv/lib/python3.13/site-packages/torch/distributed/checkpoint/utils.py:483: UserWarning: torch.distributed is disabled, unavailable or uninitialized, assuming the intent is to load in a single process.
  return func(*args, **kwargs)
[08-21 14:52:34|INFO|cosmos_framework/checkpoint/dcp.py:433:_skip_keys_if_found] [RANK 0] [DCP-LOAD-SKIP-KEYS] kept_keys=549 dropped_keys=0
[08-21 14:52:34|INFO|cosmos_framework/checkpoint/dcp.py:408:_drop_non_reader_items] [RANK 0] [DCP-LOAD-DEDUP] kept_read_items=549 dropped_read_items=0
[08-21 14:52:41|INFO|cosmos_framework/checkpoint/dcp.py:602:_broadcast_state_dict] [RANK 0] [DCP-LOAD-TIMING] broadcast: tensors=0.0s, objects=0.0s, rebuild=0.0s
[08-21 14:52:41|INFO|cosmos_framework/checkpoint/dcp.py:944:load] Loaded checkpoint from /disk/rl/psm_wma/cosmos-framework/examples/checkpoints/Cosmos3-Edge-Policy-DROID-dcp (warm-start, local) in iteration 0
[08-21 14:52:41|INFO|cosmos_framework/utils/timer.py:138:_log] Time spent on checkpoint loading: 7.44 s
[08-21 14:52:41|CRITICAL|cosmos_framework/trainer/__init__.py:272:train] Distributed parallelism mode: fsdp
[08-21 14:52:41|INFO|cosmos_framework/trainer/__init__.py:280:train] Starting training...
[08-21 14:52:41|INFO|cosmos_framework/callbacks/device_monitor.py:102:on_train_start] DeviceMonitor callback: local_dir: /disk/rl/psm_wma/outputs/cache_verify_nobench/cosmos3_action_libero/action_sft/edge_libero_4in1/DeviceMonitor
[08-21 14:52:41|INFO|cosmos_framework/callbacks/termination_signal_checkpoint.py:186:_install_termination_signal_handlers] [TerminationSignalCheckpoint] Installed SIGTERM handler.
/disk/rl/psm_wma/cosmos-framework/cosmos_framework/data/generator/joint_dataloader.py:831: UserWarning: Length of IterableDataset <cosmos_framework.data.generator.action.datasets.action_sft_dataset.ActionIterableShuffleDataset object at 0x7f4d88d00ad0> was reported to be 94(when accessing len(dataloader)), but 95 samples have been fetched. For multiprocessing data-loading, this could be caused by not properly configuring the IterableDataset replica at each worker. Please see https://pytorch.org/docs/stable/data.html#torch.utils.data.IterableDataset for examples.
  batch = next(self.dataloaders[index_id])
/disk/rl/psm_wma/cosmos-framework/cosmos_framework/data/generator/joint_dataloader.py:831: UserWarning: Length of IterableDataset <cosmos_framework.data.generator.action.datasets.action_sft_dataset.ActionIterableShuffleDataset object at 0x7f4d88d00ad0> was reported to be 94(when accessing len(dataloader)), but 96 samples have been fetched. For multiprocessing data-loading, this could be caused by not properly configuring the IterableDataset replica at each worker. Please see https://pytorch.org/docs/stable/data.html#torch.utils.data.IterableDataset for examples.
  batch = next(self.dataloaders[index_id])
/disk/rl/psm_wma/cosmos-framework/cosmos_framework/data/generator/joint_dataloader.py:831: UserWarning: Length of IterableDataset <cosmos_framework.data.generator.action.datasets.action_sft_dataset.ActionIterableShuffleDataset object at 0x7f4d88d00ad0> was reported to be 94(when accessing len(dataloader)), but 97 samples have been fetched. For multiprocessing data-loading, this could be caused by not properly configuring the IterableDataset replica at each worker. Please see https://pytorch.org/docs/stable/data.html#torch.utils.data.IterableDataset for examples.
  batch = next(self.dataloaders[index_id])
/disk/rl/psm_wma/cosmos-framework/cosmos_framework/data/generator/joint_dataloader.py:831: UserWarning: Length of IterableDataset <cosmos_framework.data.generator.action.datasets.action_sft_dataset.ActionIterableShuffleDataset object at 0x7f4d88d00ad0> was reported to be 94(when accessing len(dataloader)), but 98 samples have been fetched. For multiprocessing data-loading, this could be caused by not properly configuring the IterableDataset replica at each worker. Please see https://pytorch.org/docs/stable/data.html#torch.utils.data.IterableDataset for examples.
  batch = next(self.dataloaders[index_id])
/disk/rl/psm_wma/cosmos-framework/cosmos_framework/data/generator/joint_dataloader.py:831: UserWarning: Length of IterableDataset <cosmos_framework.data.generator.action.datasets.action_sft_dataset.ActionIterableShuffleDataset object at 0x7f4d88d00ad0> was reported to be 94(when accessing len(dataloader)), but 99 samples have been fetched. For multiprocessing data-loading, this could be caused by not properly configuring the IterableDataset replica at each worker. Please see https://pytorch.org/docs/stable/data.html#torch.utils.data.IterableDataset for examples.
  batch = next(self.dataloaders[index_id])
/disk/rl/psm_wma/cosmos-framework/cosmos_framework/data/generator/joint_dataloader.py:831: UserWarning: Length of IterableDataset <cosmos_framework.data.generator.action.datasets.action_sft_dataset.ActionIterableShuffleDataset object at 0x7f4d88d00ad0> was reported to be 94(when accessing len(dataloader)), but 100 samples have been fetched. For multiprocessing data-loading, this could be caused by not properly configuring the IterableDataset replica at each worker. Please see https://pytorch.org/docs/stable/data.html#torch.utils.data.IterableDataset for examples.
  batch = next(self.dataloaders[index_id])
/disk/rl/psm_wma/cosmos-framework/cosmos_framework/data/generator/joint_dataloader.py:831: UserWarning: Length of IterableDataset <cosmos_framework.data.generator.action.datasets.action_sft_dataset.ActionIterableShuffleDataset object at 0x7f4d88d00ad0> was reported to be 94(when accessing len(dataloader)), but 101 samples have been fetched. For multiprocessing data-loading, this could be caused by not properly configuring the IterableDataset replica at each worker. Please see https://pytorch.org/docs/stable/data.html#torch.utils.data.IterableDataset for examples.
  batch = next(self.dataloaders[index_id])
/disk/rl/psm_wma/cosmos-framework/cosmos_framework/data/generator/joint_dataloader.py:831: UserWarning: Length of IterableDataset <cosmos_framework.data.generator.action.datasets.action_sft_dataset.ActionIterableShuffleDataset object at 0x7f4d88d00ad0> was reported to be 94(when accessing len(dataloader)), but 102 samples have been fetched. For multiprocessing data-loading, this could be caused by not properly configuring the IterableDataset replica at each worker. Please see https://pytorch.org/docs/stable/data.html#torch.utils.data.IterableDataset for examples.
  batch = next(self.dataloaders[index_id])
/disk/rl/psm_wma/cosmos-framework/cosmos_framework/data/generator/joint_dataloader.py:831: UserWarning: Length of IterableDataset <cosmos_framework.data.generator.action.datasets.action_sft_dataset.ActionIterableShuffleDataset object at 0x7f4d88d00ad0> was reported to be 94(when accessing len(dataloader)), but 103 samples have been fetched. For multiprocessing data-loading, this could be caused by not properly configuring the IterableDataset replica at each worker. Please see https://pytorch.org/docs/stable/data.html#torch.utils.data.IterableDataset for examples.
  batch = next(self.dataloaders[index_id])
/disk/rl/psm_wma/cosmos-framework/cosmos_framework/data/generator/joint_dataloader.py:831: UserWarning: Length of IterableDataset <cosmos_framework.data.generator.action.datasets.action_sft_dataset.ActionIterableShuffleDataset object at 0x7f4d88d00ad0> was reported to be 94(when accessing len(dataloader)), but 104 samples have been fetched. For multiprocessing data-loading, this could be caused by not properly configuring the IterableDataset replica at each worker. Please see https://pytorch.org/docs/stable/data.html#torch.utils.data.IterableDataset for examples.
  batch = next(self.dataloaders[index_id])
/disk/rl/psm_wma/cosmos-framework/cosmos_framework/data/generator/joint_dataloader.py:831: UserWarning: Length of IterableDataset <cosmos_framework.data.generator.action.datasets.action_sft_dataset.ActionIterableShuffleDataset object at 0x7f4d88d00ad0> was reported to be 94(when accessing len(dataloader)), but 105 samples have been fetched. For multiprocessing data-loading, this could be caused by not properly configuring the IterableDataset replica at each worker. Please see https://pytorch.org/docs/stable/data.html#torch.utils.data.IterableDataset for examples.
  batch = next(self.dataloaders[index_id])
/disk/rl/psm_wma/cosmos-framework/cosmos_framework/data/generator/joint_dataloader.py:831: UserWarning: Length of IterableDataset <cosmos_framework.data.generator.action.datasets.action_sft_dataset.ActionIterableShuffleDataset object at 0x7f4d88d00ad0> was reported to be 94(when accessing len(dataloader)), but 106 samples have been fetched. For multiprocessing data-loading, this could be caused by not properly configuring the IterableDataset replica at each worker. Please see https://pytorch.org/docs/stable/data.html#torch.utils.data.IterableDataset for examples.
  batch = next(self.dataloaders[index_id])
/disk/rl/psm_wma/cosmos-framework/cosmos_framework/data/generator/joint_dataloader.py:831: UserWarning: Length of IterableDataset <cosmos_framework.data.generator.action.datasets.action_sft_dataset.ActionIterableShuffleDataset object at 0x7f4d88d00ad0> was reported to be 94(when accessing len(dataloader)), but 107 samples have been fetched. For multiprocessing data-loading, this could be caused by not properly configuring the IterableDataset replica at each worker. Please see https://pytorch.org/docs/stable/data.html#torch.utils.data.IterableDataset for examples.
  batch = next(self.dataloaders[index_id])
/disk/rl/psm_wma/cosmos-framework/cosmos_framework/data/generator/joint_dataloader.py:831: UserWarning: Length of IterableDataset <cosmos_framework.data.generator.action.datasets.action_sft_dataset.ActionIterableShuffleDataset object at 0x7f4d88d00ad0> was reported to be 94(when accessing len(dataloader)), but 108 samples have been fetched. For multiprocessing data-loading, this could be caused by not properly configuring the IterableDataset replica at each worker. Please see https://pytorch.org/docs/stable/data.html#torch.utils.data.IterableDataset for examples.
  batch = next(self.dataloaders[index_id])
/disk/rl/psm_wma/cosmos-framework/cosmos_framework/data/generator/joint_dataloader.py:831: UserWarning: Length of IterableDataset <cosmos_framework.data.generator.action.datasets.action_sft_dataset.ActionIterableShuffleDataset object at 0x7f4d88d00ad0> was reported to be 94(when accessing len(dataloader)), but 109 samples have been fetched. For multiprocessing data-loading, this could be caused by not properly configuring the IterableDataset replica at each worker. Please see https://pytorch.org/docs/stable/data.html#torch.utils.data.IterableDataset for examples.
  batch = next(self.dataloaders[index_id])
/disk/rl/psm_wma/cosmos-framework/cosmos_framework/data/generator/joint_dataloader.py:831: UserWarning: Length of IterableDataset <cosmos_framework.data.generator.action.datasets.action_sft_dataset.ActionIterableShuffleDataset object at 0x7f4d88d00ad0> was reported to be 94(when accessing len(dataloader)), but 110 samples have been fetched. For multiprocessing data-loading, this could be caused by not properly configuring the IterableDataset replica at each worker. Please see https://pytorch.org/docs/stable/data.html#torch.utils.data.IterableDataset for examples.
  batch = next(self.dataloaders[index_id])
/disk/rl/psm_wma/cosmos-framework/cosmos_framework/data/generator/joint_dataloader.py:831: UserWarning: Length of IterableDataset <cosmos_framework.data.generator.action.datasets.action_sft_dataset.ActionIterableShuffleDataset object at 0x7f4d88d00ad0> was reported to be 94(when accessing len(dataloader)), but 111 samples have been fetched. For multiprocessing data-loading, this could be caused by not properly configuring the IterableDataset replica at each worker. Please see https://pytorch.org/docs/stable/data.html#torch.utils.data.IterableDataset for examples.
  batch = next(self.dataloaders[index_id])
/disk/rl/psm_wma/cosmos-framework/cosmos_framework/data/generator/joint_dataloader.py:831: UserWarning: Length of IterableDataset <cosmos_framework.data.generator.action.datasets.action_sft_dataset.ActionIterableShuffleDataset object at 0x7f4d88d00ad0> was reported to be 94(when accessing len(dataloader)), but 112 samples have been fetched. For multiprocessing data-loading, this could be caused by not properly configuring the IterableDataset replica at each worker. Please see https://pytorch.org/docs/stable/data.html#torch.utils.data.IterableDataset for examples.
  batch = next(self.dataloaders[index_id])
/disk/rl/psm_wma/cosmos-framework/cosmos_framework/data/generator/joint_dataloader.py:831: UserWarning: Length of IterableDataset <cosmos_framework.data.generator.action.datasets.action_sft_dataset.ActionIterableShuffleDataset object at 0x7f4d88d00ad0> was reported to be 94(when accessing len(dataloader)), but 113 samples have been fetched. For multiprocessing data-loading, this could be caused by not properly configuring the IterableDataset replica at each worker. Please see https://pytorch.org/docs/stable/data.html#torch.utils.data.IterableDataset for examples.
  batch = next(self.dataloaders[index_id])
/disk/rl/psm_wma/cosmos-framework/cosmos_framework/data/generator/joint_dataloader.py:831: UserWarning: Length of IterableDataset <cosmos_framework.data.generator.action.datasets.action_sft_dataset.ActionIterableShuffleDataset object at 0x7f4d88d00ad0> was reported to be 94(when accessing len(dataloader)), but 114 samples have been fetched. For multiprocessing data-loading, this could be caused by not properly configuring the IterableDataset replica at each worker. Please see https://pytorch.org/docs/stable/data.html#torch.utils.data.IterableDataset for examples.
  batch = next(self.dataloaders[index_id])
/disk/rl/psm_wma/cosmos-framework/cosmos_framework/data/generator/joint_dataloader.py:831: UserWarning: Length of IterableDataset <cosmos_framework.data.generator.action.datasets.action_sft_dataset.ActionIterableShuffleDataset object at 0x7f4d88d00ad0> was reported to be 94(when accessing len(dataloader)), but 115 samples have been fetched. For multiprocessing data-loading, this could be caused by not properly configuring the IterableDataset replica at each worker. Please see https://pytorch.org/docs/stable/data.html#torch.utils.data.IterableDataset for examples.
  batch = next(self.dataloaders[index_id])
/disk/rl/psm_wma/cosmos-framework/cosmos_framework/data/generator/joint_dataloader.py:831: UserWarning: Length of IterableDataset <cosmos_framework.data.generator.action.datasets.action_sft_dataset.ActionIterableShuffleDataset object at 0x7f4d88d00ad0> was reported to be 94(when accessing len(dataloader)), but 116 samples have been fetched. For multiprocessing data-loading, this could be caused by not properly configuring the IterableDataset replica at each worker. Please see https://pytorch.org/docs/stable/data.html#torch.utils.data.IterableDataset for examples.
  batch = next(self.dataloaders[index_id])
/disk/rl/psm_wma/cosmos-framework/cosmos_framework/data/generator/joint_dataloader.py:831: UserWarning: Length of IterableDataset <cosmos_framework.data.generator.action.datasets.action_sft_dataset.ActionIterableShuffleDataset object at 0x7f4d88d00ad0> was reported to be 94(when accessing len(dataloader)), but 117 samples have been fetched. For multiprocessing data-loading, this could be caused by not properly configuring the IterableDataset replica at each worker. Please see https://pytorch.org/docs/stable/data.html#torch.utils.data.IterableDataset for examples.
  batch = next(self.dataloaders[index_id])
/disk/rl/psm_wma/cosmos-framework/cosmos_framework/data/generator/joint_dataloader.py:831: UserWarning: Length of IterableDataset <cosmos_framework.data.generator.action.datasets.action_sft_dataset.ActionIterableShuffleDataset object at 0x7f4d88d00ad0> was reported to be 94(when accessing len(dataloader)), but 118 samples have been fetched. For multiprocessing data-loading, this could be caused by not properly configuring the IterableDataset replica at each worker. Please see https://pytorch.org/docs/stable/data.html#torch.utils.data.IterableDataset for examples.
  batch = next(self.dataloaders[index_id])
/disk/rl/psm_wma/cosmos-framework/cosmos_framework/data/generator/joint_dataloader.py:831: UserWarning: Length of IterableDataset <cosmos_framework.data.generator.action.datasets.action_sft_dataset.ActionIterableShuffleDataset object at 0x7f4d88d00ad0> was reported to be 94(when accessing len(dataloader)), but 119 samples have been fetched. For multiprocessing data-loading, this could be caused by not properly configuring the IterableDataset replica at each worker. Please see https://pytorch.org/docs/stable/data.html#torch.utils.data.IterableDataset for examples.
  batch = next(self.dataloaders[index_id])
/disk/rl/psm_wma/cosmos-framework/cosmos_framework/data/generator/joint_dataloader.py:831: UserWarning: Length of IterableDataset <cosmos_framework.data.generator.action.datasets.action_sft_dataset.ActionIterableShuffleDataset object at 0x7f4d88d00ad0> was reported to be 94(when accessing len(dataloader)), but 120 samples have been fetched. For multiprocessing data-loading, this could be caused by not properly configuring the IterableDataset replica at each worker. Please see https://pytorch.org/docs/stable/data.html#torch.utils.data.IterableDataset for examples.
  batch = next(self.dataloaders[index_id])
/disk/rl/psm_wma/cosmos-framework/cosmos_framework/data/generator/joint_dataloader.py:831: UserWarning: Length of IterableDataset <cosmos_framework.data.generator.action.datasets.action_sft_dataset.ActionIterableShuffleDataset object at 0x7f4d88d00ad0> was reported to be 94(when accessing len(dataloader)), but 121 samples have been fetched. For multiprocessing data-loading, this could be caused by not properly configuring the IterableDataset replica at each worker. Please see https://pytorch.org/docs/stable/data.html#torch.utils.data.IterableDataset for examples.
  batch = next(self.dataloaders[index_id])
/disk/rl/psm_wma/cosmos-framework/cosmos_framework/data/generator/joint_dataloader.py:831: UserWarning: Length of IterableDataset <cosmos_framework.data.generator.action.datasets.action_sft_dataset.ActionIterableShuffleDataset object at 0x7f4d88d00ad0> was reported to be 94(when accessing len(dataloader)), but 122 samples have been fetched. For multiprocessing data-loading, this could be caused by not properly configuring the IterableDataset replica at each worker. Please see https://pytorch.org/docs/stable/data.html#torch.utils.data.IterableDataset for examples.
  batch = next(self.dataloaders[index_id])
/disk/rl/psm_wma/cosmos-framework/cosmos_framework/data/generator/joint_dataloader.py:831: UserWarning: Length of IterableDataset <cosmos_framework.data.generator.action.datasets.action_sft_dataset.ActionIterableShuffleDataset object at 0x7f4d88d00ad0> was reported to be 94(when accessing len(dataloader)), but 123 samples have been fetched. For multiprocessing data-loading, this could be caused by not properly configuring the IterableDataset replica at each worker. Please see https://pytorch.org/docs/stable/data.html#torch.utils.data.IterableDataset for examples.
  batch = next(self.dataloaders[index_id])
/disk/rl/psm_wma/cosmos-framework/cosmos_framework/data/generator/joint_dataloader.py:831: UserWarning: Length of IterableDataset <cosmos_framework.data.generator.action.datasets.action_sft_dataset.ActionIterableShuffleDataset object at 0x7f4d88d00ad0> was reported to be 94(when accessing len(dataloader)), but 124 samples have been fetched. For multiprocessing data-loading, this could be caused by not properly configuring the IterableDataset replica at each worker. Please see https://pytorch.org/docs/stable/data.html#torch.utils.data.IterableDataset for examples.
  batch = next(self.dataloaders[index_id])
/disk/rl/psm_wma/cosmos-framework/cosmos_framework/data/generator/joint_dataloader.py:831: UserWarning: Length of IterableDataset <cosmos_framework.data.generator.action.datasets.action_sft_dataset.ActionIterableShuffleDataset object at 0x7f4d88d00ad0> was reported to be 94(when accessing len(dataloader)), but 125 samples have been fetched. For multiprocessing data-loading, this could be caused by not properly configuring the IterableDataset replica at each worker. Please see https://pytorch.org/docs/stable/data.html#torch.utils.data.IterableDataset for examples.
  batch = next(self.dataloaders[index_id])
/disk/rl/psm_wma/cosmos-framework/cosmos_framework/data/generator/joint_dataloader.py:831: UserWarning: Length of IterableDataset <cosmos_framework.data.generator.action.datasets.action_sft_dataset.ActionIterableShuffleDataset object at 0x7f4d88d00ad0> was reported to be 94(when accessing len(dataloader)), but 126 samples have been fetched. For multiprocessing data-loading, this could be caused by not properly configuring the IterableDataset replica at each worker. Please see https://pytorch.org/docs/stable/data.html#torch.utils.data.IterableDataset for examples.
  batch = next(self.dataloaders[index_id])
/disk/rl/psm_wma/cosmos-framework/cosmos_framework/data/generator/joint_dataloader.py:831: UserWarning: Length of IterableDataset <cosmos_framework.data.generator.action.datasets.action_sft_dataset.ActionIterableShuffleDataset object at 0x7f4d88d00ad0> was reported to be 94(when accessing len(dataloader)), but 127 samples have been fetched. For multiprocessing data-loading, this could be caused by not properly configuring the IterableDataset replica at each worker. Please see https://pytorch.org/docs/stable/data.html#torch.utils.data.IterableDataset for examples.
  batch = next(self.dataloaders[index_id])
/disk/rl/psm_wma/cosmos-framework/cosmos_framework/data/generator/joint_dataloader.py:831: UserWarning: Length of IterableDataset <cosmos_framework.data.generator.action.datasets.action_sft_dataset.ActionIterableShuffleDataset object at 0x7f4d88d00ad0> was reported to be 94(when accessing len(dataloader)), but 128 samples have been fetched. For multiprocessing data-loading, this could be caused by not properly configuring the IterableDataset replica at each worker. Please see https://pytorch.org/docs/stable/data.html#torch.utils.data.IterableDataset for examples.
  batch = next(self.dataloaders[index_id])
/disk/rl/psm_wma/cosmos-framework/cosmos_framework/data/generator/joint_dataloader.py:831: UserWarning: Length of IterableDataset <cosmos_framework.data.generator.action.datasets.action_sft_dataset.ActionIterableShuffleDataset object at 0x7f4d88cfde50> was reported to be 127(when accessing len(dataloader)), but 128 samples have been fetched. For multiprocessing data-loading, this could be caused by not properly configuring the IterableDataset replica at each worker. Please see https://pytorch.org/docs/stable/data.html#torch.utils.data.IterableDataset for examples.
  batch = next(self.dataloaders[index_id])
/disk/rl/psm_wma/cosmos-framework/cosmos_framework/data/generator/joint_dataloader.py:831: UserWarning: Length of IterableDataset <cosmos_framework.data.generator.action.datasets.action_sft_dataset.ActionIterableShuffleDataset object at 0x7f4d88cfee90> was reported to be 96(when accessing len(dataloader)), but 97 samples have been fetched. For multiprocessing data-loading, this could be caused by not properly configuring the IterableDataset replica at each worker. Please see https://pytorch.org/docs/stable/data.html#torch.utils.data.IterableDataset for examples.
  batch = next(self.dataloaders[index_id])
/disk/rl/psm_wma/cosmos-framework/cosmos_framework/data/generator/joint_dataloader.py:831: UserWarning: Length of IterableDataset <cosmos_framework.data.generator.action.datasets.action_sft_dataset.ActionIterableShuffleDataset object at 0x7f4d88cfee90> was reported to be 96(when accessing len(dataloader)), but 98 samples have been fetched. For multiprocessing data-loading, this could be caused by not properly configuring the IterableDataset replica at each worker. Please see https://pytorch.org/docs/stable/data.html#torch.utils.data.IterableDataset for examples.
  batch = next(self.dataloaders[index_id])
/disk/rl/psm_wma/cosmos-framework/cosmos_framework/data/generator/joint_dataloader.py:831: UserWarning: Length of IterableDataset <cosmos_framework.data.generator.action.datasets.action_sft_dataset.ActionIterableShuffleDataset object at 0x7f4d88cfee90> was reported to be 96(when accessing len(dataloader)), but 99 samples have been fetched. For multiprocessing data-loading, this could be caused by not properly configuring the IterableDataset replica at each worker. Please see https://pytorch.org/docs/stable/data.html#torch.utils.data.IterableDataset for examples.
  batch = next(self.dataloaders[index_id])
/disk/rl/psm_wma/cosmos-framework/cosmos_framework/data/generator/joint_dataloader.py:831: UserWarning: Length of IterableDataset <cosmos_framework.data.generator.action.datasets.action_sft_dataset.ActionIterableShuffleDataset object at 0x7f4d88cfee90> was reported to be 96(when accessing len(dataloader)), but 100 samples have been fetched. For multiprocessing data-loading, this could be caused by not properly configuring the IterableDataset replica at each worker. Please see https://pytorch.org/docs/stable/data.html#torch.utils.data.IterableDataset for examples.
  batch = next(self.dataloaders[index_id])
/disk/rl/psm_wma/cosmos-framework/cosmos_framework/data/generator/joint_dataloader.py:831: UserWarning: Length of IterableDataset <cosmos_framework.data.generator.action.datasets.action_sft_dataset.ActionIterableShuffleDataset object at 0x7f4d88cfee90> was reported to be 96(when accessing len(dataloader)), but 101 samples have been fetched. For multiprocessing data-loading, this could be caused by not properly configuring the IterableDataset replica at each worker. Please see https://pytorch.org/docs/stable/data.html#torch.utils.data.IterableDataset for examples.
  batch = next(self.dataloaders[index_id])
/disk/rl/psm_wma/cosmos-framework/cosmos_framework/data/generator/joint_dataloader.py:831: UserWarning: Length of IterableDataset <cosmos_framework.data.generator.action.datasets.action_sft_dataset.ActionIterableShuffleDataset object at 0x7f4d88cfee90> was reported to be 96(when accessing len(dataloader)), but 102 samples have been fetched. For multiprocessing data-loading, this could be caused by not properly configuring the IterableDataset replica at each worker. Please see https://pytorch.org/docs/stable/data.html#torch.utils.data.IterableDataset for examples.
  batch = next(self.dataloaders[index_id])
/disk/rl/psm_wma/cosmos-framework/cosmos_framework/data/generator/joint_dataloader.py:831: UserWarning: Length of IterableDataset <cosmos_framework.data.generator.action.datasets.action_sft_dataset.ActionIterableShuffleDataset object at 0x7f4d88cfee90> was reported to be 96(when accessing len(dataloader)), but 103 samples have been fetched. For multiprocessing data-loading, this could be caused by not properly configuring the IterableDataset replica at each worker. Please see https://pytorch.org/docs/stable/data.html#torch.utils.data.IterableDataset for examples.
  batch = next(self.dataloaders[index_id])
/disk/rl/psm_wma/cosmos-framework/cosmos_framework/data/generator/joint_dataloader.py:831: UserWarning: Length of IterableDataset <cosmos_framework.data.generator.action.datasets.action_sft_dataset.ActionIterableShuffleDataset object at 0x7f4d88cfee90> was reported to be 96(when accessing len(dataloader)), but 104 samples have been fetched. For multiprocessing data-loading, this could be caused by not properly configuring the IterableDataset replica at each worker. Please see https://pytorch.org/docs/stable/data.html#torch.utils.data.IterableDataset for examples.
  batch = next(self.dataloaders[index_id])
/disk/rl/psm_wma/cosmos-framework/cosmos_framework/data/generator/joint_dataloader.py:831: UserWarning: Length of IterableDataset <cosmos_framework.data.generator.action.datasets.action_sft_dataset.ActionIterableShuffleDataset object at 0x7f4d88cfee90> was reported to be 96(when accessing len(dataloader)), but 105 samples have been fetched. For multiprocessing data-loading, this could be caused by not properly configuring the IterableDataset replica at each worker. Please see https://pytorch.org/docs/stable/data.html#torch.utils.data.IterableDataset for examples.
  batch = next(self.dataloaders[index_id])
/disk/rl/psm_wma/cosmos-framework/cosmos_framework/data/generator/joint_dataloader.py:831: UserWarning: Length of IterableDataset <cosmos_framework.data.generator.action.datasets.action_sft_dataset.ActionIterableShuffleDataset object at 0x7f4d88cfee90> was reported to be 96(when accessing len(dataloader)), but 106 samples have been fetched. For multiprocessing data-loading, this could be caused by not properly configuring the IterableDataset replica at each worker. Please see https://pytorch.org/docs/stable/data.html#torch.utils.data.IterableDataset for examples.
  batch = next(self.dataloaders[index_id])
/disk/rl/psm_wma/cosmos-framework/cosmos_framework/data/generator/joint_dataloader.py:831: UserWarning: Length of IterableDataset <cosmos_framework.data.generator.action.datasets.action_sft_dataset.ActionIterableShuffleDataset object at 0x7f4d88cfee90> was reported to be 96(when accessing len(dataloader)), but 107 samples have been fetched. For multiprocessing data-loading, this could be caused by not properly configuring the IterableDataset replica at each worker. Please see https://pytorch.org/docs/stable/data.html#torch.utils.data.IterableDataset for examples.
  batch = next(self.dataloaders[index_id])
/disk/rl/psm_wma/cosmos-framework/cosmos_framework/data/generator/joint_dataloader.py:831: UserWarning: Length of IterableDataset <cosmos_framework.data.generator.action.datasets.action_sft_dataset.ActionIterableShuffleDataset object at 0x7f4d88cfee90> was reported to be 96(when accessing len(dataloader)), but 108 samples have been fetched. For multiprocessing data-loading, this could be caused by not properly configuring the IterableDataset replica at each worker. Please see https://pytorch.org/docs/stable/data.html#torch.utils.data.IterableDataset for examples.
  batch = next(self.dataloaders[index_id])
/disk/rl/psm_wma/cosmos-framework/cosmos_framework/data/generator/joint_dataloader.py:831: UserWarning: Length of IterableDataset <cosmos_framework.data.generator.action.datasets.action_sft_dataset.ActionIterableShuffleDataset object at 0x7f4d88cfee90> was reported to be 96(when accessing len(dataloader)), but 109 samples have been fetched. For multiprocessing data-loading, this could be caused by not properly configuring the IterableDataset replica at each worker. Please see https://pytorch.org/docs/stable/data.html#torch.utils.data.IterableDataset for examples.
  batch = next(self.dataloaders[index_id])
/disk/rl/psm_wma/cosmos-framework/cosmos_framework/data/generator/joint_dataloader.py:831: UserWarning: Length of IterableDataset <cosmos_framework.data.generator.action.datasets.action_sft_dataset.ActionIterableShuffleDataset object at 0x7f4d88cfee90> was reported to be 96(when accessing len(dataloader)), but 110 samples have been fetched. For multiprocessing data-loading, this could be caused by not properly configuring the IterableDataset replica at each worker. Please see https://pytorch.org/docs/stable/data.html#torch.utils.data.IterableDataset for examples.
  batch = next(self.dataloaders[index_id])
/disk/rl/psm_wma/cosmos-framework/cosmos_framework/data/generator/joint_dataloader.py:831: UserWarning: Length of IterableDataset <cosmos_framework.data.generator.action.datasets.action_sft_dataset.ActionIterableShuffleDataset object at 0x7f4d88cfee90> was reported to be 96(when accessing len(dataloader)), but 111 samples have been fetched. For multiprocessing data-loading, this could be caused by not properly configuring the IterableDataset replica at each worker. Please see https://pytorch.org/docs/stable/data.html#torch.utils.data.IterableDataset for examples.
  batch = next(self.dataloaders[index_id])
/disk/rl/psm_wma/cosmos-framework/cosmos_framework/data/generator/joint_dataloader.py:831: UserWarning: Length of IterableDataset <cosmos_framework.data.generator.action.datasets.action_sft_dataset.ActionIterableShuffleDataset object at 0x7f4d88cfee90> was reported to be 96(when accessing len(dataloader)), but 112 samples have been fetched. For multiprocessing data-loading, this could be caused by not properly configuring the IterableDataset replica at each worker. Please see https://pytorch.org/docs/stable/data.html#torch.utils.data.IterableDataset for examples.
  batch = next(self.dataloaders[index_id])
/disk/rl/psm_wma/cosmos-framework/cosmos_framework/data/generator/joint_dataloader.py:831: UserWarning: Length of IterableDataset <cosmos_framework.data.generator.action.datasets.action_sft_dataset.ActionIterableShuffleDataset object at 0x7f4d88cfee90> was reported to be 96(when accessing len(dataloader)), but 113 samples have been fetched. For multiprocessing data-loading, this could be caused by not properly configuring the IterableDataset replica at each worker. Please see https://pytorch.org/docs/stable/data.html#torch.utils.data.IterableDataset for examples.
  batch = next(self.dataloaders[index_id])
/disk/rl/psm_wma/cosmos-framework/cosmos_framework/data/generator/joint_dataloader.py:831: UserWarning: Length of IterableDataset <cosmos_framework.data.generator.action.datasets.action_sft_dataset.ActionIterableShuffleDataset object at 0x7f4d88cfee90> was reported to be 96(when accessing len(dataloader)), but 114 samples have been fetched. For multiprocessing data-loading, this could be caused by not properly configuring the IterableDataset replica at each worker. Please see https://pytorch.org/docs/stable/data.html#torch.utils.data.IterableDataset for examples.
  batch = next(self.dataloaders[index_id])
/disk/rl/psm_wma/cosmos-framework/cosmos_framework/data/generator/joint_dataloader.py:831: UserWarning: Length of IterableDataset <cosmos_framework.data.generator.action.datasets.action_sft_dataset.ActionIterableShuffleDataset object at 0x7f4d88cfee90> was reported to be 96(when accessing len(dataloader)), but 115 samples have been fetched. For multiprocessing data-loading, this could be caused by not properly configuring the IterableDataset replica at each worker. Please see https://pytorch.org/docs/stable/data.html#torch.utils.data.IterableDataset for examples.
  batch = next(self.dataloaders[index_id])
/disk/rl/psm_wma/cosmos-framework/cosmos_framework/data/generator/joint_dataloader.py:831: UserWarning: Length of IterableDataset <cosmos_framework.data.generator.action.datasets.action_sft_dataset.ActionIterableShuffleDataset object at 0x7f4d88cfee90> was reported to be 96(when accessing len(dataloader)), but 116 samples have been fetched. For multiprocessing data-loading, this could be caused by not properly configuring the IterableDataset replica at each worker. Please see https://pytorch.org/docs/stable/data.html#torch.utils.data.IterableDataset for examples.
  batch = next(self.dataloaders[index_id])
/disk/rl/psm_wma/cosmos-framework/cosmos_framework/data/generator/joint_dataloader.py:831: UserWarning: Length of IterableDataset <cosmos_framework.data.generator.action.datasets.action_sft_dataset.ActionIterableShuffleDataset object at 0x7f4d88cfee90> was reported to be 96(when accessing len(dataloader)), but 117 samples have been fetched. For multiprocessing data-loading, this could be caused by not properly configuring the IterableDataset replica at each worker. Please see https://pytorch.org/docs/stable/data.html#torch.utils.data.IterableDataset for examples.
  batch = next(self.dataloaders[index_id])
/disk/rl/psm_wma/cosmos-framework/cosmos_framework/data/generator/joint_dataloader.py:831: UserWarning: Length of IterableDataset <cosmos_framework.data.generator.action.datasets.action_sft_dataset.ActionIterableShuffleDataset object at 0x7f4d88cfee90> was reported to be 96(when accessing len(dataloader)), but 118 samples have been fetched. For multiprocessing data-loading, this could be caused by not properly configuring the IterableDataset replica at each worker. Please see https://pytorch.org/docs/stable/data.html#torch.utils.data.IterableDataset for examples.
  batch = next(self.dataloaders[index_id])
/disk/rl/psm_wma/cosmos-framework/cosmos_framework/data/generator/joint_dataloader.py:831: UserWarning: Length of IterableDataset <cosmos_framework.data.generator.action.datasets.action_sft_dataset.ActionIterableShuffleDataset object at 0x7f4d88cfee90> was reported to be 96(when accessing len(dataloader)), but 119 samples have been fetched. For multiprocessing data-loading, this could be caused by not properly configuring the IterableDataset replica at each worker. Please see https://pytorch.org/docs/stable/data.html#torch.utils.data.IterableDataset for examples.
  batch = next(self.dataloaders[index_id])
/disk/rl/psm_wma/cosmos-framework/cosmos_framework/data/generator/joint_dataloader.py:831: UserWarning: Length of IterableDataset <cosmos_framework.data.generator.action.datasets.action_sft_dataset.ActionIterableShuffleDataset object at 0x7f4d88cfee90> was reported to be 96(when accessing len(dataloader)), but 120 samples have been fetched. For multiprocessing data-loading, this could be caused by not properly configuring the IterableDataset replica at each worker. Please see https://pytorch.org/docs/stable/data.html#torch.utils.data.IterableDataset for examples.
  batch = next(self.dataloaders[index_id])
/disk/rl/psm_wma/cosmos-framework/cosmos_framework/data/generator/joint_dataloader.py:831: UserWarning: Length of IterableDataset <cosmos_framework.data.generator.action.datasets.action_sft_dataset.ActionIterableShuffleDataset object at 0x7f4d88cfee90> was reported to be 96(when accessing len(dataloader)), but 121 samples have been fetched. For multiprocessing data-loading, this could be caused by not properly configuring the IterableDataset replica at each worker. Please see https://pytorch.org/docs/stable/data.html#torch.utils.data.IterableDataset for examples.
  batch = next(self.dataloaders[index_id])
/disk/rl/psm_wma/cosmos-framework/cosmos_framework/data/generator/joint_dataloader.py:831: UserWarning: Length of IterableDataset <cosmos_framework.data.generator.action.datasets.action_sft_dataset.ActionIterableShuffleDataset object at 0x7f4d88cfee90> was reported to be 96(when accessing len(dataloader)), but 122 samples have been fetched. For multiprocessing data-loading, this could be caused by not properly configuring the IterableDataset replica at each worker. Please see https://pytorch.org/docs/stable/data.html#torch.utils.data.IterableDataset for examples.
  batch = next(self.dataloaders[index_id])
/disk/rl/psm_wma/cosmos-framework/cosmos_framework/data/generator/joint_dataloader.py:831: UserWarning: Length of IterableDataset <cosmos_framework.data.generator.action.datasets.action_sft_dataset.ActionIterableShuffleDataset object at 0x7f4d88cfee90> was reported to be 96(when accessing len(dataloader)), but 123 samples have been fetched. For multiprocessing data-loading, this could be caused by not properly configuring the IterableDataset replica at each worker. Please see https://pytorch.org/docs/stable/data.html#torch.utils.data.IterableDataset for examples.
  batch = next(self.dataloaders[index_id])
/disk/rl/psm_wma/cosmos-framework/cosmos_framework/data/generator/joint_dataloader.py:831: UserWarning: Length of IterableDataset <cosmos_framework.data.generator.action.datasets.action_sft_dataset.ActionIterableShuffleDataset object at 0x7f4d88cfee90> was reported to be 96(when accessing len(dataloader)), but 124 samples have been fetched. For multiprocessing data-loading, this could be caused by not properly configuring the IterableDataset replica at each worker. Please see https://pytorch.org/docs/stable/data.html#torch.utils.data.IterableDataset for examples.
  batch = next(self.dataloaders[index_id])
/disk/rl/psm_wma/cosmos-framework/cosmos_framework/data/generator/joint_dataloader.py:831: UserWarning: Length of IterableDataset <cosmos_framework.data.generator.action.datasets.action_sft_dataset.ActionIterableShuffleDataset object at 0x7f4d88cfee90> was reported to be 96(when accessing len(dataloader)), but 125 samples have been fetched. For multiprocessing data-loading, this could be caused by not properly configuring the IterableDataset replica at each worker. Please see https://pytorch.org/docs/stable/data.html#torch.utils.data.IterableDataset for examples.
  batch = next(self.dataloaders[index_id])
/disk/rl/psm_wma/cosmos-framework/cosmos_framework/data/generator/joint_dataloader.py:831: UserWarning: Length of IterableDataset <cosmos_framework.data.generator.action.datasets.action_sft_dataset.ActionIterableShuffleDataset object at 0x7f4d88cfee90> was reported to be 96(when accessing len(dataloader)), but 126 samples have been fetched. For multiprocessing data-loading, this could be caused by not properly configuring the IterableDataset replica at each worker. Please see https://pytorch.org/docs/stable/data.html#torch.utils.data.IterableDataset for examples.
  batch = next(self.dataloaders[index_id])
/disk/rl/psm_wma/cosmos-framework/cosmos_framework/data/generator/joint_dataloader.py:831: UserWarning: Length of IterableDataset <cosmos_framework.data.generator.action.datasets.action_sft_dataset.ActionIterableShuffleDataset object at 0x7f4d88cfee90> was reported to be 96(when accessing len(dataloader)), but 127 samples have been fetched. For multiprocessing data-loading, this could be caused by not properly configuring the IterableDataset replica at each worker. Please see https://pytorch.org/docs/stable/data.html#torch.utils.data.IterableDataset for examples.
  batch = next(self.dataloaders[index_id])
/disk/rl/psm_wma/cosmos-framework/cosmos_framework/data/generator/joint_dataloader.py:831: UserWarning: Length of IterableDataset <cosmos_framework.data.generator.action.datasets.action_sft_dataset.ActionIterableShuffleDataset object at 0x7f4d88cfee90> was reported to be 96(when accessing len(dataloader)), but 128 samples have been fetched. For multiprocessing data-loading, this could be caused by not properly configuring the IterableDataset replica at each worker. Please see https://pytorch.org/docs/stable/data.html#torch.utils.data.IterableDataset for examples.
  batch = next(self.dataloaders[index_id])
/disk/rl/psm_wma/cosmos-framework/cosmos_framework/data/generator/joint_dataloader.py:831: UserWarning: Length of IterableDataset <cosmos_framework.data.generator.action.datasets.action_sft_dataset.ActionIterableShuffleDataset object at 0x7f4d88d00ad0> was reported to be 94(when accessing len(dataloader)), but 129 samples have been fetched. For multiprocessing data-loading, this could be caused by not properly configuring the IterableDataset replica at each worker. Please see https://pytorch.org/docs/stable/data.html#torch.utils.data.IterableDataset for examples.
  batch = next(self.dataloaders[index_id])
/disk/rl/psm_wma/cosmos-framework/cosmos_framework/data/generator/joint_dataloader.py:831: UserWarning: Length of IterableDataset <cosmos_framework.data.generator.action.datasets.action_sft_dataset.ActionIterableShuffleDataset object at 0x7f4d88d00ad0> was reported to be 94(when accessing len(dataloader)), but 130 samples have been fetched. For multiprocessing data-loading, this could be caused by not properly configuring the IterableDataset replica at each worker. Please see https://pytorch.org/docs/stable/data.html#torch.utils.data.IterableDataset for examples.
  batch = next(self.dataloaders[index_id])
/disk/rl/psm_wma/cosmos-framework/cosmos_framework/data/generator/joint_dataloader.py:831: UserWarning: Length of IterableDataset <cosmos_framework.data.generator.action.datasets.action_sft_dataset.ActionIterableShuffleDataset object at 0x7f4d88d00ad0> was reported to be 94(when accessing len(dataloader)), but 131 samples have been fetched. For multiprocessing data-loading, this could be caused by not properly configuring the IterableDataset replica at each worker. Please see https://pytorch.org/docs/stable/data.html#torch.utils.data.IterableDataset for examples.
  batch = next(self.dataloaders[index_id])
/disk/rl/psm_wma/cosmos-framework/cosmos_framework/data/generator/joint_dataloader.py:831: UserWarning: Length of IterableDataset <cosmos_framework.data.generator.action.datasets.action_sft_dataset.ActionIterableShuffleDataset object at 0x7f4d88d00ad0> was reported to be 94(when accessing len(dataloader)), but 132 samples have been fetched. For multiprocessing data-loading, this could be caused by not properly configuring the IterableDataset replica at each worker. Please see https://pytorch.org/docs/stable/data.html#torch.utils.data.IterableDataset for examples.
  batch = next(self.dataloaders[index_id])
/disk/rl/psm_wma/cosmos-framework/cosmos_framework/data/generator/joint_dataloader.py:831: UserWarning: Length of IterableDataset <cosmos_framework.data.generator.action.datasets.action_sft_dataset.ActionIterableShuffleDataset object at 0x7f4d88d00ad0> was reported to be 94(when accessing len(dataloader)), but 133 samples have been fetched. For multiprocessing data-loading, this could be caused by not properly configuring the IterableDataset replica at each worker. Please see https://pytorch.org/docs/stable/data.html#torch.utils.data.IterableDataset for examples.
  batch = next(self.dataloaders[index_id])
/disk/rl/psm_wma/cosmos-framework/cosmos_framework/data/generator/joint_dataloader.py:831: UserWarning: Length of IterableDataset <cosmos_framework.data.generator.action.datasets.action_sft_dataset.ActionIterableShuffleDataset object at 0x7f4d88d00ad0> was reported to be 94(when accessing len(dataloader)), but 134 samples have been fetched. For multiprocessing data-loading, this could be caused by not properly configuring the IterableDataset replica at each worker. Please see https://pytorch.org/docs/stable/data.html#torch.utils.data.IterableDataset for examples.
  batch = next(self.dataloaders[index_id])
/disk/rl/psm_wma/cosmos-framework/cosmos_framework/data/generator/joint_dataloader.py:831: UserWarning: Length of IterableDataset <cosmos_framework.data.generator.action.datasets.action_sft_dataset.ActionIterableShuffleDataset object at 0x7f4d88d00ad0> was reported to be 94(when accessing len(dataloader)), but 135 samples have been fetched. For multiprocessing data-loading, this could be caused by not properly configuring the IterableDataset replica at each worker. Please see https://pytorch.org/docs/stable/data.html#torch.utils.data.IterableDataset for examples.
  batch = next(self.dataloaders[index_id])
/disk/rl/psm_wma/cosmos-framework/cosmos_framework/data/generator/joint_dataloader.py:831: UserWarning: Length of IterableDataset <cosmos_framework.data.generator.action.datasets.action_sft_dataset.ActionIterableShuffleDataset object at 0x7f4d88d00ad0> was reported to be 94(when accessing len(dataloader)), but 136 samples have been fetched. For multiprocessing data-loading, this could be caused by not properly configuring the IterableDataset replica at each worker. Please see https://pytorch.org/docs/stable/data.html#torch.utils.data.IterableDataset for examples.
  batch = next(self.dataloaders[index_id])
/disk/rl/psm_wma/cosmos-framework/cosmos_framework/data/generator/joint_dataloader.py:831: UserWarning: Length of IterableDataset <cosmos_framework.data.generator.action.datasets.action_sft_dataset.ActionIterableShuffleDataset object at 0x7f4d88d00ad0> was reported to be 94(when accessing len(dataloader)), but 137 samples have been fetched. For multiprocessing data-loading, this could be caused by not properly configuring the IterableDataset replica at each worker. Please see https://pytorch.org/docs/stable/data.html#torch.utils.data.IterableDataset for examples.
  batch = next(self.dataloaders[index_id])
/disk/rl/psm_wma/cosmos-framework/cosmos_framework/data/generator/joint_dataloader.py:831: UserWarning: Length of IterableDataset <cosmos_framework.data.generator.action.datasets.action_sft_dataset.ActionIterableShuffleDataset object at 0x7f4d88d00ad0> was reported to be 94(when accessing len(dataloader)), but 138 samples have been fetched. For multiprocessing data-loading, this could be caused by not properly configuring the IterableDataset replica at each worker. Please see https://pytorch.org/docs/stable/data.html#torch.utils.data.IterableDataset for examples.
  batch = next(self.dataloaders[index_id])
/disk/rl/psm_wma/cosmos-framework/cosmos_framework/data/generator/joint_dataloader.py:831: UserWarning: Length of IterableDataset <cosmos_framework.data.generator.action.datasets.action_sft_dataset.ActionIterableShuffleDataset object at 0x7f4d88d00ad0> was reported to be 94(when accessing len(dataloader)), but 139 samples have been fetched. For multiprocessing data-loading, this could be caused by not properly configuring the IterableDataset replica at each worker. Please see https://pytorch.org/docs/stable/data.html#torch.utils.data.IterableDataset for examples.
  batch = next(self.dataloaders[index_id])
/disk/rl/psm_wma/cosmos-framework/cosmos_framework/data/generator/joint_dataloader.py:831: UserWarning: Length of IterableDataset <cosmos_framework.data.generator.action.datasets.action_sft_dataset.ActionIterableShuffleDataset object at 0x7f4d88d00ad0> was reported to be 94(when accessing len(dataloader)), but 140 samples have been fetched. For multiprocessing data-loading, this could be caused by not properly configuring the IterableDataset replica at each worker. Please see https://pytorch.org/docs/stable/data.html#torch.utils.data.IterableDataset for examples.
  batch = next(self.dataloaders[index_id])
/disk/rl/psm_wma/cosmos-framework/cosmos_framework/data/generator/joint_dataloader.py:831: UserWarning: Length of IterableDataset <cosmos_framework.data.generator.action.datasets.action_sft_dataset.ActionIterableShuffleDataset object at 0x7f4d88d00ad0> was reported to be 94(when accessing len(dataloader)), but 141 samples have been fetched. For multiprocessing data-loading, this could be caused by not properly configuring the IterableDataset replica at each worker. Please see https://pytorch.org/docs/stable/data.html#torch.utils.data.IterableDataset for examples.
  batch = next(self.dataloaders[index_id])
/disk/rl/psm_wma/cosmos-framework/cosmos_framework/data/generator/joint_dataloader.py:831: UserWarning: Length of IterableDataset <cosmos_framework.data.generator.action.datasets.action_sft_dataset.ActionIterableShuffleDataset object at 0x7f4d88d00ad0> was reported to be 94(when accessing len(dataloader)), but 142 samples have been fetched. For multiprocessing data-loading, this could be caused by not properly configuring the IterableDataset replica at each worker. Please see https://pytorch.org/docs/stable/data.html#torch.utils.data.IterableDataset for examples.
  batch = next(self.dataloaders[index_id])
/disk/rl/psm_wma/cosmos-framework/cosmos_framework/data/generator/joint_dataloader.py:831: UserWarning: Length of IterableDataset <cosmos_framework.data.generator.action.datasets.action_sft_dataset.ActionIterableShuffleDataset object at 0x7f4d88d00ad0> was reported to be 94(when accessing len(dataloader)), but 143 samples have been fetched. For multiprocessing data-loading, this could be caused by not properly configuring the IterableDataset replica at each worker. Please see https://pytorch.org/docs/stable/data.html#torch.utils.data.IterableDataset for examples.
  batch = next(self.dataloaders[index_id])
/disk/rl/psm_wma/cosmos-framework/cosmos_framework/data/generator/joint_dataloader.py:831: UserWarning: Length of IterableDataset <cosmos_framework.data.generator.action.datasets.action_sft_dataset.ActionIterableShuffleDataset object at 0x7f4d88d00ad0> was reported to be 94(when accessing len(dataloader)), but 144 samples have been fetched. For multiprocessing data-loading, this could be caused by not properly configuring the IterableDataset replica at each worker. Please see https://pytorch.org/docs/stable/data.html#torch.utils.data.IterableDataset for examples.
  batch = next(self.dataloaders[index_id])
/disk/rl/psm_wma/cosmos-framework/cosmos_framework/data/generator/joint_dataloader.py:831: UserWarning: Length of IterableDataset <cosmos_framework.data.generator.action.datasets.action_sft_dataset.ActionIterableShuffleDataset object at 0x7f4d88d00ad0> was reported to be 94(when accessing len(dataloader)), but 145 samples have been fetched. For multiprocessing data-loading, this could be caused by not properly configuring the IterableDataset replica at each worker. Please see https://pytorch.org/docs/stable/data.html#torch.utils.data.IterableDataset for examples.
  batch = next(self.dataloaders[index_id])
/disk/rl/psm_wma/cosmos-framework/cosmos_framework/data/generator/joint_dataloader.py:831: UserWarning: Length of IterableDataset <cosmos_framework.data.generator.action.datasets.action_sft_dataset.ActionIterableShuffleDataset object at 0x7f4d88d00ad0> was reported to be 94(when accessing len(dataloader)), but 146 samples have been fetched. For multiprocessing data-loading, this could be caused by not properly configuring the IterableDataset replica at each worker. Please see https://pytorch.org/docs/stable/data.html#torch.utils.data.IterableDataset for examples.
  batch = next(self.dataloaders[index_id])
/disk/rl/psm_wma/cosmos-framework/cosmos_framework/data/generator/joint_dataloader.py:831: UserWarning: Length of IterableDataset <cosmos_framework.data.generator.action.datasets.action_sft_dataset.ActionIterableShuffleDataset object at 0x7f4d88d00ad0> was reported to be 94(when accessing len(dataloader)), but 147 samples have been fetched. For multiprocessing data-loading, this could be caused by not properly configuring the IterableDataset replica at each worker. Please see https://pytorch.org/docs/stable/data.html#torch.utils.data.IterableDataset for examples.
  batch = next(self.dataloaders[index_id])
/disk/rl/psm_wma/cosmos-framework/cosmos_framework/data/generator/joint_dataloader.py:831: UserWarning: Length of IterableDataset <cosmos_framework.data.generator.action.datasets.action_sft_dataset.ActionIterableShuffleDataset object at 0x7f4d88d00ad0> was reported to be 94(when accessing len(dataloader)), but 148 samples have been fetched. For multiprocessing data-loading, this could be caused by not properly configuring the IterableDataset replica at each worker. Please see https://pytorch.org/docs/stable/data.html#torch.utils.data.IterableDataset for examples.
  batch = next(self.dataloaders[index_id])
/disk/rl/psm_wma/cosmos-framework/cosmos_framework/data/generator/joint_dataloader.py:831: UserWarning: Length of IterableDataset <cosmos_framework.data.generator.action.datasets.action_sft_dataset.ActionIterableShuffleDataset object at 0x7f4d88d00ad0> was reported to be 94(when accessing len(dataloader)), but 149 samples have been fetched. For multiprocessing data-loading, this could be caused by not properly configuring the IterableDataset replica at each worker. Please see https://pytorch.org/docs/stable/data.html#torch.utils.data.IterableDataset for examples.
  batch = next(self.dataloaders[index_id])
/disk/rl/psm_wma/cosmos-framework/cosmos_framework/data/generator/joint_dataloader.py:831: UserWarning: Length of IterableDataset <cosmos_framework.data.generator.action.datasets.action_sft_dataset.ActionIterableShuffleDataset object at 0x7f4d88d00ad0> was reported to be 94(when accessing len(dataloader)), but 150 samples have been fetched. For multiprocessing data-loading, this could be caused by not properly configuring the IterableDataset replica at each worker. Please see https://pytorch.org/docs/stable/data.html#torch.utils.data.IterableDataset for examples.
  batch = next(self.dataloaders[index_id])
/disk/rl/psm_wma/cosmos-framework/cosmos_framework/data/generator/joint_dataloader.py:831: UserWarning: Length of IterableDataset <cosmos_framework.data.generator.action.datasets.action_sft_dataset.ActionIterableShuffleDataset object at 0x7f4d88d00ad0> was reported to be 94(when accessing len(dataloader)), but 151 samples have been fetched. For multiprocessing data-loading, this could be caused by not properly configuring the IterableDataset replica at each worker. Please see https://pytorch.org/docs/stable/data.html#torch.utils.data.IterableDataset for examples.
  batch = next(self.dataloaders[index_id])
/disk/rl/psm_wma/cosmos-framework/cosmos_framework/data/generator/joint_dataloader.py:831: UserWarning: Length of IterableDataset <cosmos_framework.data.generator.action.datasets.action_sft_dataset.ActionIterableShuffleDataset object at 0x7f4d88d00ad0> was reported to be 94(when accessing len(dataloader)), but 152 samples have been fetched. For multiprocessing data-loading, this could be caused by not properly configuring the IterableDataset replica at each worker. Please see https://pytorch.org/docs/stable/data.html#torch.utils.data.IterableDataset for examples.
  batch = next(self.dataloaders[index_id])
/disk/rl/psm_wma/cosmos-framework/cosmos_framework/data/generator/joint_dataloader.py:831: UserWarning: Length of IterableDataset <cosmos_framework.data.generator.action.datasets.action_sft_dataset.ActionIterableShuffleDataset object at 0x7f4d88d00ad0> was reported to be 94(when accessing len(dataloader)), but 153 samples have been fetched. For multiprocessing data-loading, this could be caused by not properly configuring the IterableDataset replica at each worker. Please see https://pytorch.org/docs/stable/data.html#torch.utils.data.IterableDataset for examples.
  batch = next(self.dataloaders[index_id])
/disk/rl/psm_wma/cosmos-framework/cosmos_framework/data/generator/joint_dataloader.py:831: UserWarning: Length of IterableDataset <cosmos_framework.data.generator.action.datasets.action_sft_dataset.ActionIterableShuffleDataset object at 0x7f4d88d00ad0> was reported to be 94(when accessing len(dataloader)), but 154 samples have been fetched. For multiprocessing data-loading, this could be caused by not properly configuring the IterableDataset replica at each worker. Please see https://pytorch.org/docs/stable/data.html#torch.utils.data.IterableDataset for examples.
  batch = next(self.dataloaders[index_id])
/disk/rl/psm_wma/cosmos-framework/cosmos_framework/data/generator/joint_dataloader.py:831: UserWarning: Length of IterableDataset <cosmos_framework.data.generator.action.datasets.action_sft_dataset.ActionIterableShuffleDataset object at 0x7f4d88d00ad0> was reported to be 94(when accessing len(dataloader)), but 155 samples have been fetched. For multiprocessing data-loading, this could be caused by not properly configuring the IterableDataset replica at each worker. Please see https://pytorch.org/docs/stable/data.html#torch.utils.data.IterableDataset for examples.
  batch = next(self.dataloaders[index_id])
/disk/rl/psm_wma/cosmos-framework/cosmos_framework/data/generator/joint_dataloader.py:831: UserWarning: Length of IterableDataset <cosmos_framework.data.generator.action.datasets.action_sft_dataset.ActionIterableShuffleDataset object at 0x7f4d88d00ad0> was reported to be 94(when accessing len(dataloader)), but 156 samples have been fetched. For multiprocessing data-loading, this could be caused by not properly configuring the IterableDataset replica at each worker. Please see https://pytorch.org/docs/stable/data.html#torch.utils.data.IterableDataset for examples.
  batch = next(self.dataloaders[index_id])
/disk/rl/psm_wma/cosmos-framework/cosmos_framework/data/generator/joint_dataloader.py:831: UserWarning: Length of IterableDataset <cosmos_framework.data.generator.action.datasets.action_sft_dataset.ActionIterableShuffleDataset object at 0x7f4d88d00ad0> was reported to be 94(when accessing len(dataloader)), but 157 samples have been fetched. For multiprocessing data-loading, this could be caused by not properly configuring the IterableDataset replica at each worker. Please see https://pytorch.org/docs/stable/data.html#torch.utils.data.IterableDataset for examples.
  batch = next(self.dataloaders[index_id])
/disk/rl/psm_wma/cosmos-framework/cosmos_framework/data/generator/joint_dataloader.py:831: UserWarning: Length of IterableDataset <cosmos_framework.data.generator.action.datasets.action_sft_dataset.ActionIterableShuffleDataset object at 0x7f4d88d00ad0> was reported to be 94(when accessing len(dataloader)), but 158 samples have been fetched. For multiprocessing data-loading, this could be caused by not properly configuring the IterableDataset replica at each worker. Please see https://pytorch.org/docs/stable/data.html#torch.utils.data.IterableDataset for examples.
  batch = next(self.dataloaders[index_id])
/disk/rl/psm_wma/cosmos-framework/cosmos_framework/data/generator/joint_dataloader.py:831: UserWarning: Length of IterableDataset <cosmos_framework.data.generator.action.datasets.action_sft_dataset.ActionIterableShuffleDataset object at 0x7f4d88d00ad0> was reported to be 94(when accessing len(dataloader)), but 159 samples have been fetched. For multiprocessing data-loading, this could be caused by not properly configuring the IterableDataset replica at each worker. Please see https://pytorch.org/docs/stable/data.html#torch.utils.data.IterableDataset for examples.
  batch = next(self.dataloaders[index_id])
/disk/rl/psm_wma/cosmos-framework/cosmos_framework/data/generator/joint_dataloader.py:831: UserWarning: Length of IterableDataset <cosmos_framework.data.generator.action.datasets.action_sft_dataset.ActionIterableShuffleDataset object at 0x7f4d88d00ad0> was reported to be 94(when accessing len(dataloader)), but 160 samples have been fetched. For multiprocessing data-loading, this could be caused by not properly configuring the IterableDataset replica at each worker. Please see https://pytorch.org/docs/stable/data.html#torch.utils.data.IterableDataset for examples.
  batch = next(self.dataloaders[index_id])
/disk/rl/psm_wma/cosmos-framework/cosmos_framework/data/generator/joint_dataloader.py:831: UserWarning: Length of IterableDataset <cosmos_framework.data.generator.action.datasets.action_sft_dataset.ActionIterableShuffleDataset object at 0x7f4d88d00ad0> was reported to be 94(when accessing len(dataloader)), but 161 samples have been fetched. For multiprocessing data-loading, this could be caused by not properly configuring the IterableDataset replica at each worker. Please see https://pytorch.org/docs/stable/data.html#torch.utils.data.IterableDataset for examples.
  batch = next(self.dataloaders[index_id])
/disk/rl/psm_wma/cosmos-framework/cosmos_framework/data/generator/joint_dataloader.py:831: UserWarning: Length of IterableDataset <cosmos_framework.data.generator.action.datasets.action_sft_dataset.ActionIterableShuffleDataset object at 0x7f4d88d00ad0> was reported to be 94(when accessing len(dataloader)), but 162 samples have been fetched. For multiprocessing data-loading, this could be caused by not properly configuring the IterableDataset replica at each worker. Please see https://pytorch.org/docs/stable/data.html#torch.utils.data.IterableDataset for examples.
  batch = next(self.dataloaders[index_id])
/disk/rl/psm_wma/cosmos-framework/cosmos_framework/data/generator/joint_dataloader.py:831: UserWarning: Length of IterableDataset <cosmos_framework.data.generator.action.datasets.action_sft_dataset.ActionIterableShuffleDataset object at 0x7f4d88d00ad0> was reported to be 94(when accessing len(dataloader)), but 163 samples have been fetched. For multiprocessing data-loading, this could be caused by not properly configuring the IterableDataset replica at each worker. Please see https://pytorch.org/docs/stable/data.html#torch.utils.data.IterableDataset for examples.
  batch = next(self.dataloaders[index_id])
/disk/rl/psm_wma/cosmos-framework/cosmos_framework/data/generator/joint_dataloader.py:831: UserWarning: Length of IterableDataset <cosmos_framework.data.generator.action.datasets.action_sft_dataset.ActionIterableShuffleDataset object at 0x7f4d88d00ad0> was reported to be 94(when accessing len(dataloader)), but 164 samples have been fetched. For multiprocessing data-loading, this could be caused by not properly configuring the IterableDataset replica at each worker. Please see https://pytorch.org/docs/stable/data.html#torch.utils.data.IterableDataset for examples.
  batch = next(self.dataloaders[index_id])
/disk/rl/psm_wma/cosmos-framework/cosmos_framework/data/generator/joint_dataloader.py:831: UserWarning: Length of IterableDataset <cosmos_framework.data.generator.action.datasets.action_sft_dataset.ActionIterableShuffleDataset object at 0x7f4d88d00ad0> was reported to be 94(when accessing len(dataloader)), but 165 samples have been fetched. For multiprocessing data-loading, this could be caused by not properly configuring the IterableDataset replica at each worker. Please see https://pytorch.org/docs/stable/data.html#torch.utils.data.IterableDataset for examples.
  batch = next(self.dataloaders[index_id])
/disk/rl/psm_wma/cosmos-framework/cosmos_framework/data/generator/joint_dataloader.py:831: UserWarning: Length of IterableDataset <cosmos_framework.data.generator.action.datasets.action_sft_dataset.ActionIterableShuffleDataset object at 0x7f4d88d00ad0> was reported to be 94(when accessing len(dataloader)), but 166 samples have been fetched. For multiprocessing data-loading, this could be caused by not properly configuring the IterableDataset replica at each worker. Please see https://pytorch.org/docs/stable/data.html#torch.utils.data.IterableDataset for examples.
  batch = next(self.dataloaders[index_id])
/disk/rl/psm_wma/cosmos-framework/cosmos_framework/data/generator/joint_dataloader.py:831: UserWarning: Length of IterableDataset <cosmos_framework.data.generator.action.datasets.action_sft_dataset.ActionIterableShuffleDataset object at 0x7f4d88d00ad0> was reported to be 94(when accessing len(dataloader)), but 167 samples have been fetched. For multiprocessing data-loading, this could be caused by not properly configuring the IterableDataset replica at each worker. Please see https://pytorch.org/docs/stable/data.html#torch.utils.data.IterableDataset for examples.
  batch = next(self.dataloaders[index_id])
/disk/rl/psm_wma/cosmos-framework/cosmos_framework/data/generator/joint_dataloader.py:831: UserWarning: Length of IterableDataset <cosmos_framework.data.generator.action.datasets.action_sft_dataset.ActionIterableShuffleDataset object at 0x7f4d88d00ad0> was reported to be 94(when accessing len(dataloader)), but 168 samples have been fetched. For multiprocessing data-loading, this could be caused by not properly configuring the IterableDataset replica at each worker. Please see https://pytorch.org/docs/stable/data.html#torch.utils.data.IterableDataset for examples.
  batch = next(self.dataloaders[index_id])
/disk/rl/psm_wma/cosmos-framework/cosmos_framework/data/generator/joint_dataloader.py:831: UserWarning: Length of IterableDataset <cosmos_framework.data.generator.action.datasets.action_sft_dataset.ActionIterableShuffleDataset object at 0x7f4d88d00ad0> was reported to be 94(when accessing len(dataloader)), but 169 samples have been fetched. For multiprocessing data-loading, this could be caused by not properly configuring the IterableDataset replica at each worker. Please see https://pytorch.org/docs/stable/data.html#torch.utils.data.IterableDataset for examples.
  batch = next(self.dataloaders[index_id])
/disk/rl/psm_wma/cosmos-framework/cosmos_framework/data/generator/joint_dataloader.py:831: UserWarning: Length of IterableDataset <cosmos_framework.data.generator.action.datasets.action_sft_dataset.ActionIterableShuffleDataset object at 0x7f4d88d00ad0> was reported to be 94(when accessing len(dataloader)), but 170 samples have been fetched. For multiprocessing data-loading, this could be caused by not properly configuring the IterableDataset replica at each worker. Please see https://pytorch.org/docs/stable/data.html#torch.utils.data.IterableDataset for examples.
  batch = next(self.dataloaders[index_id])
/disk/rl/psm_wma/cosmos-framework/cosmos_framework/data/generator/joint_dataloader.py:831: UserWarning: Length of IterableDataset <cosmos_framework.data.generator.action.datasets.action_sft_dataset.ActionIterableShuffleDataset object at 0x7f4d88d00ad0> was reported to be 94(when accessing len(dataloader)), but 171 samples have been fetched. For multiprocessing data-loading, this could be caused by not properly configuring the IterableDataset replica at each worker. Please see https://pytorch.org/docs/stable/data.html#torch.utils.data.IterableDataset for examples.
  batch = next(self.dataloaders[index_id])
/disk/rl/psm_wma/cosmos-framework/cosmos_framework/data/generator/joint_dataloader.py:831: UserWarning: Length of IterableDataset <cosmos_framework.data.generator.action.datasets.action_sft_dataset.ActionIterableShuffleDataset object at 0x7f4d88d00ad0> was reported to be 94(when accessing len(dataloader)), but 172 samples have been fetched. For multiprocessing data-loading, this could be caused by not properly configuring the IterableDataset replica at each worker. Please see https://pytorch.org/docs/stable/data.html#torch.utils.data.IterableDataset for examples.
  batch = next(self.dataloaders[index_id])
/disk/rl/psm_wma/cosmos-framework/cosmos_framework/data/generator/joint_dataloader.py:831: UserWarning: Length of IterableDataset <cosmos_framework.data.generator.action.datasets.action_sft_dataset.ActionIterableShuffleDataset object at 0x7f4d88d00ad0> was reported to be 94(when accessing len(dataloader)), but 173 samples have been fetched. For multiprocessing data-loading, this could be caused by not properly configuring the IterableDataset replica at each worker. Please see https://pytorch.org/docs/stable/data.html#torch.utils.data.IterableDataset for examples.
  batch = next(self.dataloaders[index_id])
/disk/rl/psm_wma/cosmos-framework/cosmos_framework/data/generator/joint_dataloader.py:831: UserWarning: Length of IterableDataset <cosmos_framework.data.generator.action.datasets.action_sft_dataset.ActionIterableShuffleDataset object at 0x7f4d88d00ad0> was reported to be 94(when accessing len(dataloader)), but 174 samples have been fetched. For multiprocessing data-loading, this could be caused by not properly configuring the IterableDataset replica at each worker. Please see https://pytorch.org/docs/stable/data.html#torch.utils.data.IterableDataset for examples.
  batch = next(self.dataloaders[index_id])
/disk/rl/psm_wma/cosmos-framework/cosmos_framework/data/generator/joint_dataloader.py:831: UserWarning: Length of IterableDataset <cosmos_framework.data.generator.action.datasets.action_sft_dataset.ActionIterableShuffleDataset object at 0x7f4d88d00ad0> was reported to be 94(when accessing len(dataloader)), but 175 samples have been fetched. For multiprocessing data-loading, this could be caused by not properly configuring the IterableDataset replica at each worker. Please see https://pytorch.org/docs/stable/data.html#torch.utils.data.IterableDataset for examples.
  batch = next(self.dataloaders[index_id])
/disk/rl/psm_wma/cosmos-framework/cosmos_framework/data/generator/joint_dataloader.py:831: UserWarning: Length of IterableDataset <cosmos_framework.data.generator.action.datasets.action_sft_dataset.ActionIterableShuffleDataset object at 0x7f4d88d00ad0> was reported to be 94(when accessing len(dataloader)), but 176 samples have been fetched. For multiprocessing data-loading, this could be caused by not properly configuring the IterableDataset replica at each worker. Please see https://pytorch.org/docs/stable/data.html#torch.utils.data.IterableDataset for examples.
  batch = next(self.dataloaders[index_id])
/disk/rl/psm_wma/cosmos-framework/cosmos_framework/data/generator/joint_dataloader.py:831: UserWarning: Length of IterableDataset <cosmos_framework.data.generator.action.datasets.action_sft_dataset.ActionIterableShuffleDataset object at 0x7f4d88d00ad0> was reported to be 94(when accessing len(dataloader)), but 177 samples have been fetched. For multiprocessing data-loading, this could be caused by not properly configuring the IterableDataset replica at each worker. Please see https://pytorch.org/docs/stable/data.html#torch.utils.data.IterableDataset for examples.
  batch = next(self.dataloaders[index_id])
/disk/rl/psm_wma/cosmos-framework/cosmos_framework/data/generator/joint_dataloader.py:831: UserWarning: Length of IterableDataset <cosmos_framework.data.generator.action.datasets.action_sft_dataset.ActionIterableShuffleDataset object at 0x7f4d88d00ad0> was reported to be 94(when accessing len(dataloader)), but 178 samples have been fetched. For multiprocessing data-loading, this could be caused by not properly configuring the IterableDataset replica at each worker. Please see https://pytorch.org/docs/stable/data.html#torch.utils.data.IterableDataset for examples.
  batch = next(self.dataloaders[index_id])
/disk/rl/psm_wma/cosmos-framework/cosmos_framework/data/generator/joint_dataloader.py:831: UserWarning: Length of IterableDataset <cosmos_framework.data.generator.action.datasets.action_sft_dataset.ActionIterableShuffleDataset object at 0x7f4d88d00ad0> was reported to be 94(when accessing len(dataloader)), but 179 samples have been fetched. For multiprocessing data-loading, this could be caused by not properly configuring the IterableDataset replica at each worker. Please see https://pytorch.org/docs/stable/data.html#torch.utils.data.IterableDataset for examples.
  batch = next(self.dataloaders[index_id])
/disk/rl/psm_wma/cosmos-framework/cosmos_framework/data/generator/joint_dataloader.py:831: UserWarning: Length of IterableDataset <cosmos_framework.data.generator.action.datasets.action_sft_dataset.ActionIterableShuffleDataset object at 0x7f4d88d00ad0> was reported to be 94(when accessing len(dataloader)), but 180 samples have been fetched. For multiprocessing data-loading, this could be caused by not properly configuring the IterableDataset replica at each worker. Please see https://pytorch.org/docs/stable/data.html#torch.utils.data.IterableDataset for examples.
  batch = next(self.dataloaders[index_id])
/disk/rl/psm_wma/cosmos-framework/cosmos_framework/data/generator/joint_dataloader.py:831: UserWarning: Length of IterableDataset <cosmos_framework.data.generator.action.datasets.action_sft_dataset.ActionIterableShuffleDataset object at 0x7f4d88d00ad0> was reported to be 94(when accessing len(dataloader)), but 181 samples have been fetched. For multiprocessing data-loading, this could be caused by not properly configuring the IterableDataset replica at each worker. Please see https://pytorch.org/docs/stable/data.html#torch.utils.data.IterableDataset for examples.
  batch = next(self.dataloaders[index_id])
/disk/rl/psm_wma/cosmos-framework/cosmos_framework/data/generator/joint_dataloader.py:831: UserWarning: Length of IterableDataset <cosmos_framework.data.generator.action.datasets.action_sft_dataset.ActionIterableShuffleDataset object at 0x7f4d88d00ad0> was reported to be 94(when accessing len(dataloader)), but 182 samples have been fetched. For multiprocessing data-loading, this could be caused by not properly configuring the IterableDataset replica at each worker. Please see https://pytorch.org/docs/stable/data.html#torch.utils.data.IterableDataset for examples.
  batch = next(self.dataloaders[index_id])
/disk/rl/psm_wma/cosmos-framework/cosmos_framework/data/generator/joint_dataloader.py:831: UserWarning: Length of IterableDataset <cosmos_framework.data.generator.action.datasets.action_sft_dataset.ActionIterableShuffleDataset object at 0x7f4d88d00ad0> was reported to be 94(when accessing len(dataloader)), but 183 samples have been fetched. For multiprocessing data-loading, this could be caused by not properly configuring the IterableDataset replica at each worker. Please see https://pytorch.org/docs/stable/data.html#torch.utils.data.IterableDataset for examples.
  batch = next(self.dataloaders[index_id])
/disk/rl/psm_wma/cosmos-framework/cosmos_framework/data/generator/joint_dataloader.py:831: UserWarning: Length of IterableDataset <cosmos_framework.data.generator.action.datasets.action_sft_dataset.ActionIterableShuffleDataset object at 0x7f4d88d00ad0> was reported to be 94(when accessing len(dataloader)), but 184 samples have been fetched. For multiprocessing data-loading, this could be caused by not properly configuring the IterableDataset replica at each worker. Please see https://pytorch.org/docs/stable/data.html#torch.utils.data.IterableDataset for examples.
  batch = next(self.dataloaders[index_id])
/disk/rl/psm_wma/cosmos-framework/cosmos_framework/data/generator/joint_dataloader.py:831: UserWarning: Length of IterableDataset <cosmos_framework.data.generator.action.datasets.action_sft_dataset.ActionIterableShuffleDataset object at 0x7f4d88d00ad0> was reported to be 94(when accessing len(dataloader)), but 185 samples have been fetched. For multiprocessing data-loading, this could be caused by not properly configuring the IterableDataset replica at each worker. Please see https://pytorch.org/docs/stable/data.html#torch.utils.data.IterableDataset for examples.
  batch = next(self.dataloaders[index_id])
/disk/rl/psm_wma/cosmos-framework/cosmos_framework/data/generator/joint_dataloader.py:831: UserWarning: Length of IterableDataset <cosmos_framework.data.generator.action.datasets.action_sft_dataset.ActionIterableShuffleDataset object at 0x7f4d88d00ad0> was reported to be 94(when accessing len(dataloader)), but 186 samples have been fetched. For multiprocessing data-loading, this could be caused by not properly configuring the IterableDataset replica at each worker. Please see https://pytorch.org/docs/stable/data.html#torch.utils.data.IterableDataset for examples.
  batch = next(self.dataloaders[index_id])
/disk/rl/psm_wma/cosmos-framework/cosmos_framework/data/generator/joint_dataloader.py:831: UserWarning: Length of IterableDataset <cosmos_framework.data.generator.action.datasets.action_sft_dataset.ActionIterableShuffleDataset object at 0x7f4d88d00ad0> was reported to be 94(when accessing len(dataloader)), but 187 samples have been fetched. For multiprocessing data-loading, this could be caused by not properly configuring the IterableDataset replica at each worker. Please see https://pytorch.org/docs/stable/data.html#torch.utils.data.IterableDataset for examples.
  batch = next(self.dataloaders[index_id])
/disk/rl/psm_wma/cosmos-framework/cosmos_framework/data/generator/joint_dataloader.py:831: UserWarning: Length of IterableDataset <cosmos_framework.data.generator.action.datasets.action_sft_dataset.ActionIterableShuffleDataset object at 0x7f4d88d00ad0> was reported to be 94(when accessing len(dataloader)), but 188 samples have been fetched. For multiprocessing data-loading, this could be caused by not properly configuring the IterableDataset replica at each worker. Please see https://pytorch.org/docs/stable/data.html#torch.utils.data.IterableDataset for examples.
  batch = next(self.dataloaders[index_id])
/disk/rl/psm_wma/cosmos-framework/cosmos_framework/data/generator/joint_dataloader.py:831: UserWarning: Length of IterableDataset <cosmos_framework.data.generator.action.datasets.action_sft_dataset.ActionIterableShuffleDataset object at 0x7f4d88d00ad0> was reported to be 94(when accessing len(dataloader)), but 189 samples have been fetched. For multiprocessing data-loading, this could be caused by not properly configuring the IterableDataset replica at each worker. Please see https://pytorch.org/docs/stable/data.html#torch.utils.data.IterableDataset for examples.
  batch = next(self.dataloaders[index_id])
/disk/rl/psm_wma/cosmos-framework/cosmos_framework/data/generator/joint_dataloader.py:831: UserWarning: Length of IterableDataset <cosmos_framework.data.generator.action.datasets.action_sft_dataset.ActionIterableShuffleDataset object at 0x7f4d88d00ad0> was reported to be 94(when accessing len(dataloader)), but 190 samples have been fetched. For multiprocessing data-loading, this could be caused by not properly configuring the IterableDataset replica at each worker. Please see https://pytorch.org/docs/stable/data.html#torch.utils.data.IterableDataset for examples.
  batch = next(self.dataloaders[index_id])
/disk/rl/psm_wma/cosmos-framework/cosmos_framework/data/generator/joint_dataloader.py:831: UserWarning: Length of IterableDataset <cosmos_framework.data.generator.action.datasets.action_sft_dataset.ActionIterableShuffleDataset object at 0x7f4d88d00ad0> was reported to be 94(when accessing len(dataloader)), but 191 samples have been fetched. For multiprocessing data-loading, this could be caused by not properly configuring the IterableDataset replica at each worker. Please see https://pytorch.org/docs/stable/data.html#torch.utils.data.IterableDataset for examples.
  batch = next(self.dataloaders[index_id])
/disk/rl/psm_wma/cosmos-framework/cosmos_framework/data/generator/joint_dataloader.py:831: UserWarning: Length of IterableDataset <cosmos_framework.data.generator.action.datasets.action_sft_dataset.ActionIterableShuffleDataset object at 0x7f4d88d00ad0> was reported to be 94(when accessing len(dataloader)), but 192 samples have been fetched. For multiprocessing data-loading, this could be caused by not properly configuring the IterableDataset replica at each worker. Please see https://pytorch.org/docs/stable/data.html#torch.utils.data.IterableDataset for examples.
  batch = next(self.dataloaders[index_id])
/disk/rl/psm_wma/cosmos-framework/cosmos_framework/data/generator/joint_dataloader.py:831: UserWarning: Length of IterableDataset <cosmos_framework.data.generator.action.datasets.action_sft_dataset.ActionIterableShuffleDataset object at 0x7f4d88d00ad0> was reported to be 94(when accessing len(dataloader)), but 193 samples have been fetched. For multiprocessing data-loading, this could be caused by not properly configuring the IterableDataset replica at each worker. Please see https://pytorch.org/docs/stable/data.html#torch.utils.data.IterableDataset for examples.
  batch = next(self.dataloaders[index_id])
/disk/rl/psm_wma/cosmos-framework/cosmos_framework/data/generator/joint_dataloader.py:831: UserWarning: Length of IterableDataset <cosmos_framework.data.generator.action.datasets.action_sft_dataset.ActionIterableShuffleDataset object at 0x7f4d88d00ad0> was reported to be 94(when accessing len(dataloader)), but 194 samples have been fetched. For multiprocessing data-loading, this could be caused by not properly configuring the IterableDataset replica at each worker. Please see https://pytorch.org/docs/stable/data.html#torch.utils.data.IterableDataset for examples.
  batch = next(self.dataloaders[index_id])
/disk/rl/psm_wma/cosmos-framework/cosmos_framework/data/generator/joint_dataloader.py:831: UserWarning: Length of IterableDataset <cosmos_framework.data.generator.action.datasets.action_sft_dataset.ActionIterableShuffleDataset object at 0x7f4d88d00ad0> was reported to be 94(when accessing len(dataloader)), but 195 samples have been fetched. For multiprocessing data-loading, this could be caused by not properly configuring the IterableDataset replica at each worker. Please see https://pytorch.org/docs/stable/data.html#torch.utils.data.IterableDataset for examples.
  batch = next(self.dataloaders[index_id])
/disk/rl/psm_wma/cosmos-framework/cosmos_framework/data/generator/joint_dataloader.py:831: UserWarning: Length of IterableDataset <cosmos_framework.data.generator.action.datasets.action_sft_dataset.ActionIterableShuffleDataset object at 0x7f4d88d00ad0> was reported to be 94(when accessing len(dataloader)), but 196 samples have been fetched. For multiprocessing data-loading, this could be caused by not properly configuring the IterableDataset replica at each worker. Please see https://pytorch.org/docs/stable/data.html#torch.utils.data.IterableDataset for examples.
  batch = next(self.dataloaders[index_id])
/disk/rl/psm_wma/cosmos-framework/cosmos_framework/data/generator/joint_dataloader.py:831: UserWarning: Length of IterableDataset <cosmos_framework.data.generator.action.datasets.action_sft_dataset.ActionIterableShuffleDataset object at 0x7f4d88d00ad0> was reported to be 94(when accessing len(dataloader)), but 197 samples have been fetched. For multiprocessing data-loading, this could be caused by not properly configuring the IterableDataset replica at each worker. Please see https://pytorch.org/docs/stable/data.html#torch.utils.data.IterableDataset for examples.
  batch = next(self.dataloaders[index_id])
/disk/rl/psm_wma/cosmos-framework/cosmos_framework/data/generator/joint_dataloader.py:831: UserWarning: Length of IterableDataset <cosmos_framework.data.generator.action.datasets.action_sft_dataset.ActionIterableShuffleDataset object at 0x7f4d88d00ad0> was reported to be 94(when accessing len(dataloader)), but 198 samples have been fetched. For multiprocessing data-loading, this could be caused by not properly configuring the IterableDataset replica at each worker. Please see https://pytorch.org/docs/stable/data.html#torch.utils.data.IterableDataset for examples.
  batch = next(self.dataloaders[index_id])
/disk/rl/psm_wma/cosmos-framework/cosmos_framework/data/generator/joint_dataloader.py:831: UserWarning: Length of IterableDataset <cosmos_framework.data.generator.action.datasets.action_sft_dataset.ActionIterableShuffleDataset object at 0x7f4d88d00ad0> was reported to be 94(when accessing len(dataloader)), but 199 samples have been fetched. For multiprocessing data-loading, this could be caused by not properly configuring the IterableDataset replica at each worker. Please see https://pytorch.org/docs/stable/data.html#torch.utils.data.IterableDataset for examples.
  batch = next(self.dataloaders[index_id])
/disk/rl/psm_wma/cosmos-framework/cosmos_framework/data/generator/joint_dataloader.py:831: UserWarning: Length of IterableDataset <cosmos_framework.data.generator.action.datasets.action_sft_dataset.ActionIterableShuffleDataset object at 0x7f4d88d00ad0> was reported to be 94(when accessing len(dataloader)), but 200 samples have been fetched. For multiprocessing data-loading, this could be caused by not properly configuring the IterableDataset replica at each worker. Please see https://pytorch.org/docs/stable/data.html#torch.utils.data.IterableDataset for examples.
  batch = next(self.dataloaders[index_id])
/disk/rl/psm_wma/cosmos-framework/cosmos_framework/data/generator/joint_dataloader.py:831: UserWarning: Length of IterableDataset <cosmos_framework.data.generator.action.datasets.action_sft_dataset.ActionIterableShuffleDataset object at 0x7f4d88d00ad0> was reported to be 94(when accessing len(dataloader)), but 201 samples have been fetched. For multiprocessing data-loading, this could be caused by not properly configuring the IterableDataset replica at each worker. Please see https://pytorch.org/docs/stable/data.html#torch.utils.data.IterableDataset for examples.
  batch = next(self.dataloaders[index_id])
/disk/rl/psm_wma/cosmos-framework/cosmos_framework/data/generator/joint_dataloader.py:831: UserWarning: Length of IterableDataset <cosmos_framework.data.generator.action.datasets.action_sft_dataset.ActionIterableShuffleDataset object at 0x7f4d88d00ad0> was reported to be 94(when accessing len(dataloader)), but 202 samples have been fetched. For multiprocessing data-loading, this could be caused by not properly configuring the IterableDataset replica at each worker. Please see https://pytorch.org/docs/stable/data.html#torch.utils.data.IterableDataset for examples.
  batch = next(self.dataloaders[index_id])
/disk/rl/psm_wma/cosmos-framework/cosmos_framework/data/generator/joint_dataloader.py:831: UserWarning: Length of IterableDataset <cosmos_framework.data.generator.action.datasets.action_sft_dataset.ActionIterableShuffleDataset object at 0x7f4d88d00ad0> was reported to be 94(when accessing len(dataloader)), but 203 samples have been fetched. For multiprocessing data-loading, this could be caused by not properly configuring the IterableDataset replica at each worker. Please see https://pytorch.org/docs/stable/data.html#torch.utils.data.IterableDataset for examples.
  batch = next(self.dataloaders[index_id])
/disk/rl/psm_wma/cosmos-framework/cosmos_framework/data/generator/joint_dataloader.py:831: UserWarning: Length of IterableDataset <cosmos_framework.data.generator.action.datasets.action_sft_dataset.ActionIterableShuffleDataset object at 0x7f4d88d00ad0> was reported to be 94(when accessing len(dataloader)), but 204 samples have been fetched. For multiprocessing data-loading, this could be caused by not properly configuring the IterableDataset replica at each worker. Please see https://pytorch.org/docs/stable/data.html#torch.utils.data.IterableDataset for examples.
  batch = next(self.dataloaders[index_id])
/disk/rl/psm_wma/cosmos-framework/cosmos_framework/data/generator/joint_dataloader.py:831: UserWarning: Length of IterableDataset <cosmos_framework.data.generator.action.datasets.action_sft_dataset.ActionIterableShuffleDataset object at 0x7f4d88d00ad0> was reported to be 94(when accessing len(dataloader)), but 205 samples have been fetched. For multiprocessing data-loading, this could be caused by not properly configuring the IterableDataset replica at each worker. Please see https://pytorch.org/docs/stable/data.html#torch.utils.data.IterableDataset for examples.
  batch = next(self.dataloaders[index_id])
/disk/rl/psm_wma/cosmos-framework/cosmos_framework/data/generator/joint_dataloader.py:831: UserWarning: Length of IterableDataset <cosmos_framework.data.generator.action.datasets.action_sft_dataset.ActionIterableShuffleDataset object at 0x7f4d88d00ad0> was reported to be 94(when accessing len(dataloader)), but 206 samples have been fetched. For multiprocessing data-loading, this could be caused by not properly configuring the IterableDataset replica at each worker. Please see https://pytorch.org/docs/stable/data.html#torch.utils.data.IterableDataset for examples.
  batch = next(self.dataloaders[index_id])
/disk/rl/psm_wma/cosmos-framework/cosmos_framework/data/generator/joint_dataloader.py:831: UserWarning: Length of IterableDataset <cosmos_framework.data.generator.action.datasets.action_sft_dataset.ActionIterableShuffleDataset object at 0x7f4d88d00ad0> was reported to be 94(when accessing len(dataloader)), but 207 samples have been fetched. For multiprocessing data-loading, this could be caused by not properly configuring the IterableDataset replica at each worker. Please see https://pytorch.org/docs/stable/data.html#torch.utils.data.IterableDataset for examples.
  batch = next(self.dataloaders[index_id])
/disk/rl/psm_wma/cosmos-framework/cosmos_framework/data/generator/joint_dataloader.py:831: UserWarning: Length of IterableDataset <cosmos_framework.data.generator.action.datasets.action_sft_dataset.ActionIterableShuffleDataset object at 0x7f4d88d00ad0> was reported to be 94(when accessing len(dataloader)), but 208 samples have been fetched. For multiprocessing data-loading, this could be caused by not properly configuring the IterableDataset replica at each worker. Please see https://pytorch.org/docs/stable/data.html#torch.utils.data.IterableDataset for examples.
  batch = next(self.dataloaders[index_id])
/disk/rl/psm_wma/cosmos-framework/cosmos_framework/data/generator/joint_dataloader.py:831: UserWarning: Length of IterableDataset <cosmos_framework.data.generator.action.datasets.action_sft_dataset.ActionIterableShuffleDataset object at 0x7f4d88d00ad0> was reported to be 94(when accessing len(dataloader)), but 209 samples have been fetched. For multiprocessing data-loading, this could be caused by not properly configuring the IterableDataset replica at each worker. Please see https://pytorch.org/docs/stable/data.html#torch.utils.data.IterableDataset for examples.
  batch = next(self.dataloaders[index_id])
/disk/rl/psm_wma/cosmos-framework/cosmos_framework/data/generator/joint_dataloader.py:831: UserWarning: Length of IterableDataset <cosmos_framework.data.generator.action.datasets.action_sft_dataset.ActionIterableShuffleDataset object at 0x7f4d88d00ad0> was reported to be 94(when accessing len(dataloader)), but 210 samples have been fetched. For multiprocessing data-loading, this could be caused by not properly configuring the IterableDataset replica at each worker. Please see https://pytorch.org/docs/stable/data.html#torch.utils.data.IterableDataset for examples.
  batch = next(self.dataloaders[index_id])
/disk/rl/psm_wma/cosmos-framework/cosmos_framework/data/generator/joint_dataloader.py:831: UserWarning: Length of IterableDataset <cosmos_framework.data.generator.action.datasets.action_sft_dataset.ActionIterableShuffleDataset object at 0x7f4d88d00ad0> was reported to be 94(when accessing len(dataloader)), but 211 samples have been fetched. For multiprocessing data-loading, this could be caused by not properly configuring the IterableDataset replica at each worker. Please see https://pytorch.org/docs/stable/data.html#torch.utils.data.IterableDataset for examples.
  batch = next(self.dataloaders[index_id])
/disk/rl/psm_wma/cosmos-framework/cosmos_framework/data/generator/joint_dataloader.py:831: UserWarning: Length of IterableDataset <cosmos_framework.data.generator.action.datasets.action_sft_dataset.ActionIterableShuffleDataset object at 0x7f4d88d00ad0> was reported to be 94(when accessing len(dataloader)), but 212 samples have been fetched. For multiprocessing data-loading, this could be caused by not properly configuring the IterableDataset replica at each worker. Please see https://pytorch.org/docs/stable/data.html#torch.utils.data.IterableDataset for examples.
  batch = next(self.dataloaders[index_id])
/disk/rl/psm_wma/cosmos-framework/cosmos_framework/data/generator/joint_dataloader.py:831: UserWarning: Length of IterableDataset <cosmos_framework.data.generator.action.datasets.action_sft_dataset.ActionIterableShuffleDataset object at 0x7f4d88d00ad0> was reported to be 94(when accessing len(dataloader)), but 213 samples have been fetched. For multiprocessing data-loading, this could be caused by not properly configuring the IterableDataset replica at each worker. Please see https://pytorch.org/docs/stable/data.html#torch.utils.data.IterableDataset for examples.
  batch = next(self.dataloaders[index_id])
/disk/rl/psm_wma/cosmos-framework/cosmos_framework/data/generator/joint_dataloader.py:831: UserWarning: Length of IterableDataset <cosmos_framework.data.generator.action.datasets.action_sft_dataset.ActionIterableShuffleDataset object at 0x7f4d88d00ad0> was reported to be 94(when accessing len(dataloader)), but 214 samples have been fetched. For multiprocessing data-loading, this could be caused by not properly configuring the IterableDataset replica at each worker. Please see https://pytorch.org/docs/stable/data.html#torch.utils.data.IterableDataset for examples.
  batch = next(self.dataloaders[index_id])
/disk/rl/psm_wma/cosmos-framework/cosmos_framework/data/generator/joint_dataloader.py:831: UserWarning: Length of IterableDataset <cosmos_framework.data.generator.action.datasets.action_sft_dataset.ActionIterableShuffleDataset object at 0x7f4d88d00ad0> was reported to be 94(when accessing len(dataloader)), but 215 samples have been fetched. For multiprocessing data-loading, this could be caused by not properly configuring the IterableDataset replica at each worker. Please see https://pytorch.org/docs/stable/data.html#torch.utils.data.IterableDataset for examples.
  batch = next(self.dataloaders[index_id])
/disk/rl/psm_wma/cosmos-framework/cosmos_framework/data/generator/joint_dataloader.py:831: UserWarning: Length of IterableDataset <cosmos_framework.data.generator.action.datasets.action_sft_dataset.ActionIterableShuffleDataset object at 0x7f4d88d00ad0> was reported to be 94(when accessing len(dataloader)), but 216 samples have been fetched. For multiprocessing data-loading, this could be caused by not properly configuring the IterableDataset replica at each worker. Please see https://pytorch.org/docs/stable/data.html#torch.utils.data.IterableDataset for examples.
  batch = next(self.dataloaders[index_id])
/disk/rl/psm_wma/cosmos-framework/cosmos_framework/data/generator/joint_dataloader.py:831: UserWarning: Length of IterableDataset <cosmos_framework.data.generator.action.datasets.action_sft_dataset.ActionIterableShuffleDataset object at 0x7f4d88d00ad0> was reported to be 94(when accessing len(dataloader)), but 217 samples have been fetched. For multiprocessing data-loading, this could be caused by not properly configuring the IterableDataset replica at each worker. Please see https://pytorch.org/docs/stable/data.html#torch.utils.data.IterableDataset for examples.
  batch = next(self.dataloaders[index_id])
/disk/rl/psm_wma/cosmos-framework/cosmos_framework/data/generator/joint_dataloader.py:831: UserWarning: Length of IterableDataset <cosmos_framework.data.generator.action.datasets.action_sft_dataset.ActionIterableShuffleDataset object at 0x7f4d88d00ad0> was reported to be 94(when accessing len(dataloader)), but 218 samples have been fetched. For multiprocessing data-loading, this could be caused by not properly configuring the IterableDataset replica at each worker. Please see https://pytorch.org/docs/stable/data.html#torch.utils.data.IterableDataset for examples.
  batch = next(self.dataloaders[index_id])
/disk/rl/psm_wma/cosmos-framework/cosmos_framework/data/generator/joint_dataloader.py:831: UserWarning: Length of IterableDataset <cosmos_framework.data.generator.action.datasets.action_sft_dataset.ActionIterableShuffleDataset object at 0x7f4d88d00ad0> was reported to be 94(when accessing len(dataloader)), but 219 samples have been fetched. For multiprocessing data-loading, this could be caused by not properly configuring the IterableDataset replica at each worker. Please see https://pytorch.org/docs/stable/data.html#torch.utils.data.IterableDataset for examples.
  batch = next(self.dataloaders[index_id])
/disk/rl/psm_wma/cosmos-framework/cosmos_framework/data/generator/joint_dataloader.py:831: UserWarning: Length of IterableDataset <cosmos_framework.data.generator.action.datasets.action_sft_dataset.ActionIterableShuffleDataset object at 0x7f4d88d00ad0> was reported to be 94(when accessing len(dataloader)), but 220 samples have been fetched. For multiprocessing data-loading, this could be caused by not properly configuring the IterableDataset replica at each worker. Please see https://pytorch.org/docs/stable/data.html#torch.utils.data.IterableDataset for examples.
  batch = next(self.dataloaders[index_id])
/disk/rl/psm_wma/cosmos-framework/cosmos_framework/data/generator/joint_dataloader.py:831: UserWarning: Length of IterableDataset <cosmos_framework.data.generator.action.datasets.action_sft_dataset.ActionIterableShuffleDataset object at 0x7f4d88d00ad0> was reported to be 94(when accessing len(dataloader)), but 221 samples have been fetched. For multiprocessing data-loading, this could be caused by not properly configuring the IterableDataset replica at each worker. Please see https://pytorch.org/docs/stable/data.html#torch.utils.data.IterableDataset for examples.
  batch = next(self.dataloaders[index_id])
/disk/rl/psm_wma/cosmos-framework/cosmos_framework/data/generator/joint_dataloader.py:831: UserWarning: Length of IterableDataset <cosmos_framework.data.generator.action.datasets.action_sft_dataset.ActionIterableShuffleDataset object at 0x7f4d88d00ad0> was reported to be 94(when accessing len(dataloader)), but 222 samples have been fetched. For multiprocessing data-loading, this could be caused by not properly configuring the IterableDataset replica at each worker. Please see https://pytorch.org/docs/stable/data.html#torch.utils.data.IterableDataset for examples.
  batch = next(self.dataloaders[index_id])
/disk/rl/psm_wma/cosmos-framework/cosmos_framework/data/generator/joint_dataloader.py:831: UserWarning: Length of IterableDataset <cosmos_framework.data.generator.action.datasets.action_sft_dataset.ActionIterableShuffleDataset object at 0x7f4d88d00ad0> was reported to be 94(when accessing len(dataloader)), but 223 samples have been fetched. For multiprocessing data-loading, this could be caused by not properly configuring the IterableDataset replica at each worker. Please see https://pytorch.org/docs/stable/data.html#torch.utils.data.IterableDataset for examples.
  batch = next(self.dataloaders[index_id])
/disk/rl/psm_wma/cosmos-framework/cosmos_framework/data/generator/joint_dataloader.py:831: UserWarning: Length of IterableDataset <cosmos_framework.data.generator.action.datasets.action_sft_dataset.ActionIterableShuffleDataset object at 0x7f4d88d00ad0> was reported to be 94(when accessing len(dataloader)), but 224 samples have been fetched. For multiprocessing data-loading, this could be caused by not properly configuring the IterableDataset replica at each worker. Please see https://pytorch.org/docs/stable/data.html#torch.utils.data.IterableDataset for examples.
  batch = next(self.dataloaders[index_id])
/disk/rl/psm_wma/cosmos-framework/cosmos_framework/data/generator/joint_dataloader.py:831: UserWarning: Length of IterableDataset <cosmos_framework.data.generator.action.datasets.action_sft_dataset.ActionIterableShuffleDataset object at 0x7f4d88d00ad0> was reported to be 94(when accessing len(dataloader)), but 225 samples have been fetched. For multiprocessing data-loading, this could be caused by not properly configuring the IterableDataset replica at each worker. Please see https://pytorch.org/docs/stable/data.html#torch.utils.data.IterableDataset for examples.
  batch = next(self.dataloaders[index_id])
/disk/rl/psm_wma/cosmos-framework/cosmos_framework/data/generator/joint_dataloader.py:831: UserWarning: Length of IterableDataset <cosmos_framework.data.generator.action.datasets.action_sft_dataset.ActionIterableShuffleDataset object at 0x7f4d88d00ad0> was reported to be 94(when accessing len(dataloader)), but 226 samples have been fetched. For multiprocessing data-loading, this could be caused by not properly configuring the IterableDataset replica at each worker. Please see https://pytorch.org/docs/stable/data.html#torch.utils.data.IterableDataset for examples.
  batch = next(self.dataloaders[index_id])
/disk/rl/psm_wma/cosmos-framework/cosmos_framework/data/generator/joint_dataloader.py:831: UserWarning: Length of IterableDataset <cosmos_framework.data.generator.action.datasets.action_sft_dataset.ActionIterableShuffleDataset object at 0x7f4d88d00ad0> was reported to be 94(when accessing len(dataloader)), but 227 samples have been fetched. For multiprocessing data-loading, this could be caused by not properly configuring the IterableDataset replica at each worker. Please see https://pytorch.org/docs/stable/data.html#torch.utils.data.IterableDataset for examples.
  batch = next(self.dataloaders[index_id])
/disk/rl/psm_wma/cosmos-framework/cosmos_framework/data/generator/joint_dataloader.py:831: UserWarning: Length of IterableDataset <cosmos_framework.data.generator.action.datasets.action_sft_dataset.ActionIterableShuffleDataset object at 0x7f4d88d00ad0> was reported to be 94(when accessing len(dataloader)), but 228 samples have been fetched. For multiprocessing data-loading, this could be caused by not properly configuring the IterableDataset replica at each worker. Please see https://pytorch.org/docs/stable/data.html#torch.utils.data.IterableDataset for examples.
  batch = next(self.dataloaders[index_id])
/disk/rl/psm_wma/cosmos-framework/cosmos_framework/data/generator/joint_dataloader.py:831: UserWarning: Length of IterableDataset <cosmos_framework.data.generator.action.datasets.action_sft_dataset.ActionIterableShuffleDataset object at 0x7f4d88d00ad0> was reported to be 94(when accessing len(dataloader)), but 229 samples have been fetched. For multiprocessing data-loading, this could be caused by not properly configuring the IterableDataset replica at each worker. Please see https://pytorch.org/docs/stable/data.html#torch.utils.data.IterableDataset for examples.
  batch = next(self.dataloaders[index_id])
/disk/rl/psm_wma/cosmos-framework/cosmos_framework/data/generator/joint_dataloader.py:831: UserWarning: Length of IterableDataset <cosmos_framework.data.generator.action.datasets.action_sft_dataset.ActionIterableShuffleDataset object at 0x7f4d88d00ad0> was reported to be 94(when accessing len(dataloader)), but 230 samples have been fetched. For multiprocessing data-loading, this could be caused by not properly configuring the IterableDataset replica at each worker. Please see https://pytorch.org/docs/stable/data.html#torch.utils.data.IterableDataset for examples.
  batch = next(self.dataloaders[index_id])
/disk/rl/psm_wma/cosmos-framework/cosmos_framework/data/generator/joint_dataloader.py:831: UserWarning: Length of IterableDataset <cosmos_framework.data.generator.action.datasets.action_sft_dataset.ActionIterableShuffleDataset object at 0x7f4d88d00ad0> was reported to be 94(when accessing len(dataloader)), but 231 samples have been fetched. For multiprocessing data-loading, this could be caused by not properly configuring the IterableDataset replica at each worker. Please see https://pytorch.org/docs/stable/data.html#torch.utils.data.IterableDataset for examples.
  batch = next(self.dataloaders[index_id])
/disk/rl/psm_wma/cosmos-framework/cosmos_framework/data/generator/joint_dataloader.py:831: UserWarning: Length of IterableDataset <cosmos_framework.data.generator.action.datasets.action_sft_dataset.ActionIterableShuffleDataset object at 0x7f4d88d00ad0> was reported to be 94(when accessing len(dataloader)), but 232 samples have been fetched. For multiprocessing data-loading, this could be caused by not properly configuring the IterableDataset replica at each worker. Please see https://pytorch.org/docs/stable/data.html#torch.utils.data.IterableDataset for examples.
  batch = next(self.dataloaders[index_id])
/disk/rl/psm_wma/cosmos-framework/cosmos_framework/data/generator/joint_dataloader.py:831: UserWarning: Length of IterableDataset <cosmos_framework.data.generator.action.datasets.action_sft_dataset.ActionIterableShuffleDataset object at 0x7f4d88d00ad0> was reported to be 94(when accessing len(dataloader)), but 233 samples have been fetched. For multiprocessing data-loading, this could be caused by not properly configuring the IterableDataset replica at each worker. Please see https://pytorch.org/docs/stable/data.html#torch.utils.data.IterableDataset for examples.
  batch = next(self.dataloaders[index_id])
/disk/rl/psm_wma/cosmos-framework/cosmos_framework/data/generator/joint_dataloader.py:831: UserWarning: Length of IterableDataset <cosmos_framework.data.generator.action.datasets.action_sft_dataset.ActionIterableShuffleDataset object at 0x7f4d88d00ad0> was reported to be 94(when accessing len(dataloader)), but 234 samples have been fetched. For multiprocessing data-loading, this could be caused by not properly configuring the IterableDataset replica at each worker. Please see https://pytorch.org/docs/stable/data.html#torch.utils.data.IterableDataset for examples.
  batch = next(self.dataloaders[index_id])
/disk/rl/psm_wma/cosmos-framework/cosmos_framework/data/generator/joint_dataloader.py:831: UserWarning: Length of IterableDataset <cosmos_framework.data.generator.action.datasets.action_sft_dataset.ActionIterableShuffleDataset object at 0x7f4d88d00ad0> was reported to be 94(when accessing len(dataloader)), but 235 samples have been fetched. For multiprocessing data-loading, this could be caused by not properly configuring the IterableDataset replica at each worker. Please see https://pytorch.org/docs/stable/data.html#torch.utils.data.IterableDataset for examples.
  batch = next(self.dataloaders[index_id])
/disk/rl/psm_wma/cosmos-framework/cosmos_framework/data/generator/joint_dataloader.py:831: UserWarning: Length of IterableDataset <cosmos_framework.data.generator.action.datasets.action_sft_dataset.ActionIterableShuffleDataset object at 0x7f4d88d00ad0> was reported to be 94(when accessing len(dataloader)), but 236 samples have been fetched. For multiprocessing data-loading, this could be caused by not properly configuring the IterableDataset replica at each worker. Please see https://pytorch.org/docs/stable/data.html#torch.utils.data.IterableDataset for examples.
  batch = next(self.dataloaders[index_id])
/disk/rl/psm_wma/cosmos-framework/cosmos_framework/data/generator/joint_dataloader.py:831: UserWarning: Length of IterableDataset <cosmos_framework.data.generator.action.datasets.action_sft_dataset.ActionIterableShuffleDataset object at 0x7f4d88d00ad0> was reported to be 94(when accessing len(dataloader)), but 237 samples have been fetched. For multiprocessing data-loading, this could be caused by not properly configuring the IterableDataset replica at each worker. Please see https://pytorch.org/docs/stable/data.html#torch.utils.data.IterableDataset for examples.
  batch = next(self.dataloaders[index_id])
/disk/rl/psm_wma/cosmos-framework/cosmos_framework/data/generator/joint_dataloader.py:831: UserWarning: Length of IterableDataset <cosmos_framework.data.generator.action.datasets.action_sft_dataset.ActionIterableShuffleDataset object at 0x7f4d88d00ad0> was reported to be 94(when accessing len(dataloader)), but 238 samples have been fetched. For multiprocessing data-loading, this could be caused by not properly configuring the IterableDataset replica at each worker. Please see https://pytorch.org/docs/stable/data.html#torch.utils.data.IterableDataset for examples.
  batch = next(self.dataloaders[index_id])
/disk/rl/psm_wma/cosmos-framework/cosmos_framework/data/generator/joint_dataloader.py:831: UserWarning: Length of IterableDataset <cosmos_framework.data.generator.action.datasets.action_sft_dataset.ActionIterableShuffleDataset object at 0x7f4d88d00ad0> was reported to be 94(when accessing len(dataloader)), but 239 samples have been fetched. For multiprocessing data-loading, this could be caused by not properly configuring the IterableDataset replica at each worker. Please see https://pytorch.org/docs/stable/data.html#torch.utils.data.IterableDataset for examples.
  batch = next(self.dataloaders[index_id])
/disk/rl/psm_wma/cosmos-framework/cosmos_framework/data/generator/joint_dataloader.py:831: UserWarning: Length of IterableDataset <cosmos_framework.data.generator.action.datasets.action_sft_dataset.ActionIterableShuffleDataset object at 0x7f4d88d00ad0> was reported to be 94(when accessing len(dataloader)), but 240 samples have been fetched. For multiprocessing data-loading, this could be caused by not properly configuring the IterableDataset replica at each worker. Please see https://pytorch.org/docs/stable/data.html#torch.utils.data.IterableDataset for examples.
  batch = next(self.dataloaders[index_id])
/disk/rl/psm_wma/cosmos-framework/cosmos_framework/data/generator/joint_dataloader.py:831: UserWarning: Length of IterableDataset <cosmos_framework.data.generator.action.datasets.action_sft_dataset.ActionIterableShuffleDataset object at 0x7f4d88d00ad0> was reported to be 94(when accessing len(dataloader)), but 241 samples have been fetched. For multiprocessing data-loading, this could be caused by not properly configuring the IterableDataset replica at each worker. Please see https://pytorch.org/docs/stable/data.html#torch.utils.data.IterableDataset for examples.
  batch = next(self.dataloaders[index_id])
/disk/rl/psm_wma/cosmos-framework/cosmos_framework/data/generator/joint_dataloader.py:831: UserWarning: Length of IterableDataset <cosmos_framework.data.generator.action.datasets.action_sft_dataset.ActionIterableShuffleDataset object at 0x7f4d88d00ad0> was reported to be 94(when accessing len(dataloader)), but 242 samples have been fetched. For multiprocessing data-loading, this could be caused by not properly configuring the IterableDataset replica at each worker. Please see https://pytorch.org/docs/stable/data.html#torch.utils.data.IterableDataset for examples.
  batch = next(self.dataloaders[index_id])
/disk/rl/psm_wma/cosmos-framework/cosmos_framework/data/generator/joint_dataloader.py:831: UserWarning: Length of IterableDataset <cosmos_framework.data.generator.action.datasets.action_sft_dataset.ActionIterableShuffleDataset object at 0x7f4d88d00ad0> was reported to be 94(when accessing len(dataloader)), but 243 samples have been fetched. For multiprocessing data-loading, this could be caused by not properly configuring the IterableDataset replica at each worker. Please see https://pytorch.org/docs/stable/data.html#torch.utils.data.IterableDataset for examples.
  batch = next(self.dataloaders[index_id])
/disk/rl/psm_wma/cosmos-framework/cosmos_framework/data/generator/joint_dataloader.py:831: UserWarning: Length of IterableDataset <cosmos_framework.data.generator.action.datasets.action_sft_dataset.ActionIterableShuffleDataset object at 0x7f4d88d00ad0> was reported to be 94(when accessing len(dataloader)), but 244 samples have been fetched. For multiprocessing data-loading, this could be caused by not properly configuring the IterableDataset replica at each worker. Please see https://pytorch.org/docs/stable/data.html#torch.utils.data.IterableDataset for examples.
  batch = next(self.dataloaders[index_id])
/disk/rl/psm_wma/cosmos-framework/cosmos_framework/data/generator/joint_dataloader.py:831: UserWarning: Length of IterableDataset <cosmos_framework.data.generator.action.datasets.action_sft_dataset.ActionIterableShuffleDataset object at 0x7f4d88d00ad0> was reported to be 94(when accessing len(dataloader)), but 245 samples have been fetched. For multiprocessing data-loading, this could be caused by not properly configuring the IterableDataset replica at each worker. Please see https://pytorch.org/docs/stable/data.html#torch.utils.data.IterableDataset for examples.
  batch = next(self.dataloaders[index_id])
/disk/rl/psm_wma/cosmos-framework/cosmos_framework/data/generator/joint_dataloader.py:831: UserWarning: Length of IterableDataset <cosmos_framework.data.generator.action.datasets.action_sft_dataset.ActionIterableShuffleDataset object at 0x7f4d88d00ad0> was reported to be 94(when accessing len(dataloader)), but 246 samples have been fetched. For multiprocessing data-loading, this could be caused by not properly configuring the IterableDataset replica at each worker. Please see https://pytorch.org/docs/stable/data.html#torch.utils.data.IterableDataset for examples.
  batch = next(self.dataloaders[index_id])
/disk/rl/psm_wma/cosmos-framework/cosmos_framework/data/generator/joint_dataloader.py:831: UserWarning: Length of IterableDataset <cosmos_framework.data.generator.action.datasets.action_sft_dataset.ActionIterableShuffleDataset object at 0x7f4d88d00ad0> was reported to be 94(when accessing len(dataloader)), but 247 samples have been fetched. For multiprocessing data-loading, this could be caused by not properly configuring the IterableDataset replica at each worker. Please see https://pytorch.org/docs/stable/data.html#torch.utils.data.IterableDataset for examples.
  batch = next(self.dataloaders[index_id])
/disk/rl/psm_wma/cosmos-framework/cosmos_framework/data/generator/joint_dataloader.py:831: UserWarning: Length of IterableDataset <cosmos_framework.data.generator.action.datasets.action_sft_dataset.ActionIterableShuffleDataset object at 0x7f4d88d00ad0> was reported to be 94(when accessing len(dataloader)), but 248 samples have been fetched. For multiprocessing data-loading, this could be caused by not properly configuring the IterableDataset replica at each worker. Please see https://pytorch.org/docs/stable/data.html#torch.utils.data.IterableDataset for examples.
  batch = next(self.dataloaders[index_id])
/disk/rl/psm_wma/cosmos-framework/cosmos_framework/data/generator/joint_dataloader.py:831: UserWarning: Length of IterableDataset <cosmos_framework.data.generator.action.datasets.action_sft_dataset.ActionIterableShuffleDataset object at 0x7f4d88d00ad0> was reported to be 94(when accessing len(dataloader)), but 249 samples have been fetched. For multiprocessing data-loading, this could be caused by not properly configuring the IterableDataset replica at each worker. Please see https://pytorch.org/docs/stable/data.html#torch.utils.data.IterableDataset for examples.
  batch = next(self.dataloaders[index_id])
/disk/rl/psm_wma/cosmos-framework/cosmos_framework/data/generator/joint_dataloader.py:831: UserWarning: Length of IterableDataset <cosmos_framework.data.generator.action.datasets.action_sft_dataset.ActionIterableShuffleDataset object at 0x7f4d88d00ad0> was reported to be 94(when accessing len(dataloader)), but 250 samples have been fetched. For multiprocessing data-loading, this could be caused by not properly configuring the IterableDataset replica at each worker. Please see https://pytorch.org/docs/stable/data.html#torch.utils.data.IterableDataset for examples.
  batch = next(self.dataloaders[index_id])
/disk/rl/psm_wma/cosmos-framework/cosmos_framework/data/generator/joint_dataloader.py:831: UserWarning: Length of IterableDataset <cosmos_framework.data.generator.action.datasets.action_sft_dataset.ActionIterableShuffleDataset object at 0x7f4d88d00ad0> was reported to be 94(when accessing len(dataloader)), but 251 samples have been fetched. For multiprocessing data-loading, this could be caused by not properly configuring the IterableDataset replica at each worker. Please see https://pytorch.org/docs/stable/data.html#torch.utils.data.IterableDataset for examples.
  batch = next(self.dataloaders[index_id])
/disk/rl/psm_wma/cosmos-framework/cosmos_framework/data/generator/joint_dataloader.py:831: UserWarning: Length of IterableDataset <cosmos_framework.data.generator.action.datasets.action_sft_dataset.ActionIterableShuffleDataset object at 0x7f4d88d00ad0> was reported to be 94(when accessing len(dataloader)), but 252 samples have been fetched. For multiprocessing data-loading, this could be caused by not properly configuring the IterableDataset replica at each worker. Please see https://pytorch.org/docs/stable/data.html#torch.utils.data.IterableDataset for examples.
  batch = next(self.dataloaders[index_id])
/disk/rl/psm_wma/cosmos-framework/cosmos_framework/data/generator/joint_dataloader.py:831: UserWarning: Length of IterableDataset <cosmos_framework.data.generator.action.datasets.action_sft_dataset.ActionIterableShuffleDataset object at 0x7f4d88d00ad0> was reported to be 94(when accessing len(dataloader)), but 253 samples have been fetched. For multiprocessing data-loading, this could be caused by not properly configuring the IterableDataset replica at each worker. Please see https://pytorch.org/docs/stable/data.html#torch.utils.data.IterableDataset for examples.
  batch = next(self.dataloaders[index_id])
/disk/rl/psm_wma/cosmos-framework/cosmos_framework/data/generator/joint_dataloader.py:831: UserWarning: Length of IterableDataset <cosmos_framework.data.generator.action.datasets.action_sft_dataset.ActionIterableShuffleDataset object at 0x7f4d88d00ad0> was reported to be 94(when accessing len(dataloader)), but 254 samples have been fetched. For multiprocessing data-loading, this could be caused by not properly configuring the IterableDataset replica at each worker. Please see https://pytorch.org/docs/stable/data.html#torch.utils.data.IterableDataset for examples.
  batch = next(self.dataloaders[index_id])
/disk/rl/psm_wma/cosmos-framework/cosmos_framework/data/generator/joint_dataloader.py:831: UserWarning: Length of IterableDataset <cosmos_framework.data.generator.action.datasets.action_sft_dataset.ActionIterableShuffleDataset object at 0x7f4d88d00ad0> was reported to be 94(when accessing len(dataloader)), but 255 samples have been fetched. For multiprocessing data-loading, this could be caused by not properly configuring the IterableDataset replica at each worker. Please see https://pytorch.org/docs/stable/data.html#torch.utils.data.IterableDataset for examples.
  batch = next(self.dataloaders[index_id])
/disk/rl/psm_wma/cosmos-framework/cosmos_framework/data/generator/joint_dataloader.py:831: UserWarning: Length of IterableDataset <cosmos_framework.data.generator.action.datasets.action_sft_dataset.ActionIterableShuffleDataset object at 0x7f4d88d00ad0> was reported to be 94(when accessing len(dataloader)), but 256 samples have been fetched. For multiprocessing data-loading, this could be caused by not properly configuring the IterableDataset replica at each worker. Please see https://pytorch.org/docs/stable/data.html#torch.utils.data.IterableDataset for examples.
  batch = next(self.dataloaders[index_id])
/disk/rl/psm_wma/cosmos-framework/cosmos_framework/data/generator/joint_dataloader.py:831: UserWarning: Length of IterableDataset <cosmos_framework.data.generator.action.datasets.action_sft_dataset.ActionIterableShuffleDataset object at 0x7f4d88cfde50> was reported to be 127(when accessing len(dataloader)), but 129 samples have been fetched. For multiprocessing data-loading, this could be caused by not properly configuring the IterableDataset replica at each worker. Please see https://pytorch.org/docs/stable/data.html#torch.utils.data.IterableDataset for examples.
  batch = next(self.dataloaders[index_id])
/disk/rl/psm_wma/cosmos-framework/cosmos_framework/data/generator/joint_dataloader.py:831: UserWarning: Length of IterableDataset <cosmos_framework.data.generator.action.datasets.action_sft_dataset.ActionIterableShuffleDataset object at 0x7f4d88cfde50> was reported to be 127(when accessing len(dataloader)), but 130 samples have been fetched. For multiprocessing data-loading, this could be caused by not properly configuring the IterableDataset replica at each worker. Please see https://pytorch.org/docs/stable/data.html#torch.utils.data.IterableDataset for examples.
  batch = next(self.dataloaders[index_id])
/disk/rl/psm_wma/cosmos-framework/cosmos_framework/data/generator/joint_dataloader.py:831: UserWarning: Length of IterableDataset <cosmos_framework.data.generator.action.datasets.action_sft_dataset.ActionIterableShuffleDataset object at 0x7f4d88cfde50> was reported to be 127(when accessing len(dataloader)), but 131 samples have been fetched. For multiprocessing data-loading, this could be caused by not properly configuring the IterableDataset replica at each worker. Please see https://pytorch.org/docs/stable/data.html#torch.utils.data.IterableDataset for examples.
  batch = next(self.dataloaders[index_id])
/disk/rl/psm_wma/cosmos-framework/cosmos_framework/data/generator/joint_dataloader.py:831: UserWarning: Length of IterableDataset <cosmos_framework.data.generator.action.datasets.action_sft_dataset.ActionIterableShuffleDataset object at 0x7f4d88cfde50> was reported to be 127(when accessing len(dataloader)), but 132 samples have been fetched. For multiprocessing data-loading, this could be caused by not properly configuring the IterableDataset replica at each worker. Please see https://pytorch.org/docs/stable/data.html#torch.utils.data.IterableDataset for examples.
  batch = next(self.dataloaders[index_id])
/disk/rl/psm_wma/cosmos-framework/cosmos_framework/data/generator/joint_dataloader.py:831: UserWarning: Length of IterableDataset <cosmos_framework.data.generator.action.datasets.action_sft_dataset.ActionIterableShuffleDataset object at 0x7f4d88cfde50> was reported to be 127(when accessing len(dataloader)), but 133 samples have been fetched. For multiprocessing data-loading, this could be caused by not properly configuring the IterableDataset replica at each worker. Please see https://pytorch.org/docs/stable/data.html#torch.utils.data.IterableDataset for examples.
  batch = next(self.dataloaders[index_id])
/disk/rl/psm_wma/cosmos-framework/cosmos_framework/data/generator/joint_dataloader.py:831: UserWarning: Length of IterableDataset <cosmos_framework.data.generator.action.datasets.action_sft_dataset.ActionIterableShuffleDataset object at 0x7f4d88cfde50> was reported to be 127(when accessing len(dataloader)), but 134 samples have been fetched. For multiprocessing data-loading, this could be caused by not properly configuring the IterableDataset replica at each worker. Please see https://pytorch.org/docs/stable/data.html#torch.utils.data.IterableDataset for examples.
  batch = next(self.dataloaders[index_id])
/disk/rl/psm_wma/cosmos-framework/cosmos_framework/data/generator/joint_dataloader.py:831: UserWarning: Length of IterableDataset <cosmos_framework.data.generator.action.datasets.action_sft_dataset.ActionIterableShuffleDataset object at 0x7f4d88cfde50> was reported to be 127(when accessing len(dataloader)), but 135 samples have been fetched. For multiprocessing data-loading, this could be caused by not properly configuring the IterableDataset replica at each worker. Please see https://pytorch.org/docs/stable/data.html#torch.utils.data.IterableDataset for examples.
  batch = next(self.dataloaders[index_id])
/disk/rl/psm_wma/cosmos-framework/cosmos_framework/data/generator/joint_dataloader.py:831: UserWarning: Length of IterableDataset <cosmos_framework.data.generator.action.datasets.action_sft_dataset.ActionIterableShuffleDataset object at 0x7f4d88cfde50> was reported to be 127(when accessing len(dataloader)), but 136 samples have been fetched. For multiprocessing data-loading, this could be caused by not properly configuring the IterableDataset replica at each worker. Please see https://pytorch.org/docs/stable/data.html#torch.utils.data.IterableDataset for examples.
  batch = next(self.dataloaders[index_id])
/disk/rl/psm_wma/cosmos-framework/cosmos_framework/data/generator/joint_dataloader.py:831: UserWarning: Length of IterableDataset <cosmos_framework.data.generator.action.datasets.action_sft_dataset.ActionIterableShuffleDataset object at 0x7f4d88cfde50> was reported to be 127(when accessing len(dataloader)), but 137 samples have been fetched. For multiprocessing data-loading, this could be caused by not properly configuring the IterableDataset replica at each worker. Please see https://pytorch.org/docs/stable/data.html#torch.utils.data.IterableDataset for examples.
  batch = next(self.dataloaders[index_id])
/disk/rl/psm_wma/cosmos-framework/cosmos_framework/data/generator/joint_dataloader.py:831: UserWarning: Length of IterableDataset <cosmos_framework.data.generator.action.datasets.action_sft_dataset.ActionIterableShuffleDataset object at 0x7f4d88cfde50> was reported to be 127(when accessing len(dataloader)), but 138 samples have been fetched. For multiprocessing data-loading, this could be caused by not properly configuring the IterableDataset replica at each worker. Please see https://pytorch.org/docs/stable/data.html#torch.utils.data.IterableDataset for examples.
  batch = next(self.dataloaders[index_id])
/disk/rl/psm_wma/cosmos-framework/cosmos_framework/data/generator/joint_dataloader.py:831: UserWarning: Length of IterableDataset <cosmos_framework.data.generator.action.datasets.action_sft_dataset.ActionIterableShuffleDataset object at 0x7f4d88cfde50> was reported to be 127(when accessing len(dataloader)), but 139 samples have been fetched. For multiprocessing data-loading, this could be caused by not properly configuring the IterableDataset replica at each worker. Please see https://pytorch.org/docs/stable/data.html#torch.utils.data.IterableDataset for examples.
  batch = next(self.dataloaders[index_id])
/disk/rl/psm_wma/cosmos-framework/cosmos_framework/data/generator/joint_dataloader.py:831: UserWarning: Length of IterableDataset <cosmos_framework.data.generator.action.datasets.action_sft_dataset.ActionIterableShuffleDataset object at 0x7f4d88cfde50> was reported to be 127(when accessing len(dataloader)), but 140 samples have been fetched. For multiprocessing data-loading, this could be caused by not properly configuring the IterableDataset replica at each worker. Please see https://pytorch.org/docs/stable/data.html#torch.utils.data.IterableDataset for examples.
  batch = next(self.dataloaders[index_id])
/disk/rl/psm_wma/cosmos-framework/cosmos_framework/data/generator/joint_dataloader.py:831: UserWarning: Length of IterableDataset <cosmos_framework.data.generator.action.datasets.action_sft_dataset.ActionIterableShuffleDataset object at 0x7f4d88cfde50> was reported to be 127(when accessing len(dataloader)), but 141 samples have been fetched. For multiprocessing data-loading, this could be caused by not properly configuring the IterableDataset replica at each worker. Please see https://pytorch.org/docs/stable/data.html#torch.utils.data.IterableDataset for examples.
  batch = next(self.dataloaders[index_id])
/disk/rl/psm_wma/cosmos-framework/cosmos_framework/data/generator/joint_dataloader.py:831: UserWarning: Length of IterableDataset <cosmos_framework.data.generator.action.datasets.action_sft_dataset.ActionIterableShuffleDataset object at 0x7f4d88cfde50> was reported to be 127(when accessing len(dataloader)), but 142 samples have been fetched. For multiprocessing data-loading, this could be caused by not properly configuring the IterableDataset replica at each worker. Please see https://pytorch.org/docs/stable/data.html#torch.utils.data.IterableDataset for examples.
  batch = next(self.dataloaders[index_id])
/disk/rl/psm_wma/cosmos-framework/cosmos_framework/data/generator/joint_dataloader.py:831: UserWarning: Length of IterableDataset <cosmos_framework.data.generator.action.datasets.action_sft_dataset.ActionIterableShuffleDataset object at 0x7f4d88cfde50> was reported to be 127(when accessing len(dataloader)), but 143 samples have been fetched. For multiprocessing data-loading, this could be caused by not properly configuring the IterableDataset replica at each worker. Please see https://pytorch.org/docs/stable/data.html#torch.utils.data.IterableDataset for examples.
  batch = next(self.dataloaders[index_id])
/disk/rl/psm_wma/cosmos-framework/cosmos_framework/data/generator/joint_dataloader.py:831: UserWarning: Length of IterableDataset <cosmos_framework.data.generator.action.datasets.action_sft_dataset.ActionIterableShuffleDataset object at 0x7f4d88cfde50> was reported to be 127(when accessing len(dataloader)), but 144 samples have been fetched. For multiprocessing data-loading, this could be caused by not properly configuring the IterableDataset replica at each worker. Please see https://pytorch.org/docs/stable/data.html#torch.utils.data.IterableDataset for examples.
  batch = next(self.dataloaders[index_id])
/disk/rl/psm_wma/cosmos-framework/cosmos_framework/data/generator/joint_dataloader.py:831: UserWarning: Length of IterableDataset <cosmos_framework.data.generator.action.datasets.action_sft_dataset.ActionIterableShuffleDataset object at 0x7f4d88cfde50> was reported to be 127(when accessing len(dataloader)), but 145 samples have been fetched. For multiprocessing data-loading, this could be caused by not properly configuring the IterableDataset replica at each worker. Please see https://pytorch.org/docs/stable/data.html#torch.utils.data.IterableDataset for examples.
  batch = next(self.dataloaders[index_id])
/disk/rl/psm_wma/cosmos-framework/cosmos_framework/data/generator/joint_dataloader.py:831: UserWarning: Length of IterableDataset <cosmos_framework.data.generator.action.datasets.action_sft_dataset.ActionIterableShuffleDataset object at 0x7f4d88cfde50> was reported to be 127(when accessing len(dataloader)), but 146 samples have been fetched. For multiprocessing data-loading, this could be caused by not properly configuring the IterableDataset replica at each worker. Please see https://pytorch.org/docs/stable/data.html#torch.utils.data.IterableDataset for examples.
  batch = next(self.dataloaders[index_id])
/disk/rl/psm_wma/cosmos-framework/cosmos_framework/data/generator/joint_dataloader.py:831: UserWarning: Length of IterableDataset <cosmos_framework.data.generator.action.datasets.action_sft_dataset.ActionIterableShuffleDataset object at 0x7f4d88cfde50> was reported to be 127(when accessing len(dataloader)), but 147 samples have been fetched. For multiprocessing data-loading, this could be caused by not properly configuring the IterableDataset replica at each worker. Please see https://pytorch.org/docs/stable/data.html#torch.utils.data.IterableDataset for examples.
  batch = next(self.dataloaders[index_id])
/disk/rl/psm_wma/cosmos-framework/cosmos_framework/data/generator/joint_dataloader.py:831: UserWarning: Length of IterableDataset <cosmos_framework.data.generator.action.datasets.action_sft_dataset.ActionIterableShuffleDataset object at 0x7f4d88cfde50> was reported to be 127(when accessing len(dataloader)), but 148 samples have been fetched. For multiprocessing data-loading, this could be caused by not properly configuring the IterableDataset replica at each worker. Please see https://pytorch.org/docs/stable/data.html#torch.utils.data.IterableDataset for examples.
  batch = next(self.dataloaders[index_id])
/disk/rl/psm_wma/cosmos-framework/cosmos_framework/data/generator/joint_dataloader.py:831: UserWarning: Length of IterableDataset <cosmos_framework.data.generator.action.datasets.action_sft_dataset.ActionIterableShuffleDataset object at 0x7f4d88cfde50> was reported to be 127(when accessing len(dataloader)), but 149 samples have been fetched. For multiprocessing data-loading, this could be caused by not properly configuring the IterableDataset replica at each worker. Please see https://pytorch.org/docs/stable/data.html#torch.utils.data.IterableDataset for examples.
  batch = next(self.dataloaders[index_id])
/disk/rl/psm_wma/cosmos-framework/cosmos_framework/data/generator/joint_dataloader.py:831: UserWarning: Length of IterableDataset <cosmos_framework.data.generator.action.datasets.action_sft_dataset.ActionIterableShuffleDataset object at 0x7f4d88cfde50> was reported to be 127(when accessing len(dataloader)), but 150 samples have been fetched. For multiprocessing data-loading, this could be caused by not properly configuring the IterableDataset replica at each worker. Please see https://pytorch.org/docs/stable/data.html#torch.utils.data.IterableDataset for examples.
  batch = next(self.dataloaders[index_id])
/disk/rl/psm_wma/cosmos-framework/cosmos_framework/data/generator/joint_dataloader.py:831: UserWarning: Length of IterableDataset <cosmos_framework.data.generator.action.datasets.action_sft_dataset.ActionIterableShuffleDataset object at 0x7f4d88cfde50> was reported to be 127(when accessing len(dataloader)), but 151 samples have been fetched. For multiprocessing data-loading, this could be caused by not properly configuring the IterableDataset replica at each worker. Please see https://pytorch.org/docs/stable/data.html#torch.utils.data.IterableDataset for examples.
  batch = next(self.dataloaders[index_id])
/disk/rl/psm_wma/cosmos-framework/cosmos_framework/data/generator/joint_dataloader.py:831: UserWarning: Length of IterableDataset <cosmos_framework.data.generator.action.datasets.action_sft_dataset.ActionIterableShuffleDataset object at 0x7f4d88cfde50> was reported to be 127(when accessing len(dataloader)), but 152 samples have been fetched. For multiprocessing data-loading, this could be caused by not properly configuring the IterableDataset replica at each worker. Please see https://pytorch.org/docs/stable/data.html#torch.utils.data.IterableDataset for examples.
  batch = next(self.dataloaders[index_id])
/disk/rl/psm_wma/cosmos-framework/cosmos_framework/data/generator/joint_dataloader.py:831: UserWarning: Length of IterableDataset <cosmos_framework.data.generator.action.datasets.action_sft_dataset.ActionIterableShuffleDataset object at 0x7f4d88cfde50> was reported to be 127(when accessing len(dataloader)), but 153 samples have been fetched. For multiprocessing data-loading, this could be caused by not properly configuring the IterableDataset replica at each worker. Please see https://pytorch.org/docs/stable/data.html#torch.utils.data.IterableDataset for examples.
  batch = next(self.dataloaders[index_id])
/disk/rl/psm_wma/cosmos-framework/cosmos_framework/data/generator/joint_dataloader.py:831: UserWarning: Length of IterableDataset <cosmos_framework.data.generator.action.datasets.action_sft_dataset.ActionIterableShuffleDataset object at 0x7f4d88cfde50> was reported to be 127(when accessing len(dataloader)), but 154 samples have been fetched. For multiprocessing data-loading, this could be caused by not properly configuring the IterableDataset replica at each worker. Please see https://pytorch.org/docs/stable/data.html#torch.utils.data.IterableDataset for examples.
  batch = next(self.dataloaders[index_id])
/disk/rl/psm_wma/cosmos-framework/cosmos_framework/data/generator/joint_dataloader.py:831: UserWarning: Length of IterableDataset <cosmos_framework.data.generator.action.datasets.action_sft_dataset.ActionIterableShuffleDataset object at 0x7f4d88cfde50> was reported to be 127(when accessing len(dataloader)), but 155 samples have been fetched. For multiprocessing data-loading, this could be caused by not properly configuring the IterableDataset replica at each worker. Please see https://pytorch.org/docs/stable/data.html#torch.utils.data.IterableDataset for examples.
  batch = next(self.dataloaders[index_id])
/disk/rl/psm_wma/cosmos-framework/cosmos_framework/data/generator/joint_dataloader.py:831: UserWarning: Length of IterableDataset <cosmos_framework.data.generator.action.datasets.action_sft_dataset.ActionIterableShuffleDataset object at 0x7f4d88cfde50> was reported to be 127(when accessing len(dataloader)), but 156 samples have been fetched. For multiprocessing data-loading, this could be caused by not properly configuring the IterableDataset replica at each worker. Please see https://pytorch.org/docs/stable/data.html#torch.utils.data.IterableDataset for examples.
  batch = next(self.dataloaders[index_id])
/disk/rl/psm_wma/cosmos-framework/cosmos_framework/data/generator/joint_dataloader.py:831: UserWarning: Length of IterableDataset <cosmos_framework.data.generator.action.datasets.action_sft_dataset.ActionIterableShuffleDataset object at 0x7f4d88cfde50> was reported to be 127(when accessing len(dataloader)), but 157 samples have been fetched. For multiprocessing data-loading, this could be caused by not properly configuring the IterableDataset replica at each worker. Please see https://pytorch.org/docs/stable/data.html#torch.utils.data.IterableDataset for examples.
  batch = next(self.dataloaders[index_id])
/disk/rl/psm_wma/cosmos-framework/cosmos_framework/data/generator/joint_dataloader.py:831: UserWarning: Length of IterableDataset <cosmos_framework.data.generator.action.datasets.action_sft_dataset.ActionIterableShuffleDataset object at 0x7f4d88cfde50> was reported to be 127(when accessing len(dataloader)), but 158 samples have been fetched. For multiprocessing data-loading, this could be caused by not properly configuring the IterableDataset replica at each worker. Please see https://pytorch.org/docs/stable/data.html#torch.utils.data.IterableDataset for examples.
  batch = next(self.dataloaders[index_id])
/disk/rl/psm_wma/cosmos-framework/cosmos_framework/data/generator/joint_dataloader.py:831: UserWarning: Length of IterableDataset <cosmos_framework.data.generator.action.datasets.action_sft_dataset.ActionIterableShuffleDataset object at 0x7f4d88cfde50> was reported to be 127(when accessing len(dataloader)), but 159 samples have been fetched. For multiprocessing data-loading, this could be caused by not properly configuring the IterableDataset replica at each worker. Please see https://pytorch.org/docs/stable/data.html#torch.utils.data.IterableDataset for examples.
  batch = next(self.dataloaders[index_id])
/disk/rl/psm_wma/cosmos-framework/cosmos_framework/data/generator/joint_dataloader.py:831: UserWarning: Length of IterableDataset <cosmos_framework.data.generator.action.datasets.action_sft_dataset.ActionIterableShuffleDataset object at 0x7f4d88cfde50> was reported to be 127(when accessing len(dataloader)), but 160 samples have been fetched. For multiprocessing data-loading, this could be caused by not properly configuring the IterableDataset replica at each worker. Please see https://pytorch.org/docs/stable/data.html#torch.utils.data.IterableDataset for examples.
  batch = next(self.dataloaders[index_id])
/disk/rl/psm_wma/cosmos-framework/cosmos_framework/data/generator/joint_dataloader.py:831: UserWarning: Length of IterableDataset <cosmos_framework.data.generator.action.datasets.action_sft_dataset.ActionIterableShuffleDataset object at 0x7f4d88cfde50> was reported to be 127(when accessing len(dataloader)), but 161 samples have been fetched. For multiprocessing data-loading, this could be caused by not properly configuring the IterableDataset replica at each worker. Please see https://pytorch.org/docs/stable/data.html#torch.utils.data.IterableDataset for examples.
  batch = next(self.dataloaders[index_id])
/disk/rl/psm_wma/cosmos-framework/cosmos_framework/data/generator/joint_dataloader.py:831: UserWarning: Length of IterableDataset <cosmos_framework.data.generator.action.datasets.action_sft_dataset.ActionIterableShuffleDataset object at 0x7f4d88cfde50> was reported to be 127(when accessing len(dataloader)), but 162 samples have been fetched. For multiprocessing data-loading, this could be caused by not properly configuring the IterableDataset replica at each worker. Please see https://pytorch.org/docs/stable/data.html#torch.utils.data.IterableDataset for examples.
  batch = next(self.dataloaders[index_id])
/disk/rl/psm_wma/cosmos-framework/cosmos_framework/data/generator/joint_dataloader.py:831: UserWarning: Length of IterableDataset <cosmos_framework.data.generator.action.datasets.action_sft_dataset.ActionIterableShuffleDataset object at 0x7f4d88cfde50> was reported to be 127(when accessing len(dataloader)), but 163 samples have been fetched. For multiprocessing data-loading, this could be caused by not properly configuring the IterableDataset replica at each worker. Please see https://pytorch.org/docs/stable/data.html#torch.utils.data.IterableDataset for examples.
  batch = next(self.dataloaders[index_id])
/disk/rl/psm_wma/cosmos-framework/cosmos_framework/data/generator/joint_dataloader.py:831: UserWarning: Length of IterableDataset <cosmos_framework.data.generator.action.datasets.action_sft_dataset.ActionIterableShuffleDataset object at 0x7f4d88cfde50> was reported to be 127(when accessing len(dataloader)), but 164 samples have been fetched. For multiprocessing data-loading, this could be caused by not properly configuring the IterableDataset replica at each worker. Please see https://pytorch.org/docs/stable/data.html#torch.utils.data.IterableDataset for examples.
  batch = next(self.dataloaders[index_id])
/disk/rl/psm_wma/cosmos-framework/cosmos_framework/data/generator/joint_dataloader.py:831: UserWarning: Length of IterableDataset <cosmos_framework.data.generator.action.datasets.action_sft_dataset.ActionIterableShuffleDataset object at 0x7f4d88cfde50> was reported to be 127(when accessing len(dataloader)), but 165 samples have been fetched. For multiprocessing data-loading, this could be caused by not properly configuring the IterableDataset replica at each worker. Please see https://pytorch.org/docs/stable/data.html#torch.utils.data.IterableDataset for examples.
  batch = next(self.dataloaders[index_id])
/disk/rl/psm_wma/cosmos-framework/cosmos_framework/data/generator/joint_dataloader.py:831: UserWarning: Length of IterableDataset <cosmos_framework.data.generator.action.datasets.action_sft_dataset.ActionIterableShuffleDataset object at 0x7f4d88cfde50> was reported to be 127(when accessing len(dataloader)), but 166 samples have been fetched. For multiprocessing data-loading, this could be caused by not properly configuring the IterableDataset replica at each worker. Please see https://pytorch.org/docs/stable/data.html#torch.utils.data.IterableDataset for examples.
  batch = next(self.dataloaders[index_id])
/disk/rl/psm_wma/cosmos-framework/cosmos_framework/data/generator/joint_dataloader.py:831: UserWarning: Length of IterableDataset <cosmos_framework.data.generator.action.datasets.action_sft_dataset.ActionIterableShuffleDataset object at 0x7f4d88cfde50> was reported to be 127(when accessing len(dataloader)), but 167 samples have been fetched. For multiprocessing data-loading, this could be caused by not properly configuring the IterableDataset replica at each worker. Please see https://pytorch.org/docs/stable/data.html#torch.utils.data.IterableDataset for examples.
  batch = next(self.dataloaders[index_id])
/disk/rl/psm_wma/cosmos-framework/cosmos_framework/data/generator/joint_dataloader.py:831: UserWarning: Length of IterableDataset <cosmos_framework.data.generator.action.datasets.action_sft_dataset.ActionIterableShuffleDataset object at 0x7f4d88cfde50> was reported to be 127(when accessing len(dataloader)), but 168 samples have been fetched. For multiprocessing data-loading, this could be caused by not properly configuring the IterableDataset replica at each worker. Please see https://pytorch.org/docs/stable/data.html#torch.utils.data.IterableDataset for examples.
  batch = next(self.dataloaders[index_id])
/disk/rl/psm_wma/cosmos-framework/cosmos_framework/data/generator/joint_dataloader.py:831: UserWarning: Length of IterableDataset <cosmos_framework.data.generator.action.datasets.action_sft_dataset.ActionIterableShuffleDataset object at 0x7f4d88cfde50> was reported to be 127(when accessing len(dataloader)), but 169 samples have been fetched. For multiprocessing data-loading, this could be caused by not properly configuring the IterableDataset replica at each worker. Please see https://pytorch.org/docs/stable/data.html#torch.utils.data.IterableDataset for examples.
  batch = next(self.dataloaders[index_id])
/disk/rl/psm_wma/cosmos-framework/cosmos_framework/data/generator/joint_dataloader.py:831: UserWarning: Length of IterableDataset <cosmos_framework.data.generator.action.datasets.action_sft_dataset.ActionIterableShuffleDataset object at 0x7f4d88cfde50> was reported to be 127(when accessing len(dataloader)), but 170 samples have been fetched. For multiprocessing data-loading, this could be caused by not properly configuring the IterableDataset replica at each worker. Please see https://pytorch.org/docs/stable/data.html#torch.utils.data.IterableDataset for examples.
  batch = next(self.dataloaders[index_id])
/disk/rl/psm_wma/cosmos-framework/cosmos_framework/data/generator/joint_dataloader.py:831: UserWarning: Length of IterableDataset <cosmos_framework.data.generator.action.datasets.action_sft_dataset.ActionIterableShuffleDataset object at 0x7f4d88cfde50> was reported to be 127(when accessing len(dataloader)), but 171 samples have been fetched. For multiprocessing data-loading, this could be caused by not properly configuring the IterableDataset replica at each worker. Please see https://pytorch.org/docs/stable/data.html#torch.utils.data.IterableDataset for examples.
  batch = next(self.dataloaders[index_id])
/disk/rl/psm_wma/cosmos-framework/cosmos_framework/data/generator/joint_dataloader.py:831: UserWarning: Length of IterableDataset <cosmos_framework.data.generator.action.datasets.action_sft_dataset.ActionIterableShuffleDataset object at 0x7f4d88cfde50> was reported to be 127(when accessing len(dataloader)), but 172 samples have been fetched. For multiprocessing data-loading, this could be caused by not properly configuring the IterableDataset replica at each worker. Please see https://pytorch.org/docs/stable/data.html#torch.utils.data.IterableDataset for examples.
  batch = next(self.dataloaders[index_id])
/disk/rl/psm_wma/cosmos-framework/cosmos_framework/data/generator/joint_dataloader.py:831: UserWarning: Length of IterableDataset <cosmos_framework.data.generator.action.datasets.action_sft_dataset.ActionIterableShuffleDataset object at 0x7f4d88cfde50> was reported to be 127(when accessing len(dataloader)), but 173 samples have been fetched. For multiprocessing data-loading, this could be caused by not properly configuring the IterableDataset replica at each worker. Please see https://pytorch.org/docs/stable/data.html#torch.utils.data.IterableDataset for examples.
  batch = next(self.dataloaders[index_id])
/disk/rl/psm_wma/cosmos-framework/cosmos_framework/data/generator/joint_dataloader.py:831: UserWarning: Length of IterableDataset <cosmos_framework.data.generator.action.datasets.action_sft_dataset.ActionIterableShuffleDataset object at 0x7f4d88cfde50> was reported to be 127(when accessing len(dataloader)), but 174 samples have been fetched. For multiprocessing data-loading, this could be caused by not properly configuring the IterableDataset replica at each worker. Please see https://pytorch.org/docs/stable/data.html#torch.utils.data.IterableDataset for examples.
  batch = next(self.dataloaders[index_id])
/disk/rl/psm_wma/cosmos-framework/cosmos_framework/data/generator/joint_dataloader.py:831: UserWarning: Length of IterableDataset <cosmos_framework.data.generator.action.datasets.action_sft_dataset.ActionIterableShuffleDataset object at 0x7f4d88cfde50> was reported to be 127(when accessing len(dataloader)), but 175 samples have been fetched. For multiprocessing data-loading, this could be caused by not properly configuring the IterableDataset replica at each worker. Please see https://pytorch.org/docs/stable/data.html#torch.utils.data.IterableDataset for examples.
  batch = next(self.dataloaders[index_id])
/disk/rl/psm_wma/cosmos-framework/cosmos_framework/data/generator/joint_dataloader.py:831: UserWarning: Length of IterableDataset <cosmos_framework.data.generator.action.datasets.action_sft_dataset.ActionIterableShuffleDataset object at 0x7f4d88cfde50> was reported to be 127(when accessing len(dataloader)), but 176 samples have been fetched. For multiprocessing data-loading, this could be caused by not properly configuring the IterableDataset replica at each worker. Please see https://pytorch.org/docs/stable/data.html#torch.utils.data.IterableDataset for examples.
  batch = next(self.dataloaders[index_id])
/disk/rl/psm_wma/cosmos-framework/cosmos_framework/data/generator/joint_dataloader.py:831: UserWarning: Length of IterableDataset <cosmos_framework.data.generator.action.datasets.action_sft_dataset.ActionIterableShuffleDataset object at 0x7f4d88cfde50> was reported to be 127(when accessing len(dataloader)), but 177 samples have been fetched. For multiprocessing data-loading, this could be caused by not properly configuring the IterableDataset replica at each worker. Please see https://pytorch.org/docs/stable/data.html#torch.utils.data.IterableDataset for examples.
  batch = next(self.dataloaders[index_id])
/disk/rl/psm_wma/cosmos-framework/cosmos_framework/data/generator/joint_dataloader.py:831: UserWarning: Length of IterableDataset <cosmos_framework.data.generator.action.datasets.action_sft_dataset.ActionIterableShuffleDataset object at 0x7f4d88cfde50> was reported to be 127(when accessing len(dataloader)), but 178 samples have been fetched. For multiprocessing data-loading, this could be caused by not properly configuring the IterableDataset replica at each worker. Please see https://pytorch.org/docs/stable/data.html#torch.utils.data.IterableDataset for examples.
  batch = next(self.dataloaders[index_id])
/disk/rl/psm_wma/cosmos-framework/cosmos_framework/data/generator/joint_dataloader.py:831: UserWarning: Length of IterableDataset <cosmos_framework.data.generator.action.datasets.action_sft_dataset.ActionIterableShuffleDataset object at 0x7f4d88cfde50> was reported to be 127(when accessing len(dataloader)), but 179 samples have been fetched. For multiprocessing data-loading, this could be caused by not properly configuring the IterableDataset replica at each worker. Please see https://pytorch.org/docs/stable/data.html#torch.utils.data.IterableDataset for examples.
  batch = next(self.dataloaders[index_id])
/disk/rl/psm_wma/cosmos-framework/cosmos_framework/data/generator/joint_dataloader.py:831: UserWarning: Length of IterableDataset <cosmos_framework.data.generator.action.datasets.action_sft_dataset.ActionIterableShuffleDataset object at 0x7f4d88cfde50> was reported to be 127(when accessing len(dataloader)), but 180 samples have been fetched. For multiprocessing data-loading, this could be caused by not properly configuring the IterableDataset replica at each worker. Please see https://pytorch.org/docs/stable/data.html#torch.utils.data.IterableDataset for examples.
  batch = next(self.dataloaders[index_id])
/disk/rl/psm_wma/cosmos-framework/cosmos_framework/data/generator/joint_dataloader.py:831: UserWarning: Length of IterableDataset <cosmos_framework.data.generator.action.datasets.action_sft_dataset.ActionIterableShuffleDataset object at 0x7f4d88cfde50> was reported to be 127(when accessing len(dataloader)), but 181 samples have been fetched. For multiprocessing data-loading, this could be caused by not properly configuring the IterableDataset replica at each worker. Please see https://pytorch.org/docs/stable/data.html#torch.utils.data.IterableDataset for examples.
  batch = next(self.dataloaders[index_id])
/disk/rl/psm_wma/cosmos-framework/cosmos_framework/data/generator/joint_dataloader.py:831: UserWarning: Length of IterableDataset <cosmos_framework.data.generator.action.datasets.action_sft_dataset.ActionIterableShuffleDataset object at 0x7f4d88cfde50> was reported to be 127(when accessing len(dataloader)), but 182 samples have been fetched. For multiprocessing data-loading, this could be caused by not properly configuring the IterableDataset replica at each worker. Please see https://pytorch.org/docs/stable/data.html#torch.utils.data.IterableDataset for examples.
  batch = next(self.dataloaders[index_id])
/disk/rl/psm_wma/cosmos-framework/cosmos_framework/data/generator/joint_dataloader.py:831: UserWarning: Length of IterableDataset <cosmos_framework.data.generator.action.datasets.action_sft_dataset.ActionIterableShuffleDataset object at 0x7f4d88cfde50> was reported to be 127(when accessing len(dataloader)), but 183 samples have been fetched. For multiprocessing data-loading, this could be caused by not properly configuring the IterableDataset replica at each worker. Please see https://pytorch.org/docs/stable/data.html#torch.utils.data.IterableDataset for examples.
  batch = next(self.dataloaders[index_id])
/disk/rl/psm_wma/cosmos-framework/cosmos_framework/data/generator/joint_dataloader.py:831: UserWarning: Length of IterableDataset <cosmos_framework.data.generator.action.datasets.action_sft_dataset.ActionIterableShuffleDataset object at 0x7f4d88cfde50> was reported to be 127(when accessing len(dataloader)), but 184 samples have been fetched. For multiprocessing data-loading, this could be caused by not properly configuring the IterableDataset replica at each worker. Please see https://pytorch.org/docs/stable/data.html#torch.utils.data.IterableDataset for examples.
  batch = next(self.dataloaders[index_id])
/disk/rl/psm_wma/cosmos-framework/cosmos_framework/data/generator/joint_dataloader.py:831: UserWarning: Length of IterableDataset <cosmos_framework.data.generator.action.datasets.action_sft_dataset.ActionIterableShuffleDataset object at 0x7f4d88cfde50> was reported to be 127(when accessing len(dataloader)), but 185 samples have been fetched. For multiprocessing data-loading, this could be caused by not properly configuring the IterableDataset replica at each worker. Please see https://pytorch.org/docs/stable/data.html#torch.utils.data.IterableDataset for examples.
  batch = next(self.dataloaders[index_id])
/disk/rl/psm_wma/cosmos-framework/cosmos_framework/data/generator/joint_dataloader.py:831: UserWarning: Length of IterableDataset <cosmos_framework.data.generator.action.datasets.action_sft_dataset.ActionIterableShuffleDataset object at 0x7f4d88cfde50> was reported to be 127(when accessing len(dataloader)), but 186 samples have been fetched. For multiprocessing data-loading, this could be caused by not properly configuring the IterableDataset replica at each worker. Please see https://pytorch.org/docs/stable/data.html#torch.utils.data.IterableDataset for examples.
  batch = next(self.dataloaders[index_id])
/disk/rl/psm_wma/cosmos-framework/cosmos_framework/data/generator/joint_dataloader.py:831: UserWarning: Length of IterableDataset <cosmos_framework.data.generator.action.datasets.action_sft_dataset.ActionIterableShuffleDataset object at 0x7f4d88cfde50> was reported to be 127(when accessing len(dataloader)), but 187 samples have been fetched. For multiprocessing data-loading, this could be caused by not properly configuring the IterableDataset replica at each worker. Please see https://pytorch.org/docs/stable/data.html#torch.utils.data.IterableDataset for examples.
  batch = next(self.dataloaders[index_id])
/disk/rl/psm_wma/cosmos-framework/cosmos_framework/data/generator/joint_dataloader.py:831: UserWarning: Length of IterableDataset <cosmos_framework.data.generator.action.datasets.action_sft_dataset.ActionIterableShuffleDataset object at 0x7f4d88cfde50> was reported to be 127(when accessing len(dataloader)), but 188 samples have been fetched. For multiprocessing data-loading, this could be caused by not properly configuring the IterableDataset replica at each worker. Please see https://pytorch.org/docs/stable/data.html#torch.utils.data.IterableDataset for examples.
  batch = next(self.dataloaders[index_id])
/disk/rl/psm_wma/cosmos-framework/cosmos_framework/data/generator/joint_dataloader.py:831: UserWarning: Length of IterableDataset <cosmos_framework.data.generator.action.datasets.action_sft_dataset.ActionIterableShuffleDataset object at 0x7f4d88cfde50> was reported to be 127(when accessing len(dataloader)), but 189 samples have been fetched. For multiprocessing data-loading, this could be caused by not properly configuring the IterableDataset replica at each worker. Please see https://pytorch.org/docs/stable/data.html#torch.utils.data.IterableDataset for examples.
  batch = next(self.dataloaders[index_id])
/disk/rl/psm_wma/cosmos-framework/cosmos_framework/data/generator/joint_dataloader.py:831: UserWarning: Length of IterableDataset <cosmos_framework.data.generator.action.datasets.action_sft_dataset.ActionIterableShuffleDataset object at 0x7f4d88cfde50> was reported to be 127(when accessing len(dataloader)), but 190 samples have been fetched. For multiprocessing data-loading, this could be caused by not properly configuring the IterableDataset replica at each worker. Please see https://pytorch.org/docs/stable/data.html#torch.utils.data.IterableDataset for examples.
  batch = next(self.dataloaders[index_id])
/disk/rl/psm_wma/cosmos-framework/cosmos_framework/data/generator/joint_dataloader.py:831: UserWarning: Length of IterableDataset <cosmos_framework.data.generator.action.datasets.action_sft_dataset.ActionIterableShuffleDataset object at 0x7f4d88cfde50> was reported to be 127(when accessing len(dataloader)), but 191 samples have been fetched. For multiprocessing data-loading, this could be caused by not properly configuring the IterableDataset replica at each worker. Please see https://pytorch.org/docs/stable/data.html#torch.utils.data.IterableDataset for examples.
  batch = next(self.dataloaders[index_id])
/disk/rl/psm_wma/cosmos-framework/cosmos_framework/data/generator/joint_dataloader.py:831: UserWarning: Length of IterableDataset <cosmos_framework.data.generator.action.datasets.action_sft_dataset.ActionIterableShuffleDataset object at 0x7f4d88cfde50> was reported to be 127(when accessing len(dataloader)), but 192 samples have been fetched. For multiprocessing data-loading, this could be caused by not properly configuring the IterableDataset replica at each worker. Please see https://pytorch.org/docs/stable/data.html#torch.utils.data.IterableDataset for examples.
  batch = next(self.dataloaders[index_id])
/disk/rl/psm_wma/cosmos-framework/cosmos_framework/data/generator/joint_dataloader.py:831: UserWarning: Length of IterableDataset <cosmos_framework.data.generator.action.datasets.action_sft_dataset.ActionIterableShuffleDataset object at 0x7f4d88cfde50> was reported to be 127(when accessing len(dataloader)), but 193 samples have been fetched. For multiprocessing data-loading, this could be caused by not properly configuring the IterableDataset replica at each worker. Please see https://pytorch.org/docs/stable/data.html#torch.utils.data.IterableDataset for examples.
  batch = next(self.dataloaders[index_id])
/disk/rl/psm_wma/cosmos-framework/cosmos_framework/data/generator/joint_dataloader.py:831: UserWarning: Length of IterableDataset <cosmos_framework.data.generator.action.datasets.action_sft_dataset.ActionIterableShuffleDataset object at 0x7f4d88cfde50> was reported to be 127(when accessing len(dataloader)), but 194 samples have been fetched. For multiprocessing data-loading, this could be caused by not properly configuring the IterableDataset replica at each worker. Please see https://pytorch.org/docs/stable/data.html#torch.utils.data.IterableDataset for examples.
  batch = next(self.dataloaders[index_id])
/disk/rl/psm_wma/cosmos-framework/cosmos_framework/data/generator/joint_dataloader.py:831: UserWarning: Length of IterableDataset <cosmos_framework.data.generator.action.datasets.action_sft_dataset.ActionIterableShuffleDataset object at 0x7f4d88cfde50> was reported to be 127(when accessing len(dataloader)), but 195 samples have been fetched. For multiprocessing data-loading, this could be caused by not properly configuring the IterableDataset replica at each worker. Please see https://pytorch.org/docs/stable/data.html#torch.utils.data.IterableDataset for examples.
  batch = next(self.dataloaders[index_id])
/disk/rl/psm_wma/cosmos-framework/cosmos_framework/data/generator/joint_dataloader.py:831: UserWarning: Length of IterableDataset <cosmos_framework.data.generator.action.datasets.action_sft_dataset.ActionIterableShuffleDataset object at 0x7f4d88cfde50> was reported to be 127(when accessing len(dataloader)), but 196 samples have been fetched. For multiprocessing data-loading, this could be caused by not properly configuring the IterableDataset replica at each worker. Please see https://pytorch.org/docs/stable/data.html#torch.utils.data.IterableDataset for examples.
  batch = next(self.dataloaders[index_id])
/disk/rl/psm_wma/cosmos-framework/cosmos_framework/data/generator/joint_dataloader.py:831: UserWarning: Length of IterableDataset <cosmos_framework.data.generator.action.datasets.action_sft_dataset.ActionIterableShuffleDataset object at 0x7f4d88cfde50> was reported to be 127(when accessing len(dataloader)), but 197 samples have been fetched. For multiprocessing data-loading, this could be caused by not properly configuring the IterableDataset replica at each worker. Please see https://pytorch.org/docs/stable/data.html#torch.utils.data.IterableDataset for examples.
  batch = next(self.dataloaders[index_id])
/disk/rl/psm_wma/cosmos-framework/cosmos_framework/data/generator/joint_dataloader.py:831: UserWarning: Length of IterableDataset <cosmos_framework.data.generator.action.datasets.action_sft_dataset.ActionIterableShuffleDataset object at 0x7f4d88cfde50> was reported to be 127(when accessing len(dataloader)), but 198 samples have been fetched. For multiprocessing data-loading, this could be caused by not properly configuring the IterableDataset replica at each worker. Please see https://pytorch.org/docs/stable/data.html#torch.utils.data.IterableDataset for examples.
  batch = next(self.dataloaders[index_id])
/disk/rl/psm_wma/cosmos-framework/cosmos_framework/data/generator/joint_dataloader.py:831: UserWarning: Length of IterableDataset <cosmos_framework.data.generator.action.datasets.action_sft_dataset.ActionIterableShuffleDataset object at 0x7f4d88cfde50> was reported to be 127(when accessing len(dataloader)), but 199 samples have been fetched. For multiprocessing data-loading, this could be caused by not properly configuring the IterableDataset replica at each worker. Please see https://pytorch.org/docs/stable/data.html#torch.utils.data.IterableDataset for examples.
  batch = next(self.dataloaders[index_id])
/disk/rl/psm_wma/cosmos-framework/cosmos_framework/data/generator/joint_dataloader.py:831: UserWarning: Length of IterableDataset <cosmos_framework.data.generator.action.datasets.action_sft_dataset.ActionIterableShuffleDataset object at 0x7f4d88cfde50> was reported to be 127(when accessing len(dataloader)), but 200 samples have been fetched. For multiprocessing data-loading, this could be caused by not properly configuring the IterableDataset replica at each worker. Please see https://pytorch.org/docs/stable/data.html#torch.utils.data.IterableDataset for examples.
  batch = next(self.dataloaders[index_id])
/disk/rl/psm_wma/cosmos-framework/cosmos_framework/data/generator/joint_dataloader.py:831: UserWarning: Length of IterableDataset <cosmos_framework.data.generator.action.datasets.action_sft_dataset.ActionIterableShuffleDataset object at 0x7f4d88cfde50> was reported to be 127(when accessing len(dataloader)), but 201 samples have been fetched. For multiprocessing data-loading, this could be caused by not properly configuring the IterableDataset replica at each worker. Please see https://pytorch.org/docs/stable/data.html#torch.utils.data.IterableDataset for examples.
  batch = next(self.dataloaders[index_id])
/disk/rl/psm_wma/cosmos-framework/cosmos_framework/data/generator/joint_dataloader.py:831: UserWarning: Length of IterableDataset <cosmos_framework.data.generator.action.datasets.action_sft_dataset.ActionIterableShuffleDataset object at 0x7f4d88cfde50> was reported to be 127(when accessing len(dataloader)), but 202 samples have been fetched. For multiprocessing data-loading, this could be caused by not properly configuring the IterableDataset replica at each worker. Please see https://pytorch.org/docs/stable/data.html#torch.utils.data.IterableDataset for examples.
  batch = next(self.dataloaders[index_id])
/disk/rl/psm_wma/cosmos-framework/cosmos_framework/data/generator/joint_dataloader.py:831: UserWarning: Length of IterableDataset <cosmos_framework.data.generator.action.datasets.action_sft_dataset.ActionIterableShuffleDataset object at 0x7f4d88cfde50> was reported to be 127(when accessing len(dataloader)), but 203 samples have been fetched. For multiprocessing data-loading, this could be caused by not properly configuring the IterableDataset replica at each worker. Please see https://pytorch.org/docs/stable/data.html#torch.utils.data.IterableDataset for examples.
  batch = next(self.dataloaders[index_id])
/disk/rl/psm_wma/cosmos-framework/cosmos_framework/data/generator/joint_dataloader.py:831: UserWarning: Length of IterableDataset <cosmos_framework.data.generator.action.datasets.action_sft_dataset.ActionIterableShuffleDataset object at 0x7f4d88cfde50> was reported to be 127(when accessing len(dataloader)), but 204 samples have been fetched. For multiprocessing data-loading, this could be caused by not properly configuring the IterableDataset replica at each worker. Please see https://pytorch.org/docs/stable/data.html#torch.utils.data.IterableDataset for examples.
  batch = next(self.dataloaders[index_id])
/disk/rl/psm_wma/cosmos-framework/cosmos_framework/data/generator/joint_dataloader.py:831: UserWarning: Length of IterableDataset <cosmos_framework.data.generator.action.datasets.action_sft_dataset.ActionIterableShuffleDataset object at 0x7f4d88cfde50> was reported to be 127(when accessing len(dataloader)), but 205 samples have been fetched. For multiprocessing data-loading, this could be caused by not properly configuring the IterableDataset replica at each worker. Please see https://pytorch.org/docs/stable/data.html#torch.utils.data.IterableDataset for examples.
  batch = next(self.dataloaders[index_id])
/disk/rl/psm_wma/cosmos-framework/cosmos_framework/data/generator/joint_dataloader.py:831: UserWarning: Length of IterableDataset <cosmos_framework.data.generator.action.datasets.action_sft_dataset.ActionIterableShuffleDataset object at 0x7f4d88cfde50> was reported to be 127(when accessing len(dataloader)), but 206 samples have been fetched. For multiprocessing data-loading, this could be caused by not properly configuring the IterableDataset replica at each worker. Please see https://pytorch.org/docs/stable/data.html#torch.utils.data.IterableDataset for examples.
  batch = next(self.dataloaders[index_id])
/disk/rl/psm_wma/cosmos-framework/cosmos_framework/data/generator/joint_dataloader.py:831: UserWarning: Length of IterableDataset <cosmos_framework.data.generator.action.datasets.action_sft_dataset.ActionIterableShuffleDataset object at 0x7f4d88cfde50> was reported to be 127(when accessing len(dataloader)), but 207 samples have been fetched. For multiprocessing data-loading, this could be caused by not properly configuring the IterableDataset replica at each worker. Please see https://pytorch.org/docs/stable/data.html#torch.utils.data.IterableDataset for examples.
  batch = next(self.dataloaders[index_id])
/disk/rl/psm_wma/cosmos-framework/cosmos_framework/data/generator/joint_dataloader.py:831: UserWarning: Length of IterableDataset <cosmos_framework.data.generator.action.datasets.action_sft_dataset.ActionIterableShuffleDataset object at 0x7f4d88cfde50> was reported to be 127(when accessing len(dataloader)), but 208 samples have been fetched. For multiprocessing data-loading, this could be caused by not properly configuring the IterableDataset replica at each worker. Please see https://pytorch.org/docs/stable/data.html#torch.utils.data.IterableDataset for examples.
  batch = next(self.dataloaders[index_id])
/disk/rl/psm_wma/cosmos-framework/cosmos_framework/data/generator/joint_dataloader.py:831: UserWarning: Length of IterableDataset <cosmos_framework.data.generator.action.datasets.action_sft_dataset.ActionIterableShuffleDataset object at 0x7f4d88cfde50> was reported to be 127(when accessing len(dataloader)), but 209 samples have been fetched. For multiprocessing data-loading, this could be caused by not properly configuring the IterableDataset replica at each worker. Please see https://pytorch.org/docs/stable/data.html#torch.utils.data.IterableDataset for examples.
  batch = next(self.dataloaders[index_id])
/disk/rl/psm_wma/cosmos-framework/cosmos_framework/data/generator/joint_dataloader.py:831: UserWarning: Length of IterableDataset <cosmos_framework.data.generator.action.datasets.action_sft_dataset.ActionIterableShuffleDataset object at 0x7f4d88cfde50> was reported to be 127(when accessing len(dataloader)), but 210 samples have been fetched. For multiprocessing data-loading, this could be caused by not properly configuring the IterableDataset replica at each worker. Please see https://pytorch.org/docs/stable/data.html#torch.utils.data.IterableDataset for examples.
  batch = next(self.dataloaders[index_id])
/disk/rl/psm_wma/cosmos-framework/cosmos_framework/data/generator/joint_dataloader.py:831: UserWarning: Length of IterableDataset <cosmos_framework.data.generator.action.datasets.action_sft_dataset.ActionIterableShuffleDataset object at 0x7f4d88cfde50> was reported to be 127(when accessing len(dataloader)), but 211 samples have been fetched. For multiprocessing data-loading, this could be caused by not properly configuring the IterableDataset replica at each worker. Please see https://pytorch.org/docs/stable/data.html#torch.utils.data.IterableDataset for examples.
  batch = next(self.dataloaders[index_id])
/disk/rl/psm_wma/cosmos-framework/cosmos_framework/data/generator/joint_dataloader.py:831: UserWarning: Length of IterableDataset <cosmos_framework.data.generator.action.datasets.action_sft_dataset.ActionIterableShuffleDataset object at 0x7f4d88cfde50> was reported to be 127(when accessing len(dataloader)), but 212 samples have been fetched. For multiprocessing data-loading, this could be caused by not properly configuring the IterableDataset replica at each worker. Please see https://pytorch.org/docs/stable/data.html#torch.utils.data.IterableDataset for examples.
  batch = next(self.dataloaders[index_id])
/disk/rl/psm_wma/cosmos-framework/cosmos_framework/data/generator/joint_dataloader.py:831: UserWarning: Length of IterableDataset <cosmos_framework.data.generator.action.datasets.action_sft_dataset.ActionIterableShuffleDataset object at 0x7f4d88cfde50> was reported to be 127(when accessing len(dataloader)), but 213 samples have been fetched. For multiprocessing data-loading, this could be caused by not properly configuring the IterableDataset replica at each worker. Please see https://pytorch.org/docs/stable/data.html#torch.utils.data.IterableDataset for examples.
  batch = next(self.dataloaders[index_id])
/disk/rl/psm_wma/cosmos-framework/cosmos_framework/data/generator/joint_dataloader.py:831: UserWarning: Length of IterableDataset <cosmos_framework.data.generator.action.datasets.action_sft_dataset.ActionIterableShuffleDataset object at 0x7f4d88cfde50> was reported to be 127(when accessing len(dataloader)), but 214 samples have been fetched. For multiprocessing data-loading, this could be caused by not properly configuring the IterableDataset replica at each worker. Please see https://pytorch.org/docs/stable/data.html#torch.utils.data.IterableDataset for examples.
  batch = next(self.dataloaders[index_id])
/disk/rl/psm_wma/cosmos-framework/cosmos_framework/data/generator/joint_dataloader.py:831: UserWarning: Length of IterableDataset <cosmos_framework.data.generator.action.datasets.action_sft_dataset.ActionIterableShuffleDataset object at 0x7f4d88cfde50> was reported to be 127(when accessing len(dataloader)), but 215 samples have been fetched. For multiprocessing data-loading, this could be caused by not properly configuring the IterableDataset replica at each worker. Please see https://pytorch.org/docs/stable/data.html#torch.utils.data.IterableDataset for examples.
  batch = next(self.dataloaders[index_id])
/disk/rl/psm_wma/cosmos-framework/cosmos_framework/data/generator/joint_dataloader.py:831: UserWarning: Length of IterableDataset <cosmos_framework.data.generator.action.datasets.action_sft_dataset.ActionIterableShuffleDataset object at 0x7f4d88cfde50> was reported to be 127(when accessing len(dataloader)), but 216 samples have been fetched. For multiprocessing data-loading, this could be caused by not properly configuring the IterableDataset replica at each worker. Please see https://pytorch.org/docs/stable/data.html#torch.utils.data.IterableDataset for examples.
  batch = next(self.dataloaders[index_id])
/disk/rl/psm_wma/cosmos-framework/cosmos_framework/data/generator/joint_dataloader.py:831: UserWarning: Length of IterableDataset <cosmos_framework.data.generator.action.datasets.action_sft_dataset.ActionIterableShuffleDataset object at 0x7f4d88cfde50> was reported to be 127(when accessing len(dataloader)), but 217 samples have been fetched. For multiprocessing data-loading, this could be caused by not properly configuring the IterableDataset replica at each worker. Please see https://pytorch.org/docs/stable/data.html#torch.utils.data.IterableDataset for examples.
  batch = next(self.dataloaders[index_id])
/disk/rl/psm_wma/cosmos-framework/cosmos_framework/data/generator/joint_dataloader.py:831: UserWarning: Length of IterableDataset <cosmos_framework.data.generator.action.datasets.action_sft_dataset.ActionIterableShuffleDataset object at 0x7f4d88cfde50> was reported to be 127(when accessing len(dataloader)), but 218 samples have been fetched. For multiprocessing data-loading, this could be caused by not properly configuring the IterableDataset replica at each worker. Please see https://pytorch.org/docs/stable/data.html#torch.utils.data.IterableDataset for examples.
  batch = next(self.dataloaders[index_id])
/disk/rl/psm_wma/cosmos-framework/cosmos_framework/data/generator/joint_dataloader.py:831: UserWarning: Length of IterableDataset <cosmos_framework.data.generator.action.datasets.action_sft_dataset.ActionIterableShuffleDataset object at 0x7f4d88cfde50> was reported to be 127(when accessing len(dataloader)), but 219 samples have been fetched. For multiprocessing data-loading, this could be caused by not properly configuring the IterableDataset replica at each worker. Please see https://pytorch.org/docs/stable/data.html#torch.utils.data.IterableDataset for examples.
  batch = next(self.dataloaders[index_id])
/disk/rl/psm_wma/cosmos-framework/cosmos_framework/data/generator/joint_dataloader.py:831: UserWarning: Length of IterableDataset <cosmos_framework.data.generator.action.datasets.action_sft_dataset.ActionIterableShuffleDataset object at 0x7f4d88cfde50> was reported to be 127(when accessing len(dataloader)), but 220 samples have been fetched. For multiprocessing data-loading, this could be caused by not properly configuring the IterableDataset replica at each worker. Please see https://pytorch.org/docs/stable/data.html#torch.utils.data.IterableDataset for examples.
  batch = next(self.dataloaders[index_id])
/disk/rl/psm_wma/cosmos-framework/cosmos_framework/data/generator/joint_dataloader.py:831: UserWarning: Length of IterableDataset <cosmos_framework.data.generator.action.datasets.action_sft_dataset.ActionIterableShuffleDataset object at 0x7f4d88cfde50> was reported to be 127(when accessing len(dataloader)), but 221 samples have been fetched. For multiprocessing data-loading, this could be caused by not properly configuring the IterableDataset replica at each worker. Please see https://pytorch.org/docs/stable/data.html#torch.utils.data.IterableDataset for examples.
  batch = next(self.dataloaders[index_id])
/disk/rl/psm_wma/cosmos-framework/cosmos_framework/data/generator/joint_dataloader.py:831: UserWarning: Length of IterableDataset <cosmos_framework.data.generator.action.datasets.action_sft_dataset.ActionIterableShuffleDataset object at 0x7f4d88cfde50> was reported to be 127(when accessing len(dataloader)), but 222 samples have been fetched. For multiprocessing data-loading, this could be caused by not properly configuring the IterableDataset replica at each worker. Please see https://pytorch.org/docs/stable/data.html#torch.utils.data.IterableDataset for examples.
  batch = next(self.dataloaders[index_id])
/disk/rl/psm_wma/cosmos-framework/cosmos_framework/data/generator/joint_dataloader.py:831: UserWarning: Length of IterableDataset <cosmos_framework.data.generator.action.datasets.action_sft_dataset.ActionIterableShuffleDataset object at 0x7f4d88cfde50> was reported to be 127(when accessing len(dataloader)), but 223 samples have been fetched. For multiprocessing data-loading, this could be caused by not properly configuring the IterableDataset replica at each worker. Please see https://pytorch.org/docs/stable/data.html#torch.utils.data.IterableDataset for examples.
  batch = next(self.dataloaders[index_id])
/disk/rl/psm_wma/cosmos-framework/cosmos_framework/data/generator/joint_dataloader.py:831: UserWarning: Length of IterableDataset <cosmos_framework.data.generator.action.datasets.action_sft_dataset.ActionIterableShuffleDataset object at 0x7f4d88cfde50> was reported to be 127(when accessing len(dataloader)), but 224 samples have been fetched. For multiprocessing data-loading, this could be caused by not properly configuring the IterableDataset replica at each worker. Please see https://pytorch.org/docs/stable/data.html#torch.utils.data.IterableDataset for examples.
  batch = next(self.dataloaders[index_id])
/disk/rl/psm_wma/cosmos-framework/cosmos_framework/data/generator/joint_dataloader.py:831: UserWarning: Length of IterableDataset <cosmos_framework.data.generator.action.datasets.action_sft_dataset.ActionIterableShuffleDataset object at 0x7f4d88cfde50> was reported to be 127(when accessing len(dataloader)), but 225 samples have been fetched. For multiprocessing data-loading, this could be caused by not properly configuring the IterableDataset replica at each worker. Please see https://pytorch.org/docs/stable/data.html#torch.utils.data.IterableDataset for examples.
  batch = next(self.dataloaders[index_id])
/disk/rl/psm_wma/cosmos-framework/cosmos_framework/data/generator/joint_dataloader.py:831: UserWarning: Length of IterableDataset <cosmos_framework.data.generator.action.datasets.action_sft_dataset.ActionIterableShuffleDataset object at 0x7f4d88cfde50> was reported to be 127(when accessing len(dataloader)), but 226 samples have been fetched. For multiprocessing data-loading, this could be caused by not properly configuring the IterableDataset replica at each worker. Please see https://pytorch.org/docs/stable/data.html#torch.utils.data.IterableDataset for examples.
  batch = next(self.dataloaders[index_id])
/disk/rl/psm_wma/cosmos-framework/cosmos_framework/data/generator/joint_dataloader.py:831: UserWarning: Length of IterableDataset <cosmos_framework.data.generator.action.datasets.action_sft_dataset.ActionIterableShuffleDataset object at 0x7f4d88cfde50> was reported to be 127(when accessing len(dataloader)), but 227 samples have been fetched. For multiprocessing data-loading, this could be caused by not properly configuring the IterableDataset replica at each worker. Please see https://pytorch.org/docs/stable/data.html#torch.utils.data.IterableDataset for examples.
  batch = next(self.dataloaders[index_id])
/disk/rl/psm_wma/cosmos-framework/cosmos_framework/data/generator/joint_dataloader.py:831: UserWarning: Length of IterableDataset <cosmos_framework.data.generator.action.datasets.action_sft_dataset.ActionIterableShuffleDataset object at 0x7f4d88cfde50> was reported to be 127(when accessing len(dataloader)), but 228 samples have been fetched. For multiprocessing data-loading, this could be caused by not properly configuring the IterableDataset replica at each worker. Please see https://pytorch.org/docs/stable/data.html#torch.utils.data.IterableDataset for examples.
  batch = next(self.dataloaders[index_id])
/disk/rl/psm_wma/cosmos-framework/cosmos_framework/data/generator/joint_dataloader.py:831: UserWarning: Length of IterableDataset <cosmos_framework.data.generator.action.datasets.action_sft_dataset.ActionIterableShuffleDataset object at 0x7f4d88cfde50> was reported to be 127(when accessing len(dataloader)), but 229 samples have been fetched. For multiprocessing data-loading, this could be caused by not properly configuring the IterableDataset replica at each worker. Please see https://pytorch.org/docs/stable/data.html#torch.utils.data.IterableDataset for examples.
  batch = next(self.dataloaders[index_id])
/disk/rl/psm_wma/cosmos-framework/cosmos_framework/data/generator/joint_dataloader.py:831: UserWarning: Length of IterableDataset <cosmos_framework.data.generator.action.datasets.action_sft_dataset.ActionIterableShuffleDataset object at 0x7f4d88cfde50> was reported to be 127(when accessing len(dataloader)), but 230 samples have been fetched. For multiprocessing data-loading, this could be caused by not properly configuring the IterableDataset replica at each worker. Please see https://pytorch.org/docs/stable/data.html#torch.utils.data.IterableDataset for examples.
  batch = next(self.dataloaders[index_id])
/disk/rl/psm_wma/cosmos-framework/cosmos_framework/data/generator/joint_dataloader.py:831: UserWarning: Length of IterableDataset <cosmos_framework.data.generator.action.datasets.action_sft_dataset.ActionIterableShuffleDataset object at 0x7f4d88cfde50> was reported to be 127(when accessing len(dataloader)), but 231 samples have been fetched. For multiprocessing data-loading, this could be caused by not properly configuring the IterableDataset replica at each worker. Please see https://pytorch.org/docs/stable/data.html#torch.utils.data.IterableDataset for examples.
  batch = next(self.dataloaders[index_id])
/disk/rl/psm_wma/cosmos-framework/cosmos_framework/data/generator/joint_dataloader.py:831: UserWarning: Length of IterableDataset <cosmos_framework.data.generator.action.datasets.action_sft_dataset.ActionIterableShuffleDataset object at 0x7f4d88cfde50> was reported to be 127(when accessing len(dataloader)), but 232 samples have been fetched. For multiprocessing data-loading, this could be caused by not properly configuring the IterableDataset replica at each worker. Please see https://pytorch.org/docs/stable/data.html#torch.utils.data.IterableDataset for examples.
  batch = next(self.dataloaders[index_id])
/disk/rl/psm_wma/cosmos-framework/cosmos_framework/data/generator/joint_dataloader.py:831: UserWarning: Length of IterableDataset <cosmos_framework.data.generator.action.datasets.action_sft_dataset.ActionIterableShuffleDataset object at 0x7f4d88cfde50> was reported to be 127(when accessing len(dataloader)), but 233 samples have been fetched. For multiprocessing data-loading, this could be caused by not properly configuring the IterableDataset replica at each worker. Please see https://pytorch.org/docs/stable/data.html#torch.utils.data.IterableDataset for examples.
  batch = next(self.dataloaders[index_id])
/disk/rl/psm_wma/cosmos-framework/cosmos_framework/data/generator/joint_dataloader.py:831: UserWarning: Length of IterableDataset <cosmos_framework.data.generator.action.datasets.action_sft_dataset.ActionIterableShuffleDataset object at 0x7f4d88cfde50> was reported to be 127(when accessing len(dataloader)), but 234 samples have been fetched. For multiprocessing data-loading, this could be caused by not properly configuring the IterableDataset replica at each worker. Please see https://pytorch.org/docs/stable/data.html#torch.utils.data.IterableDataset for examples.
  batch = next(self.dataloaders[index_id])
/disk/rl/psm_wma/cosmos-framework/cosmos_framework/data/generator/joint_dataloader.py:831: UserWarning: Length of IterableDataset <cosmos_framework.data.generator.action.datasets.action_sft_dataset.ActionIterableShuffleDataset object at 0x7f4d88cfde50> was reported to be 127(when accessing len(dataloader)), but 235 samples have been fetched. For multiprocessing data-loading, this could be caused by not properly configuring the IterableDataset replica at each worker. Please see https://pytorch.org/docs/stable/data.html#torch.utils.data.IterableDataset for examples.
  batch = next(self.dataloaders[index_id])
/disk/rl/psm_wma/cosmos-framework/cosmos_framework/data/generator/joint_dataloader.py:831: UserWarning: Length of IterableDataset <cosmos_framework.data.generator.action.datasets.action_sft_dataset.ActionIterableShuffleDataset object at 0x7f4d88cfde50> was reported to be 127(when accessing len(dataloader)), but 236 samples have been fetched. For multiprocessing data-loading, this could be caused by not properly configuring the IterableDataset replica at each worker. Please see https://pytorch.org/docs/stable/data.html#torch.utils.data.IterableDataset for examples.
  batch = next(self.dataloaders[index_id])
/disk/rl/psm_wma/cosmos-framework/cosmos_framework/data/generator/joint_dataloader.py:831: UserWarning: Length of IterableDataset <cosmos_framework.data.generator.action.datasets.action_sft_dataset.ActionIterableShuffleDataset object at 0x7f4d88cfde50> was reported to be 127(when accessing len(dataloader)), but 237 samples have been fetched. For multiprocessing data-loading, this could be caused by not properly configuring the IterableDataset replica at each worker. Please see https://pytorch.org/docs/stable/data.html#torch.utils.data.IterableDataset for examples.
  batch = next(self.dataloaders[index_id])
/disk/rl/psm_wma/cosmos-framework/cosmos_framework/data/generator/joint_dataloader.py:831: UserWarning: Length of IterableDataset <cosmos_framework.data.generator.action.datasets.action_sft_dataset.ActionIterableShuffleDataset object at 0x7f4d88cfde50> was reported to be 127(when accessing len(dataloader)), but 238 samples have been fetched. For multiprocessing data-loading, this could be caused by not properly configuring the IterableDataset replica at each worker. Please see https://pytorch.org/docs/stable/data.html#torch.utils.data.IterableDataset for examples.
  batch = next(self.dataloaders[index_id])
/disk/rl/psm_wma/cosmos-framework/cosmos_framework/data/generator/joint_dataloader.py:831: UserWarning: Length of IterableDataset <cosmos_framework.data.generator.action.datasets.action_sft_dataset.ActionIterableShuffleDataset object at 0x7f4d88cfde50> was reported to be 127(when accessing len(dataloader)), but 239 samples have been fetched. For multiprocessing data-loading, this could be caused by not properly configuring the IterableDataset replica at each worker. Please see https://pytorch.org/docs/stable/data.html#torch.utils.data.IterableDataset for examples.
  batch = next(self.dataloaders[index_id])
/disk/rl/psm_wma/cosmos-framework/cosmos_framework/data/generator/joint_dataloader.py:831: UserWarning: Length of IterableDataset <cosmos_framework.data.generator.action.datasets.action_sft_dataset.ActionIterableShuffleDataset object at 0x7f4d88cfde50> was reported to be 127(when accessing len(dataloader)), but 240 samples have been fetched. For multiprocessing data-loading, this could be caused by not properly configuring the IterableDataset replica at each worker. Please see https://pytorch.org/docs/stable/data.html#torch.utils.data.IterableDataset for examples.
  batch = next(self.dataloaders[index_id])
/disk/rl/psm_wma/cosmos-framework/cosmos_framework/data/generator/joint_dataloader.py:831: UserWarning: Length of IterableDataset <cosmos_framework.data.generator.action.datasets.action_sft_dataset.ActionIterableShuffleDataset object at 0x7f4d88cfde50> was reported to be 127(when accessing len(dataloader)), but 241 samples have been fetched. For multiprocessing data-loading, this could be caused by not properly configuring the IterableDataset replica at each worker. Please see https://pytorch.org/docs/stable/data.html#torch.utils.data.IterableDataset for examples.
  batch = next(self.dataloaders[index_id])
/disk/rl/psm_wma/cosmos-framework/cosmos_framework/data/generator/joint_dataloader.py:831: UserWarning: Length of IterableDataset <cosmos_framework.data.generator.action.datasets.action_sft_dataset.ActionIterableShuffleDataset object at 0x7f4d88cfde50> was reported to be 127(when accessing len(dataloader)), but 242 samples have been fetched. For multiprocessing data-loading, this could be caused by not properly configuring the IterableDataset replica at each worker. Please see https://pytorch.org/docs/stable/data.html#torch.utils.data.IterableDataset for examples.
  batch = next(self.dataloaders[index_id])
/disk/rl/psm_wma/cosmos-framework/cosmos_framework/data/generator/joint_dataloader.py:831: UserWarning: Length of IterableDataset <cosmos_framework.data.generator.action.datasets.action_sft_dataset.ActionIterableShuffleDataset object at 0x7f4d88cfde50> was reported to be 127(when accessing len(dataloader)), but 243 samples have been fetched. For multiprocessing data-loading, this could be caused by not properly configuring the IterableDataset replica at each worker. Please see https://pytorch.org/docs/stable/data.html#torch.utils.data.IterableDataset for examples.
  batch = next(self.dataloaders[index_id])
/disk/rl/psm_wma/cosmos-framework/cosmos_framework/data/generator/joint_dataloader.py:831: UserWarning: Length of IterableDataset <cosmos_framework.data.generator.action.datasets.action_sft_dataset.ActionIterableShuffleDataset object at 0x7f4d88cfde50> was reported to be 127(when accessing len(dataloader)), but 244 samples have been fetched. For multiprocessing data-loading, this could be caused by not properly configuring the IterableDataset replica at each worker. Please see https://pytorch.org/docs/stable/data.html#torch.utils.data.IterableDataset for examples.
  batch = next(self.dataloaders[index_id])
/disk/rl/psm_wma/cosmos-framework/cosmos_framework/data/generator/joint_dataloader.py:831: UserWarning: Length of IterableDataset <cosmos_framework.data.generator.action.datasets.action_sft_dataset.ActionIterableShuffleDataset object at 0x7f4d88cfde50> was reported to be 127(when accessing len(dataloader)), but 245 samples have been fetched. For multiprocessing data-loading, this could be caused by not properly configuring the IterableDataset replica at each worker. Please see https://pytorch.org/docs/stable/data.html#torch.utils.data.IterableDataset for examples.
  batch = next(self.dataloaders[index_id])
/disk/rl/psm_wma/cosmos-framework/cosmos_framework/data/generator/joint_dataloader.py:831: UserWarning: Length of IterableDataset <cosmos_framework.data.generator.action.datasets.action_sft_dataset.ActionIterableShuffleDataset object at 0x7f4d88cfde50> was reported to be 127(when accessing len(dataloader)), but 246 samples have been fetched. For multiprocessing data-loading, this could be caused by not properly configuring the IterableDataset replica at each worker. Please see https://pytorch.org/docs/stable/data.html#torch.utils.data.IterableDataset for examples.
  batch = next(self.dataloaders[index_id])
/disk/rl/psm_wma/cosmos-framework/cosmos_framework/data/generator/joint_dataloader.py:831: UserWarning: Length of IterableDataset <cosmos_framework.data.generator.action.datasets.action_sft_dataset.ActionIterableShuffleDataset object at 0x7f4d88cfde50> was reported to be 127(when accessing len(dataloader)), but 247 samples have been fetched. For multiprocessing data-loading, this could be caused by not properly configuring the IterableDataset replica at each worker. Please see https://pytorch.org/docs/stable/data.html#torch.utils.data.IterableDataset for examples.
  batch = next(self.dataloaders[index_id])
/disk/rl/psm_wma/cosmos-framework/cosmos_framework/data/generator/joint_dataloader.py:831: UserWarning: Length of IterableDataset <cosmos_framework.data.generator.action.datasets.action_sft_dataset.ActionIterableShuffleDataset object at 0x7f4d88cfde50> was reported to be 127(when accessing len(dataloader)), but 248 samples have been fetched. For multiprocessing data-loading, this could be caused by not properly configuring the IterableDataset replica at each worker. Please see https://pytorch.org/docs/stable/data.html#torch.utils.data.IterableDataset for examples.
  batch = next(self.dataloaders[index_id])
/disk/rl/psm_wma/cosmos-framework/cosmos_framework/data/generator/joint_dataloader.py:831: UserWarning: Length of IterableDataset <cosmos_framework.data.generator.action.datasets.action_sft_dataset.ActionIterableShuffleDataset object at 0x7f4d88cfde50> was reported to be 127(when accessing len(dataloader)), but 249 samples have been fetched. For multiprocessing data-loading, this could be caused by not properly configuring the IterableDataset replica at each worker. Please see https://pytorch.org/docs/stable/data.html#torch.utils.data.IterableDataset for examples.
  batch = next(self.dataloaders[index_id])
/disk/rl/psm_wma/cosmos-framework/cosmos_framework/data/generator/joint_dataloader.py:831: UserWarning: Length of IterableDataset <cosmos_framework.data.generator.action.datasets.action_sft_dataset.ActionIterableShuffleDataset object at 0x7f4d88cfde50> was reported to be 127(when accessing len(dataloader)), but 250 samples have been fetched. For multiprocessing data-loading, this could be caused by not properly configuring the IterableDataset replica at each worker. Please see https://pytorch.org/docs/stable/data.html#torch.utils.data.IterableDataset for examples.
  batch = next(self.dataloaders[index_id])
/disk/rl/psm_wma/cosmos-framework/cosmos_framework/data/generator/joint_dataloader.py:831: UserWarning: Length of IterableDataset <cosmos_framework.data.generator.action.datasets.action_sft_dataset.ActionIterableShuffleDataset object at 0x7f4d88cfde50> was reported to be 127(when accessing len(dataloader)), but 251 samples have been fetched. For multiprocessing data-loading, this could be caused by not properly configuring the IterableDataset replica at each worker. Please see https://pytorch.org/docs/stable/data.html#torch.utils.data.IterableDataset for examples.
  batch = next(self.dataloaders[index_id])
/disk/rl/psm_wma/cosmos-framework/cosmos_framework/data/generator/joint_dataloader.py:831: UserWarning: Length of IterableDataset <cosmos_framework.data.generator.action.datasets.action_sft_dataset.ActionIterableShuffleDataset object at 0x7f4d88cfde50> was reported to be 127(when accessing len(dataloader)), but 252 samples have been fetched. For multiprocessing data-loading, this could be caused by not properly configuring the IterableDataset replica at each worker. Please see https://pytorch.org/docs/stable/data.html#torch.utils.data.IterableDataset for examples.
  batch = next(self.dataloaders[index_id])
/disk/rl/psm_wma/cosmos-framework/cosmos_framework/data/generator/joint_dataloader.py:831: UserWarning: Length of IterableDataset <cosmos_framework.data.generator.action.datasets.action_sft_dataset.ActionIterableShuffleDataset object at 0x7f4d88cfde50> was reported to be 127(when accessing len(dataloader)), but 253 samples have been fetched. For multiprocessing data-loading, this could be caused by not properly configuring the IterableDataset replica at each worker. Please see https://pytorch.org/docs/stable/data.html#torch.utils.data.IterableDataset for examples.
  batch = next(self.dataloaders[index_id])
/disk/rl/psm_wma/cosmos-framework/cosmos_framework/data/generator/joint_dataloader.py:831: UserWarning: Length of IterableDataset <cosmos_framework.data.generator.action.datasets.action_sft_dataset.ActionIterableShuffleDataset object at 0x7f4d88cfde50> was reported to be 127(when accessing len(dataloader)), but 254 samples have been fetched. For multiprocessing data-loading, this could be caused by not properly configuring the IterableDataset replica at each worker. Please see https://pytorch.org/docs/stable/data.html#torch.utils.data.IterableDataset for examples.
  batch = next(self.dataloaders[index_id])
/disk/rl/psm_wma/cosmos-framework/cosmos_framework/data/generator/joint_dataloader.py:831: UserWarning: Length of IterableDataset <cosmos_framework.data.generator.action.datasets.action_sft_dataset.ActionIterableShuffleDataset object at 0x7f4d88cfde50> was reported to be 127(when accessing len(dataloader)), but 255 samples have been fetched. For multiprocessing data-loading, this could be caused by not properly configuring the IterableDataset replica at each worker. Please see https://pytorch.org/docs/stable/data.html#torch.utils.data.IterableDataset for examples.
  batch = next(self.dataloaders[index_id])
/disk/rl/psm_wma/cosmos-framework/cosmos_framework/data/generator/joint_dataloader.py:831: UserWarning: Length of IterableDataset <cosmos_framework.data.generator.action.datasets.action_sft_dataset.ActionIterableShuffleDataset object at 0x7f4d88cfde50> was reported to be 127(when accessing len(dataloader)), but 256 samples have been fetched. For multiprocessing data-loading, this could be caused by not properly configuring the IterableDataset replica at each worker. Please see https://pytorch.org/docs/stable/data.html#torch.utils.data.IterableDataset for examples.
  batch = next(self.dataloaders[index_id])
/disk/rl/psm_wma/cosmos-framework/cosmos_framework/data/generator/joint_dataloader.py:831: UserWarning: Length of IterableDataset <cosmos_framework.data.generator.action.datasets.action_sft_dataset.ActionIterableShuffleDataset object at 0x7f4d88cfee90> was reported to be 96(when accessing len(dataloader)), but 129 samples have been fetched. For multiprocessing data-loading, this could be caused by not properly configuring the IterableDataset replica at each worker. Please see https://pytorch.org/docs/stable/data.html#torch.utils.data.IterableDataset for examples.
  batch = next(self.dataloaders[index_id])
/disk/rl/psm_wma/cosmos-framework/cosmos_framework/data/generator/joint_dataloader.py:831: UserWarning: Length of IterableDataset <cosmos_framework.data.generator.action.datasets.action_sft_dataset.ActionIterableShuffleDataset object at 0x7f4d88cfee90> was reported to be 96(when accessing len(dataloader)), but 130 samples have been fetched. For multiprocessing data-loading, this could be caused by not properly configuring the IterableDataset replica at each worker. Please see https://pytorch.org/docs/stable/data.html#torch.utils.data.IterableDataset for examples.
  batch = next(self.dataloaders[index_id])
/disk/rl/psm_wma/cosmos-framework/cosmos_framework/data/generator/joint_dataloader.py:831: UserWarning: Length of IterableDataset <cosmos_framework.data.generator.action.datasets.action_sft_dataset.ActionIterableShuffleDataset object at 0x7f4d88cfee90> was reported to be 96(when accessing len(dataloader)), but 131 samples have been fetched. For multiprocessing data-loading, this could be caused by not properly configuring the IterableDataset replica at each worker. Please see https://pytorch.org/docs/stable/data.html#torch.utils.data.IterableDataset for examples.
  batch = next(self.dataloaders[index_id])
/disk/rl/psm_wma/cosmos-framework/cosmos_framework/data/generator/joint_dataloader.py:831: UserWarning: Length of IterableDataset <cosmos_framework.data.generator.action.datasets.action_sft_dataset.ActionIterableShuffleDataset object at 0x7f4d88cfee90> was reported to be 96(when accessing len(dataloader)), but 132 samples have been fetched. For multiprocessing data-loading, this could be caused by not properly configuring the IterableDataset replica at each worker. Please see https://pytorch.org/docs/stable/data.html#torch.utils.data.IterableDataset for examples.
  batch = next(self.dataloaders[index_id])
/disk/rl/psm_wma/cosmos-framework/cosmos_framework/data/generator/joint_dataloader.py:831: UserWarning: Length of IterableDataset <cosmos_framework.data.generator.action.datasets.action_sft_dataset.ActionIterableShuffleDataset object at 0x7f4d88cfee90> was reported to be 96(when accessing len(dataloader)), but 133 samples have been fetched. For multiprocessing data-loading, this could be caused by not properly configuring the IterableDataset replica at each worker. Please see https://pytorch.org/docs/stable/data.html#torch.utils.data.IterableDataset for examples.
  batch = next(self.dataloaders[index_id])
/disk/rl/psm_wma/cosmos-framework/cosmos_framework/data/generator/joint_dataloader.py:831: UserWarning: Length of IterableDataset <cosmos_framework.data.generator.action.datasets.action_sft_dataset.ActionIterableShuffleDataset object at 0x7f4d88cfee90> was reported to be 96(when accessing len(dataloader)), but 134 samples have been fetched. For multiprocessing data-loading, this could be caused by not properly configuring the IterableDataset replica at each worker. Please see https://pytorch.org/docs/stable/data.html#torch.utils.data.IterableDataset for examples.
  batch = next(self.dataloaders[index_id])
/disk/rl/psm_wma/cosmos-framework/cosmos_framework/data/generator/joint_dataloader.py:831: UserWarning: Length of IterableDataset <cosmos_framework.data.generator.action.datasets.action_sft_dataset.ActionIterableShuffleDataset object at 0x7f4d88cfee90> was reported to be 96(when accessing len(dataloader)), but 135 samples have been fetched. For multiprocessing data-loading, this could be caused by not properly configuring the IterableDataset replica at each worker. Please see https://pytorch.org/docs/stable/data.html#torch.utils.data.IterableDataset for examples.
  batch = next(self.dataloaders[index_id])
/disk/rl/psm_wma/cosmos-framework/cosmos_framework/data/generator/joint_dataloader.py:831: UserWarning: Length of IterableDataset <cosmos_framework.data.generator.action.datasets.action_sft_dataset.ActionIterableShuffleDataset object at 0x7f4d88cfee90> was reported to be 96(when accessing len(dataloader)), but 136 samples have been fetched. For multiprocessing data-loading, this could be caused by not properly configuring the IterableDataset replica at each worker. Please see https://pytorch.org/docs/stable/data.html#torch.utils.data.IterableDataset for examples.
  batch = next(self.dataloaders[index_id])
/disk/rl/psm_wma/cosmos-framework/cosmos_framework/data/generator/joint_dataloader.py:831: UserWarning: Length of IterableDataset <cosmos_framework.data.generator.action.datasets.action_sft_dataset.ActionIterableShuffleDataset object at 0x7f4d88cfee90> was reported to be 96(when accessing len(dataloader)), but 137 samples have been fetched. For multiprocessing data-loading, this could be caused by not properly configuring the IterableDataset replica at each worker. Please see https://pytorch.org/docs/stable/data.html#torch.utils.data.IterableDataset for examples.
  batch = next(self.dataloaders[index_id])
/disk/rl/psm_wma/cosmos-framework/cosmos_framework/data/generator/joint_dataloader.py:831: UserWarning: Length of IterableDataset <cosmos_framework.data.generator.action.datasets.action_sft_dataset.ActionIterableShuffleDataset object at 0x7f4d88cfee90> was reported to be 96(when accessing len(dataloader)), but 138 samples have been fetched. For multiprocessing data-loading, this could be caused by not properly configuring the IterableDataset replica at each worker. Please see https://pytorch.org/docs/stable/data.html#torch.utils.data.IterableDataset for examples.
  batch = next(self.dataloaders[index_id])
/disk/rl/psm_wma/cosmos-framework/cosmos_framework/data/generator/joint_dataloader.py:831: UserWarning: Length of IterableDataset <cosmos_framework.data.generator.action.datasets.action_sft_dataset.ActionIterableShuffleDataset object at 0x7f4d88cfee90> was reported to be 96(when accessing len(dataloader)), but 139 samples have been fetched. For multiprocessing data-loading, this could be caused by not properly configuring the IterableDataset replica at each worker. Please see https://pytorch.org/docs/stable/data.html#torch.utils.data.IterableDataset for examples.
  batch = next(self.dataloaders[index_id])
/disk/rl/psm_wma/cosmos-framework/cosmos_framework/data/generator/joint_dataloader.py:831: UserWarning: Length of IterableDataset <cosmos_framework.data.generator.action.datasets.action_sft_dataset.ActionIterableShuffleDataset object at 0x7f4d88cfee90> was reported to be 96(when accessing len(dataloader)), but 140 samples have been fetched. For multiprocessing data-loading, this could be caused by not properly configuring the IterableDataset replica at each worker. Please see https://pytorch.org/docs/stable/data.html#torch.utils.data.IterableDataset for examples.
  batch = next(self.dataloaders[index_id])
/disk/rl/psm_wma/cosmos-framework/cosmos_framework/data/generator/joint_dataloader.py:831: UserWarning: Length of IterableDataset <cosmos_framework.data.generator.action.datasets.action_sft_dataset.ActionIterableShuffleDataset object at 0x7f4d88cfee90> was reported to be 96(when accessing len(dataloader)), but 141 samples have been fetched. For multiprocessing data-loading, this could be caused by not properly configuring the IterableDataset replica at each worker. Please see https://pytorch.org/docs/stable/data.html#torch.utils.data.IterableDataset for examples.
  batch = next(self.dataloaders[index_id])
/disk/rl/psm_wma/cosmos-framework/cosmos_framework/data/generator/joint_dataloader.py:831: UserWarning: Length of IterableDataset <cosmos_framework.data.generator.action.datasets.action_sft_dataset.ActionIterableShuffleDataset object at 0x7f4d88cfee90> was reported to be 96(when accessing len(dataloader)), but 142 samples have been fetched. For multiprocessing data-loading, this could be caused by not properly configuring the IterableDataset replica at each worker. Please see https://pytorch.org/docs/stable/data.html#torch.utils.data.IterableDataset for examples.
  batch = next(self.dataloaders[index_id])
/disk/rl/psm_wma/cosmos-framework/cosmos_framework/data/generator/joint_dataloader.py:831: UserWarning: Length of IterableDataset <cosmos_framework.data.generator.action.datasets.action_sft_dataset.ActionIterableShuffleDataset object at 0x7f4d88cfee90> was reported to be 96(when accessing len(dataloader)), but 143 samples have been fetched. For multiprocessing data-loading, this could be caused by not properly configuring the IterableDataset replica at each worker. Please see https://pytorch.org/docs/stable/data.html#torch.utils.data.IterableDataset for examples.
  batch = next(self.dataloaders[index_id])
/disk/rl/psm_wma/cosmos-framework/cosmos_framework/data/generator/joint_dataloader.py:831: UserWarning: Length of IterableDataset <cosmos_framework.data.generator.action.datasets.action_sft_dataset.ActionIterableShuffleDataset object at 0x7f4d88cfee90> was reported to be 96(when accessing len(dataloader)), but 144 samples have been fetched. For multiprocessing data-loading, this could be caused by not properly configuring the IterableDataset replica at each worker. Please see https://pytorch.org/docs/stable/data.html#torch.utils.data.IterableDataset for examples.
  batch = next(self.dataloaders[index_id])
/disk/rl/psm_wma/cosmos-framework/cosmos_framework/data/generator/joint_dataloader.py:831: UserWarning: Length of IterableDataset <cosmos_framework.data.generator.action.datasets.action_sft_dataset.ActionIterableShuffleDataset object at 0x7f4d88cfee90> was reported to be 96(when accessing len(dataloader)), but 145 samples have been fetched. For multiprocessing data-loading, this could be caused by not properly configuring the IterableDataset replica at each worker. Please see https://pytorch.org/docs/stable/data.html#torch.utils.data.IterableDataset for examples.
  batch = next(self.dataloaders[index_id])
/disk/rl/psm_wma/cosmos-framework/cosmos_framework/data/generator/joint_dataloader.py:831: UserWarning: Length of IterableDataset <cosmos_framework.data.generator.action.datasets.action_sft_dataset.ActionIterableShuffleDataset object at 0x7f4d88cfee90> was reported to be 96(when accessing len(dataloader)), but 146 samples have been fetched. For multiprocessing data-loading, this could be caused by not properly configuring the IterableDataset replica at each worker. Please see https://pytorch.org/docs/stable/data.html#torch.utils.data.IterableDataset for examples.
  batch = next(self.dataloaders[index_id])
/disk/rl/psm_wma/cosmos-framework/cosmos_framework/data/generator/joint_dataloader.py:831: UserWarning: Length of IterableDataset <cosmos_framework.data.generator.action.datasets.action_sft_dataset.ActionIterableShuffleDataset object at 0x7f4d88cfee90> was reported to be 96(when accessing len(dataloader)), but 147 samples have been fetched. For multiprocessing data-loading, this could be caused by not properly configuring the IterableDataset replica at each worker. Please see https://pytorch.org/docs/stable/data.html#torch.utils.data.IterableDataset for examples.
  batch = next(self.dataloaders[index_id])
/disk/rl/psm_wma/cosmos-framework/cosmos_framework/data/generator/joint_dataloader.py:831: UserWarning: Length of IterableDataset <cosmos_framework.data.generator.action.datasets.action_sft_dataset.ActionIterableShuffleDataset object at 0x7f4d88cfee90> was reported to be 96(when accessing len(dataloader)), but 148 samples have been fetched. For multiprocessing data-loading, this could be caused by not properly configuring the IterableDataset replica at each worker. Please see https://pytorch.org/docs/stable/data.html#torch.utils.data.IterableDataset for examples.
  batch = next(self.dataloaders[index_id])
/disk/rl/psm_wma/cosmos-framework/cosmos_framework/data/generator/joint_dataloader.py:831: UserWarning: Length of IterableDataset <cosmos_framework.data.generator.action.datasets.action_sft_dataset.ActionIterableShuffleDataset object at 0x7f4d88cfee90> was reported to be 96(when accessing len(dataloader)), but 149 samples have been fetched. For multiprocessing data-loading, this could be caused by not properly configuring the IterableDataset replica at each worker. Please see https://pytorch.org/docs/stable/data.html#torch.utils.data.IterableDataset for examples.
  batch = next(self.dataloaders[index_id])
/disk/rl/psm_wma/cosmos-framework/cosmos_framework/data/generator/joint_dataloader.py:831: UserWarning: Length of IterableDataset <cosmos_framework.data.generator.action.datasets.action_sft_dataset.ActionIterableShuffleDataset object at 0x7f4d88cfee90> was reported to be 96(when accessing len(dataloader)), but 150 samples have been fetched. For multiprocessing data-loading, this could be caused by not properly configuring the IterableDataset replica at each worker. Please see https://pytorch.org/docs/stable/data.html#torch.utils.data.IterableDataset for examples.
  batch = next(self.dataloaders[index_id])
/disk/rl/psm_wma/cosmos-framework/cosmos_framework/data/generator/joint_dataloader.py:831: UserWarning: Length of IterableDataset <cosmos_framework.data.generator.action.datasets.action_sft_dataset.ActionIterableShuffleDataset object at 0x7f4d88cfee90> was reported to be 96(when accessing len(dataloader)), but 151 samples have been fetched. For multiprocessing data-loading, this could be caused by not properly configuring the IterableDataset replica at each worker. Please see https://pytorch.org/docs/stable/data.html#torch.utils.data.IterableDataset for examples.
  batch = next(self.dataloaders[index_id])
/disk/rl/psm_wma/cosmos-framework/cosmos_framework/data/generator/joint_dataloader.py:831: UserWarning: Length of IterableDataset <cosmos_framework.data.generator.action.datasets.action_sft_dataset.ActionIterableShuffleDataset object at 0x7f4d88cfee90> was reported to be 96(when accessing len(dataloader)), but 152 samples have been fetched. For multiprocessing data-loading, this could be caused by not properly configuring the IterableDataset replica at each worker. Please see https://pytorch.org/docs/stable/data.html#torch.utils.data.IterableDataset for examples.
  batch = next(self.dataloaders[index_id])
/disk/rl/psm_wma/cosmos-framework/cosmos_framework/data/generator/joint_dataloader.py:831: UserWarning: Length of IterableDataset <cosmos_framework.data.generator.action.datasets.action_sft_dataset.ActionIterableShuffleDataset object at 0x7f4d88cfee90> was reported to be 96(when accessing len(dataloader)), but 153 samples have been fetched. For multiprocessing data-loading, this could be caused by not properly configuring the IterableDataset replica at each worker. Please see https://pytorch.org/docs/stable/data.html#torch.utils.data.IterableDataset for examples.
  batch = next(self.dataloaders[index_id])
/disk/rl/psm_wma/cosmos-framework/cosmos_framework/data/generator/joint_dataloader.py:831: UserWarning: Length of IterableDataset <cosmos_framework.data.generator.action.datasets.action_sft_dataset.ActionIterableShuffleDataset object at 0x7f4d88cfee90> was reported to be 96(when accessing len(dataloader)), but 154 samples have been fetched. For multiprocessing data-loading, this could be caused by not properly configuring the IterableDataset replica at each worker. Please see https://pytorch.org/docs/stable/data.html#torch.utils.data.IterableDataset for examples.
  batch = next(self.dataloaders[index_id])
/disk/rl/psm_wma/cosmos-framework/cosmos_framework/data/generator/joint_dataloader.py:831: UserWarning: Length of IterableDataset <cosmos_framework.data.generator.action.datasets.action_sft_dataset.ActionIterableShuffleDataset object at 0x7f4d88cfee90> was reported to be 96(when accessing len(dataloader)), but 155 samples have been fetched. For multiprocessing data-loading, this could be caused by not properly configuring the IterableDataset replica at each worker. Please see https://pytorch.org/docs/stable/data.html#torch.utils.data.IterableDataset for examples.
  batch = next(self.dataloaders[index_id])
/disk/rl/psm_wma/cosmos-framework/cosmos_framework/data/generator/joint_dataloader.py:831: UserWarning: Length of IterableDataset <cosmos_framework.data.generator.action.datasets.action_sft_dataset.ActionIterableShuffleDataset object at 0x7f4d88cfee90> was reported to be 96(when accessing len(dataloader)), but 156 samples have been fetched. For multiprocessing data-loading, this could be caused by not properly configuring the IterableDataset replica at each worker. Please see https://pytorch.org/docs/stable/data.html#torch.utils.data.IterableDataset for examples.
  batch = next(self.dataloaders[index_id])
/disk/rl/psm_wma/cosmos-framework/cosmos_framework/data/generator/joint_dataloader.py:831: UserWarning: Length of IterableDataset <cosmos_framework.data.generator.action.datasets.action_sft_dataset.ActionIterableShuffleDataset object at 0x7f4d88cfee90> was reported to be 96(when accessing len(dataloader)), but 157 samples have been fetched. For multiprocessing data-loading, this could be caused by not properly configuring the IterableDataset replica at each worker. Please see https://pytorch.org/docs/stable/data.html#torch.utils.data.IterableDataset for examples.
  batch = next(self.dataloaders[index_id])
/disk/rl/psm_wma/cosmos-framework/cosmos_framework/data/generator/joint_dataloader.py:831: UserWarning: Length of IterableDataset <cosmos_framework.data.generator.action.datasets.action_sft_dataset.ActionIterableShuffleDataset object at 0x7f4d88cfee90> was reported to be 96(when accessing len(dataloader)), but 158 samples have been fetched. For multiprocessing data-loading, this could be caused by not properly configuring the IterableDataset replica at each worker. Please see https://pytorch.org/docs/stable/data.html#torch.utils.data.IterableDataset for examples.
  batch = next(self.dataloaders[index_id])
/disk/rl/psm_wma/cosmos-framework/cosmos_framework/data/generator/joint_dataloader.py:831: UserWarning: Length of IterableDataset <cosmos_framework.data.generator.action.datasets.action_sft_dataset.ActionIterableShuffleDataset object at 0x7f4d88cfee90> was reported to be 96(when accessing len(dataloader)), but 159 samples have been fetched. For multiprocessing data-loading, this could be caused by not properly configuring the IterableDataset replica at each worker. Please see https://pytorch.org/docs/stable/data.html#torch.utils.data.IterableDataset for examples.
  batch = next(self.dataloaders[index_id])
/disk/rl/psm_wma/cosmos-framework/cosmos_framework/data/generator/joint_dataloader.py:831: UserWarning: Length of IterableDataset <cosmos_framework.data.generator.action.datasets.action_sft_dataset.ActionIterableShuffleDataset object at 0x7f4d88cfee90> was reported to be 96(when accessing len(dataloader)), but 160 samples have been fetched. For multiprocessing data-loading, this could be caused by not properly configuring the IterableDataset replica at each worker. Please see https://pytorch.org/docs/stable/data.html#torch.utils.data.IterableDataset for examples.
  batch = next(self.dataloaders[index_id])
/disk/rl/psm_wma/cosmos-framework/cosmos_framework/data/generator/joint_dataloader.py:831: UserWarning: Length of IterableDataset <cosmos_framework.data.generator.action.datasets.action_sft_dataset.ActionIterableShuffleDataset object at 0x7f4d88cfee90> was reported to be 96(when accessing len(dataloader)), but 161 samples have been fetched. For multiprocessing data-loading, this could be caused by not properly configuring the IterableDataset replica at each worker. Please see https://pytorch.org/docs/stable/data.html#torch.utils.data.IterableDataset for examples.
  batch = next(self.dataloaders[index_id])
/disk/rl/psm_wma/cosmos-framework/cosmos_framework/data/generator/joint_dataloader.py:831: UserWarning: Length of IterableDataset <cosmos_framework.data.generator.action.datasets.action_sft_dataset.ActionIterableShuffleDataset object at 0x7f4d88cfee90> was reported to be 96(when accessing len(dataloader)), but 162 samples have been fetched. For multiprocessing data-loading, this could be caused by not properly configuring the IterableDataset replica at each worker. Please see https://pytorch.org/docs/stable/data.html#torch.utils.data.IterableDataset for examples.
  batch = next(self.dataloaders[index_id])
/disk/rl/psm_wma/cosmos-framework/cosmos_framework/data/generator/joint_dataloader.py:831: UserWarning: Length of IterableDataset <cosmos_framework.data.generator.action.datasets.action_sft_dataset.ActionIterableShuffleDataset object at 0x7f4d88cfee90> was reported to be 96(when accessing len(dataloader)), but 163 samples have been fetched. For multiprocessing data-loading, this could be caused by not properly configuring the IterableDataset replica at each worker. Please see https://pytorch.org/docs/stable/data.html#torch.utils.data.IterableDataset for examples.
  batch = next(self.dataloaders[index_id])
/disk/rl/psm_wma/cosmos-framework/cosmos_framework/data/generator/joint_dataloader.py:831: UserWarning: Length of IterableDataset <cosmos_framework.data.generator.action.datasets.action_sft_dataset.ActionIterableShuffleDataset object at 0x7f4d88cfee90> was reported to be 96(when accessing len(dataloader)), but 164 samples have been fetched. For multiprocessing data-loading, this could be caused by not properly configuring the IterableDataset replica at each worker. Please see https://pytorch.org/docs/stable/data.html#torch.utils.data.IterableDataset for examples.
  batch = next(self.dataloaders[index_id])
/disk/rl/psm_wma/cosmos-framework/cosmos_framework/data/generator/joint_dataloader.py:831: UserWarning: Length of IterableDataset <cosmos_framework.data.generator.action.datasets.action_sft_dataset.ActionIterableShuffleDataset object at 0x7f4d88cfee90> was reported to be 96(when accessing len(dataloader)), but 165 samples have been fetched. For multiprocessing data-loading, this could be caused by not properly configuring the IterableDataset replica at each worker. Please see https://pytorch.org/docs/stable/data.html#torch.utils.data.IterableDataset for examples.
  batch = next(self.dataloaders[index_id])
/disk/rl/psm_wma/cosmos-framework/cosmos_framework/data/generator/joint_dataloader.py:831: UserWarning: Length of IterableDataset <cosmos_framework.data.generator.action.datasets.action_sft_dataset.ActionIterableShuffleDataset object at 0x7f4d88cfee90> was reported to be 96(when accessing len(dataloader)), but 166 samples have been fetched. For multiprocessing data-loading, this could be caused by not properly configuring the IterableDataset replica at each worker. Please see https://pytorch.org/docs/stable/data.html#torch.utils.data.IterableDataset for examples.
  batch = next(self.dataloaders[index_id])
/disk/rl/psm_wma/cosmos-framework/cosmos_framework/data/generator/joint_dataloader.py:831: UserWarning: Length of IterableDataset <cosmos_framework.data.generator.action.datasets.action_sft_dataset.ActionIterableShuffleDataset object at 0x7f4d88cfee90> was reported to be 96(when accessing len(dataloader)), but 167 samples have been fetched. For multiprocessing data-loading, this could be caused by not properly configuring the IterableDataset replica at each worker. Please see https://pytorch.org/docs/stable/data.html#torch.utils.data.IterableDataset for examples.
  batch = next(self.dataloaders[index_id])
/disk/rl/psm_wma/cosmos-framework/cosmos_framework/data/generator/joint_dataloader.py:831: UserWarning: Length of IterableDataset <cosmos_framework.data.generator.action.datasets.action_sft_dataset.ActionIterableShuffleDataset object at 0x7f4d88cfee90> was reported to be 96(when accessing len(dataloader)), but 168 samples have been fetched. For multiprocessing data-loading, this could be caused by not properly configuring the IterableDataset replica at each worker. Please see https://pytorch.org/docs/stable/data.html#torch.utils.data.IterableDataset for examples.
  batch = next(self.dataloaders[index_id])
/disk/rl/psm_wma/cosmos-framework/cosmos_framework/data/generator/joint_dataloader.py:831: UserWarning: Length of IterableDataset <cosmos_framework.data.generator.action.datasets.action_sft_dataset.ActionIterableShuffleDataset object at 0x7f4d88cfee90> was reported to be 96(when accessing len(dataloader)), but 169 samples have been fetched. For multiprocessing data-loading, this could be caused by not properly configuring the IterableDataset replica at each worker. Please see https://pytorch.org/docs/stable/data.html#torch.utils.data.IterableDataset for examples.
  batch = next(self.dataloaders[index_id])
/disk/rl/psm_wma/cosmos-framework/cosmos_framework/data/generator/joint_dataloader.py:831: UserWarning: Length of IterableDataset <cosmos_framework.data.generator.action.datasets.action_sft_dataset.ActionIterableShuffleDataset object at 0x7f4d88cfee90> was reported to be 96(when accessing len(dataloader)), but 170 samples have been fetched. For multiprocessing data-loading, this could be caused by not properly configuring the IterableDataset replica at each worker. Please see https://pytorch.org/docs/stable/data.html#torch.utils.data.IterableDataset for examples.
  batch = next(self.dataloaders[index_id])
/disk/rl/psm_wma/cosmos-framework/cosmos_framework/data/generator/joint_dataloader.py:831: UserWarning: Length of IterableDataset <cosmos_framework.data.generator.action.datasets.action_sft_dataset.ActionIterableShuffleDataset object at 0x7f4d88cfee90> was reported to be 96(when accessing len(dataloader)), but 171 samples have been fetched. For multiprocessing data-loading, this could be caused by not properly configuring the IterableDataset replica at each worker. Please see https://pytorch.org/docs/stable/data.html#torch.utils.data.IterableDataset for examples.
  batch = next(self.dataloaders[index_id])
/disk/rl/psm_wma/cosmos-framework/cosmos_framework/data/generator/joint_dataloader.py:831: UserWarning: Length of IterableDataset <cosmos_framework.data.generator.action.datasets.action_sft_dataset.ActionIterableShuffleDataset object at 0x7f4d88cfee90> was reported to be 96(when accessing len(dataloader)), but 172 samples have been fetched. For multiprocessing data-loading, this could be caused by not properly configuring the IterableDataset replica at each worker. Please see https://pytorch.org/docs/stable/data.html#torch.utils.data.IterableDataset for examples.
  batch = next(self.dataloaders[index_id])
/disk/rl/psm_wma/cosmos-framework/cosmos_framework/data/generator/joint_dataloader.py:831: UserWarning: Length of IterableDataset <cosmos_framework.data.generator.action.datasets.action_sft_dataset.ActionIterableShuffleDataset object at 0x7f4d88cfee90> was reported to be 96(when accessing len(dataloader)), but 173 samples have been fetched. For multiprocessing data-loading, this could be caused by not properly configuring the IterableDataset replica at each worker. Please see https://pytorch.org/docs/stable/data.html#torch.utils.data.IterableDataset for examples.
  batch = next(self.dataloaders[index_id])
/disk/rl/psm_wma/cosmos-framework/cosmos_framework/data/generator/joint_dataloader.py:831: UserWarning: Length of IterableDataset <cosmos_framework.data.generator.action.datasets.action_sft_dataset.ActionIterableShuffleDataset object at 0x7f4d88cfee90> was reported to be 96(when accessing len(dataloader)), but 174 samples have been fetched. For multiprocessing data-loading, this could be caused by not properly configuring the IterableDataset replica at each worker. Please see https://pytorch.org/docs/stable/data.html#torch.utils.data.IterableDataset for examples.
  batch = next(self.dataloaders[index_id])
/disk/rl/psm_wma/cosmos-framework/cosmos_framework/data/generator/joint_dataloader.py:831: UserWarning: Length of IterableDataset <cosmos_framework.data.generator.action.datasets.action_sft_dataset.ActionIterableShuffleDataset object at 0x7f4d88cfee90> was reported to be 96(when accessing len(dataloader)), but 175 samples have been fetched. For multiprocessing data-loading, this could be caused by not properly configuring the IterableDataset replica at each worker. Please see https://pytorch.org/docs/stable/data.html#torch.utils.data.IterableDataset for examples.
  batch = next(self.dataloaders[index_id])
/disk/rl/psm_wma/cosmos-framework/cosmos_framework/data/generator/joint_dataloader.py:831: UserWarning: Length of IterableDataset <cosmos_framework.data.generator.action.datasets.action_sft_dataset.ActionIterableShuffleDataset object at 0x7f4d88cfee90> was reported to be 96(when accessing len(dataloader)), but 176 samples have been fetched. For multiprocessing data-loading, this could be caused by not properly configuring the IterableDataset replica at each worker. Please see https://pytorch.org/docs/stable/data.html#torch.utils.data.IterableDataset for examples.
  batch = next(self.dataloaders[index_id])
/disk/rl/psm_wma/cosmos-framework/cosmos_framework/data/generator/joint_dataloader.py:831: UserWarning: Length of IterableDataset <cosmos_framework.data.generator.action.datasets.action_sft_dataset.ActionIterableShuffleDataset object at 0x7f4d88cfee90> was reported to be 96(when accessing len(dataloader)), but 177 samples have been fetched. For multiprocessing data-loading, this could be caused by not properly configuring the IterableDataset replica at each worker. Please see https://pytorch.org/docs/stable/data.html#torch.utils.data.IterableDataset for examples.
  batch = next(self.dataloaders[index_id])
/disk/rl/psm_wma/cosmos-framework/cosmos_framework/data/generator/joint_dataloader.py:831: UserWarning: Length of IterableDataset <cosmos_framework.data.generator.action.datasets.action_sft_dataset.ActionIterableShuffleDataset object at 0x7f4d88cfee90> was reported to be 96(when accessing len(dataloader)), but 178 samples have been fetched. For multiprocessing data-loading, this could be caused by not properly configuring the IterableDataset replica at each worker. Please see https://pytorch.org/docs/stable/data.html#torch.utils.data.IterableDataset for examples.
  batch = next(self.dataloaders[index_id])
/disk/rl/psm_wma/cosmos-framework/cosmos_framework/data/generator/joint_dataloader.py:831: UserWarning: Length of IterableDataset <cosmos_framework.data.generator.action.datasets.action_sft_dataset.ActionIterableShuffleDataset object at 0x7f4d88cfee90> was reported to be 96(when accessing len(dataloader)), but 179 samples have been fetched. For multiprocessing data-loading, this could be caused by not properly configuring the IterableDataset replica at each worker. Please see https://pytorch.org/docs/stable/data.html#torch.utils.data.IterableDataset for examples.
  batch = next(self.dataloaders[index_id])
/disk/rl/psm_wma/cosmos-framework/cosmos_framework/data/generator/joint_dataloader.py:831: UserWarning: Length of IterableDataset <cosmos_framework.data.generator.action.datasets.action_sft_dataset.ActionIterableShuffleDataset object at 0x7f4d88cfee90> was reported to be 96(when accessing len(dataloader)), but 180 samples have been fetched. For multiprocessing data-loading, this could be caused by not properly configuring the IterableDataset replica at each worker. Please see https://pytorch.org/docs/stable/data.html#torch.utils.data.IterableDataset for examples.
  batch = next(self.dataloaders[index_id])
/disk/rl/psm_wma/cosmos-framework/cosmos_framework/data/generator/joint_dataloader.py:831: UserWarning: Length of IterableDataset <cosmos_framework.data.generator.action.datasets.action_sft_dataset.ActionIterableShuffleDataset object at 0x7f4d88cfee90> was reported to be 96(when accessing len(dataloader)), but 181 samples have been fetched. For multiprocessing data-loading, this could be caused by not properly configuring the IterableDataset replica at each worker. Please see https://pytorch.org/docs/stable/data.html#torch.utils.data.IterableDataset for examples.
  batch = next(self.dataloaders[index_id])
/disk/rl/psm_wma/cosmos-framework/cosmos_framework/data/generator/joint_dataloader.py:831: UserWarning: Length of IterableDataset <cosmos_framework.data.generator.action.datasets.action_sft_dataset.ActionIterableShuffleDataset object at 0x7f4d88cfee90> was reported to be 96(when accessing len(dataloader)), but 182 samples have been fetched. For multiprocessing data-loading, this could be caused by not properly configuring the IterableDataset replica at each worker. Please see https://pytorch.org/docs/stable/data.html#torch.utils.data.IterableDataset for examples.
  batch = next(self.dataloaders[index_id])
/disk/rl/psm_wma/cosmos-framework/cosmos_framework/data/generator/joint_dataloader.py:831: UserWarning: Length of IterableDataset <cosmos_framework.data.generator.action.datasets.action_sft_dataset.ActionIterableShuffleDataset object at 0x7f4d88cfee90> was reported to be 96(when accessing len(dataloader)), but 183 samples have been fetched. For multiprocessing data-loading, this could be caused by not properly configuring the IterableDataset replica at each worker. Please see https://pytorch.org/docs/stable/data.html#torch.utils.data.IterableDataset for examples.
  batch = next(self.dataloaders[index_id])
/disk/rl/psm_wma/cosmos-framework/cosmos_framework/data/generator/joint_dataloader.py:831: UserWarning: Length of IterableDataset <cosmos_framework.data.generator.action.datasets.action_sft_dataset.ActionIterableShuffleDataset object at 0x7f4d88cfee90> was reported to be 96(when accessing len(dataloader)), but 184 samples have been fetched. For multiprocessing data-loading, this could be caused by not properly configuring the IterableDataset replica at each worker. Please see https://pytorch.org/docs/stable/data.html#torch.utils.data.IterableDataset for examples.
  batch = next(self.dataloaders[index_id])
/disk/rl/psm_wma/cosmos-framework/cosmos_framework/data/generator/joint_dataloader.py:831: UserWarning: Length of IterableDataset <cosmos_framework.data.generator.action.datasets.action_sft_dataset.ActionIterableShuffleDataset object at 0x7f4d88cfee90> was reported to be 96(when accessing len(dataloader)), but 185 samples have been fetched. For multiprocessing data-loading, this could be caused by not properly configuring the IterableDataset replica at each worker. Please see https://pytorch.org/docs/stable/data.html#torch.utils.data.IterableDataset for examples.
  batch = next(self.dataloaders[index_id])
/disk/rl/psm_wma/cosmos-framework/cosmos_framework/data/generator/joint_dataloader.py:831: UserWarning: Length of IterableDataset <cosmos_framework.data.generator.action.datasets.action_sft_dataset.ActionIterableShuffleDataset object at 0x7f4d88cfee90> was reported to be 96(when accessing len(dataloader)), but 186 samples have been fetched. For multiprocessing data-loading, this could be caused by not properly configuring the IterableDataset replica at each worker. Please see https://pytorch.org/docs/stable/data.html#torch.utils.data.IterableDataset for examples.
  batch = next(self.dataloaders[index_id])
/disk/rl/psm_wma/cosmos-framework/cosmos_framework/data/generator/joint_dataloader.py:831: UserWarning: Length of IterableDataset <cosmos_framework.data.generator.action.datasets.action_sft_dataset.ActionIterableShuffleDataset object at 0x7f4d88cfee90> was reported to be 96(when accessing len(dataloader)), but 187 samples have been fetched. For multiprocessing data-loading, this could be caused by not properly configuring the IterableDataset replica at each worker. Please see https://pytorch.org/docs/stable/data.html#torch.utils.data.IterableDataset for examples.
  batch = next(self.dataloaders[index_id])
/disk/rl/psm_wma/cosmos-framework/cosmos_framework/data/generator/joint_dataloader.py:831: UserWarning: Length of IterableDataset <cosmos_framework.data.generator.action.datasets.action_sft_dataset.ActionIterableShuffleDataset object at 0x7f4d88cfee90> was reported to be 96(when accessing len(dataloader)), but 188 samples have been fetched. For multiprocessing data-loading, this could be caused by not properly configuring the IterableDataset replica at each worker. Please see https://pytorch.org/docs/stable/data.html#torch.utils.data.IterableDataset for examples.
  batch = next(self.dataloaders[index_id])
/disk/rl/psm_wma/cosmos-framework/cosmos_framework/data/generator/joint_dataloader.py:831: UserWarning: Length of IterableDataset <cosmos_framework.data.generator.action.datasets.action_sft_dataset.ActionIterableShuffleDataset object at 0x7f4d88cfee90> was reported to be 96(when accessing len(dataloader)), but 189 samples have been fetched. For multiprocessing data-loading, this could be caused by not properly configuring the IterableDataset replica at each worker. Please see https://pytorch.org/docs/stable/data.html#torch.utils.data.IterableDataset for examples.
  batch = next(self.dataloaders[index_id])
/disk/rl/psm_wma/cosmos-framework/cosmos_framework/data/generator/joint_dataloader.py:831: UserWarning: Length of IterableDataset <cosmos_framework.data.generator.action.datasets.action_sft_dataset.ActionIterableShuffleDataset object at 0x7f4d88cfee90> was reported to be 96(when accessing len(dataloader)), but 190 samples have been fetched. For multiprocessing data-loading, this could be caused by not properly configuring the IterableDataset replica at each worker. Please see https://pytorch.org/docs/stable/data.html#torch.utils.data.IterableDataset for examples.
  batch = next(self.dataloaders[index_id])
/disk/rl/psm_wma/cosmos-framework/cosmos_framework/data/generator/joint_dataloader.py:831: UserWarning: Length of IterableDataset <cosmos_framework.data.generator.action.datasets.action_sft_dataset.ActionIterableShuffleDataset object at 0x7f4d88cfee90> was reported to be 96(when accessing len(dataloader)), but 191 samples have been fetched. For multiprocessing data-loading, this could be caused by not properly configuring the IterableDataset replica at each worker. Please see https://pytorch.org/docs/stable/data.html#torch.utils.data.IterableDataset for examples.
  batch = next(self.dataloaders[index_id])
/disk/rl/psm_wma/cosmos-framework/cosmos_framework/data/generator/joint_dataloader.py:831: UserWarning: Length of IterableDataset <cosmos_framework.data.generator.action.datasets.action_sft_dataset.ActionIterableShuffleDataset object at 0x7f4d88cfee90> was reported to be 96(when accessing len(dataloader)), but 192 samples have been fetched. For multiprocessing data-loading, this could be caused by not properly configuring the IterableDataset replica at each worker. Please see https://pytorch.org/docs/stable/data.html#torch.utils.data.IterableDataset for examples.
  batch = next(self.dataloaders[index_id])
/disk/rl/psm_wma/cosmos-framework/cosmos_framework/data/generator/joint_dataloader.py:831: UserWarning: Length of IterableDataset <cosmos_framework.data.generator.action.datasets.action_sft_dataset.ActionIterableShuffleDataset object at 0x7f4d88cfee90> was reported to be 96(when accessing len(dataloader)), but 193 samples have been fetched. For multiprocessing data-loading, this could be caused by not properly configuring the IterableDataset replica at each worker. Please see https://pytorch.org/docs/stable/data.html#torch.utils.data.IterableDataset for examples.
  batch = next(self.dataloaders[index_id])
/disk/rl/psm_wma/cosmos-framework/cosmos_framework/data/generator/joint_dataloader.py:831: UserWarning: Length of IterableDataset <cosmos_framework.data.generator.action.datasets.action_sft_dataset.ActionIterableShuffleDataset object at 0x7f4d88cfee90> was reported to be 96(when accessing len(dataloader)), but 194 samples have been fetched. For multiprocessing data-loading, this could be caused by not properly configuring the IterableDataset replica at each worker. Please see https://pytorch.org/docs/stable/data.html#torch.utils.data.IterableDataset for examples.
  batch = next(self.dataloaders[index_id])
/disk/rl/psm_wma/cosmos-framework/cosmos_framework/data/generator/joint_dataloader.py:831: UserWarning: Length of IterableDataset <cosmos_framework.data.generator.action.datasets.action_sft_dataset.ActionIterableShuffleDataset object at 0x7f4d88cfee90> was reported to be 96(when accessing len(dataloader)), but 195 samples have been fetched. For multiprocessing data-loading, this could be caused by not properly configuring the IterableDataset replica at each worker. Please see https://pytorch.org/docs/stable/data.html#torch.utils.data.IterableDataset for examples.
  batch = next(self.dataloaders[index_id])
/disk/rl/psm_wma/cosmos-framework/cosmos_framework/data/generator/joint_dataloader.py:831: UserWarning: Length of IterableDataset <cosmos_framework.data.generator.action.datasets.action_sft_dataset.ActionIterableShuffleDataset object at 0x7f4d88cfee90> was reported to be 96(when accessing len(dataloader)), but 196 samples have been fetched. For multiprocessing data-loading, this could be caused by not properly configuring the IterableDataset replica at each worker. Please see https://pytorch.org/docs/stable/data.html#torch.utils.data.IterableDataset for examples.
  batch = next(self.dataloaders[index_id])
/disk/rl/psm_wma/cosmos-framework/cosmos_framework/data/generator/joint_dataloader.py:831: UserWarning: Length of IterableDataset <cosmos_framework.data.generator.action.datasets.action_sft_dataset.ActionIterableShuffleDataset object at 0x7f4d88cfee90> was reported to be 96(when accessing len(dataloader)), but 197 samples have been fetched. For multiprocessing data-loading, this could be caused by not properly configuring the IterableDataset replica at each worker. Please see https://pytorch.org/docs/stable/data.html#torch.utils.data.IterableDataset for examples.
  batch = next(self.dataloaders[index_id])
/disk/rl/psm_wma/cosmos-framework/cosmos_framework/data/generator/joint_dataloader.py:831: UserWarning: Length of IterableDataset <cosmos_framework.data.generator.action.datasets.action_sft_dataset.ActionIterableShuffleDataset object at 0x7f4d88cfee90> was reported to be 96(when accessing len(dataloader)), but 198 samples have been fetched. For multiprocessing data-loading, this could be caused by not properly configuring the IterableDataset replica at each worker. Please see https://pytorch.org/docs/stable/data.html#torch.utils.data.IterableDataset for examples.
  batch = next(self.dataloaders[index_id])
/disk/rl/psm_wma/cosmos-framework/cosmos_framework/data/generator/joint_dataloader.py:831: UserWarning: Length of IterableDataset <cosmos_framework.data.generator.action.datasets.action_sft_dataset.ActionIterableShuffleDataset object at 0x7f4d88cfee90> was reported to be 96(when accessing len(dataloader)), but 199 samples have been fetched. For multiprocessing data-loading, this could be caused by not properly configuring the IterableDataset replica at each worker. Please see https://pytorch.org/docs/stable/data.html#torch.utils.data.IterableDataset for examples.
  batch = next(self.dataloaders[index_id])
/disk/rl/psm_wma/cosmos-framework/cosmos_framework/data/generator/joint_dataloader.py:831: UserWarning: Length of IterableDataset <cosmos_framework.data.generator.action.datasets.action_sft_dataset.ActionIterableShuffleDataset object at 0x7f4d88cfee90> was reported to be 96(when accessing len(dataloader)), but 200 samples have been fetched. For multiprocessing data-loading, this could be caused by not properly configuring the IterableDataset replica at each worker. Please see https://pytorch.org/docs/stable/data.html#torch.utils.data.IterableDataset for examples.
  batch = next(self.dataloaders[index_id])
/disk/rl/psm_wma/cosmos-framework/cosmos_framework/data/generator/joint_dataloader.py:831: UserWarning: Length of IterableDataset <cosmos_framework.data.generator.action.datasets.action_sft_dataset.ActionIterableShuffleDataset object at 0x7f4d88cfee90> was reported to be 96(when accessing len(dataloader)), but 201 samples have been fetched. For multiprocessing data-loading, this could be caused by not properly configuring the IterableDataset replica at each worker. Please see https://pytorch.org/docs/stable/data.html#torch.utils.data.IterableDataset for examples.
  batch = next(self.dataloaders[index_id])
/disk/rl/psm_wma/cosmos-framework/cosmos_framework/data/generator/joint_dataloader.py:831: UserWarning: Length of IterableDataset <cosmos_framework.data.generator.action.datasets.action_sft_dataset.ActionIterableShuffleDataset object at 0x7f4d88cfee90> was reported to be 96(when accessing len(dataloader)), but 202 samples have been fetched. For multiprocessing data-loading, this could be caused by not properly configuring the IterableDataset replica at each worker. Please see https://pytorch.org/docs/stable/data.html#torch.utils.data.IterableDataset for examples.
  batch = next(self.dataloaders[index_id])
/disk/rl/psm_wma/cosmos-framework/cosmos_framework/data/generator/joint_dataloader.py:831: UserWarning: Length of IterableDataset <cosmos_framework.data.generator.action.datasets.action_sft_dataset.ActionIterableShuffleDataset object at 0x7f4d88cfee90> was reported to be 96(when accessing len(dataloader)), but 203 samples have been fetched. For multiprocessing data-loading, this could be caused by not properly configuring the IterableDataset replica at each worker. Please see https://pytorch.org/docs/stable/data.html#torch.utils.data.IterableDataset for examples.
  batch = next(self.dataloaders[index_id])
/disk/rl/psm_wma/cosmos-framework/cosmos_framework/data/generator/joint_dataloader.py:831: UserWarning: Length of IterableDataset <cosmos_framework.data.generator.action.datasets.action_sft_dataset.ActionIterableShuffleDataset object at 0x7f4d88cfee90> was reported to be 96(when accessing len(dataloader)), but 204 samples have been fetched. For multiprocessing data-loading, this could be caused by not properly configuring the IterableDataset replica at each worker. Please see https://pytorch.org/docs/stable/data.html#torch.utils.data.IterableDataset for examples.
  batch = next(self.dataloaders[index_id])
/disk/rl/psm_wma/cosmos-framework/cosmos_framework/data/generator/joint_dataloader.py:831: UserWarning: Length of IterableDataset <cosmos_framework.data.generator.action.datasets.action_sft_dataset.ActionIterableShuffleDataset object at 0x7f4d88cfee90> was reported to be 96(when accessing len(dataloader)), but 205 samples have been fetched. For multiprocessing data-loading, this could be caused by not properly configuring the IterableDataset replica at each worker. Please see https://pytorch.org/docs/stable/data.html#torch.utils.data.IterableDataset for examples.
  batch = next(self.dataloaders[index_id])
/disk/rl/psm_wma/cosmos-framework/cosmos_framework/data/generator/joint_dataloader.py:831: UserWarning: Length of IterableDataset <cosmos_framework.data.generator.action.datasets.action_sft_dataset.ActionIterableShuffleDataset object at 0x7f4d88cfee90> was reported to be 96(when accessing len(dataloader)), but 206 samples have been fetched. For multiprocessing data-loading, this could be caused by not properly configuring the IterableDataset replica at each worker. Please see https://pytorch.org/docs/stable/data.html#torch.utils.data.IterableDataset for examples.
  batch = next(self.dataloaders[index_id])
/disk/rl/psm_wma/cosmos-framework/cosmos_framework/data/generator/joint_dataloader.py:831: UserWarning: Length of IterableDataset <cosmos_framework.data.generator.action.datasets.action_sft_dataset.ActionIterableShuffleDataset object at 0x7f4d88cfee90> was reported to be 96(when accessing len(dataloader)), but 207 samples have been fetched. For multiprocessing data-loading, this could be caused by not properly configuring the IterableDataset replica at each worker. Please see https://pytorch.org/docs/stable/data.html#torch.utils.data.IterableDataset for examples.
  batch = next(self.dataloaders[index_id])
/disk/rl/psm_wma/cosmos-framework/cosmos_framework/data/generator/joint_dataloader.py:831: UserWarning: Length of IterableDataset <cosmos_framework.data.generator.action.datasets.action_sft_dataset.ActionIterableShuffleDataset object at 0x7f4d88cfee90> was reported to be 96(when accessing len(dataloader)), but 208 samples have been fetched. For multiprocessing data-loading, this could be caused by not properly configuring the IterableDataset replica at each worker. Please see https://pytorch.org/docs/stable/data.html#torch.utils.data.IterableDataset for examples.
  batch = next(self.dataloaders[index_id])
/disk/rl/psm_wma/cosmos-framework/cosmos_framework/data/generator/joint_dataloader.py:831: UserWarning: Length of IterableDataset <cosmos_framework.data.generator.action.datasets.action_sft_dataset.ActionIterableShuffleDataset object at 0x7f4d88cfee90> was reported to be 96(when accessing len(dataloader)), but 209 samples have been fetched. For multiprocessing data-loading, this could be caused by not properly configuring the IterableDataset replica at each worker. Please see https://pytorch.org/docs/stable/data.html#torch.utils.data.IterableDataset for examples.
  batch = next(self.dataloaders[index_id])
/disk/rl/psm_wma/cosmos-framework/cosmos_framework/data/generator/joint_dataloader.py:831: UserWarning: Length of IterableDataset <cosmos_framework.data.generator.action.datasets.action_sft_dataset.ActionIterableShuffleDataset object at 0x7f4d88cfee90> was reported to be 96(when accessing len(dataloader)), but 210 samples have been fetched. For multiprocessing data-loading, this could be caused by not properly configuring the IterableDataset replica at each worker. Please see https://pytorch.org/docs/stable/data.html#torch.utils.data.IterableDataset for examples.
  batch = next(self.dataloaders[index_id])
/disk/rl/psm_wma/cosmos-framework/cosmos_framework/data/generator/joint_dataloader.py:831: UserWarning: Length of IterableDataset <cosmos_framework.data.generator.action.datasets.action_sft_dataset.ActionIterableShuffleDataset object at 0x7f4d88cfee90> was reported to be 96(when accessing len(dataloader)), but 211 samples have been fetched. For multiprocessing data-loading, this could be caused by not properly configuring the IterableDataset replica at each worker. Please see https://pytorch.org/docs/stable/data.html#torch.utils.data.IterableDataset for examples.
  batch = next(self.dataloaders[index_id])
/disk/rl/psm_wma/cosmos-framework/cosmos_framework/data/generator/joint_dataloader.py:831: UserWarning: Length of IterableDataset <cosmos_framework.data.generator.action.datasets.action_sft_dataset.ActionIterableShuffleDataset object at 0x7f4d88cfee90> was reported to be 96(when accessing len(dataloader)), but 212 samples have been fetched. For multiprocessing data-loading, this could be caused by not properly configuring the IterableDataset replica at each worker. Please see https://pytorch.org/docs/stable/data.html#torch.utils.data.IterableDataset for examples.
  batch = next(self.dataloaders[index_id])
/disk/rl/psm_wma/cosmos-framework/cosmos_framework/data/generator/joint_dataloader.py:831: UserWarning: Length of IterableDataset <cosmos_framework.data.generator.action.datasets.action_sft_dataset.ActionIterableShuffleDataset object at 0x7f4d88cfee90> was reported to be 96(when accessing len(dataloader)), but 213 samples have been fetched. For multiprocessing data-loading, this could be caused by not properly configuring the IterableDataset replica at each worker. Please see https://pytorch.org/docs/stable/data.html#torch.utils.data.IterableDataset for examples.
  batch = next(self.dataloaders[index_id])
/disk/rl/psm_wma/cosmos-framework/cosmos_framework/data/generator/joint_dataloader.py:831: UserWarning: Length of IterableDataset <cosmos_framework.data.generator.action.datasets.action_sft_dataset.ActionIterableShuffleDataset object at 0x7f4d88cfee90> was reported to be 96(when accessing len(dataloader)), but 214 samples have been fetched. For multiprocessing data-loading, this could be caused by not properly configuring the IterableDataset replica at each worker. Please see https://pytorch.org/docs/stable/data.html#torch.utils.data.IterableDataset for examples.
  batch = next(self.dataloaders[index_id])
/disk/rl/psm_wma/cosmos-framework/cosmos_framework/data/generator/joint_dataloader.py:831: UserWarning: Length of IterableDataset <cosmos_framework.data.generator.action.datasets.action_sft_dataset.ActionIterableShuffleDataset object at 0x7f4d88cfee90> was reported to be 96(when accessing len(dataloader)), but 215 samples have been fetched. For multiprocessing data-loading, this could be caused by not properly configuring the IterableDataset replica at each worker. Please see https://pytorch.org/docs/stable/data.html#torch.utils.data.IterableDataset for examples.
  batch = next(self.dataloaders[index_id])
/disk/rl/psm_wma/cosmos-framework/cosmos_framework/data/generator/joint_dataloader.py:831: UserWarning: Length of IterableDataset <cosmos_framework.data.generator.action.datasets.action_sft_dataset.ActionIterableShuffleDataset object at 0x7f4d88cfee90> was reported to be 96(when accessing len(dataloader)), but 216 samples have been fetched. For multiprocessing data-loading, this could be caused by not properly configuring the IterableDataset replica at each worker. Please see https://pytorch.org/docs/stable/data.html#torch.utils.data.IterableDataset for examples.
  batch = next(self.dataloaders[index_id])
/disk/rl/psm_wma/cosmos-framework/cosmos_framework/data/generator/joint_dataloader.py:831: UserWarning: Length of IterableDataset <cosmos_framework.data.generator.action.datasets.action_sft_dataset.ActionIterableShuffleDataset object at 0x7f4d88cfee90> was reported to be 96(when accessing len(dataloader)), but 217 samples have been fetched. For multiprocessing data-loading, this could be caused by not properly configuring the IterableDataset replica at each worker. Please see https://pytorch.org/docs/stable/data.html#torch.utils.data.IterableDataset for examples.
  batch = next(self.dataloaders[index_id])
/disk/rl/psm_wma/cosmos-framework/cosmos_framework/data/generator/joint_dataloader.py:831: UserWarning: Length of IterableDataset <cosmos_framework.data.generator.action.datasets.action_sft_dataset.ActionIterableShuffleDataset object at 0x7f4d88cfee90> was reported to be 96(when accessing len(dataloader)), but 218 samples have been fetched. For multiprocessing data-loading, this could be caused by not properly configuring the IterableDataset replica at each worker. Please see https://pytorch.org/docs/stable/data.html#torch.utils.data.IterableDataset for examples.
  batch = next(self.dataloaders[index_id])
/disk/rl/psm_wma/cosmos-framework/cosmos_framework/data/generator/joint_dataloader.py:831: UserWarning: Length of IterableDataset <cosmos_framework.data.generator.action.datasets.action_sft_dataset.ActionIterableShuffleDataset object at 0x7f4d88cfee90> was reported to be 96(when accessing len(dataloader)), but 219 samples have been fetched. For multiprocessing data-loading, this could be caused by not properly configuring the IterableDataset replica at each worker. Please see https://pytorch.org/docs/stable/data.html#torch.utils.data.IterableDataset for examples.
  batch = next(self.dataloaders[index_id])
/disk/rl/psm_wma/cosmos-framework/cosmos_framework/data/generator/joint_dataloader.py:831: UserWarning: Length of IterableDataset <cosmos_framework.data.generator.action.datasets.action_sft_dataset.ActionIterableShuffleDataset object at 0x7f4d88cfee90> was reported to be 96(when accessing len(dataloader)), but 220 samples have been fetched. For multiprocessing data-loading, this could be caused by not properly configuring the IterableDataset replica at each worker. Please see https://pytorch.org/docs/stable/data.html#torch.utils.data.IterableDataset for examples.
  batch = next(self.dataloaders[index_id])
/disk/rl/psm_wma/cosmos-framework/cosmos_framework/data/generator/joint_dataloader.py:831: UserWarning: Length of IterableDataset <cosmos_framework.data.generator.action.datasets.action_sft_dataset.ActionIterableShuffleDataset object at 0x7f4d88cfee90> was reported to be 96(when accessing len(dataloader)), but 221 samples have been fetched. For multiprocessing data-loading, this could be caused by not properly configuring the IterableDataset replica at each worker. Please see https://pytorch.org/docs/stable/data.html#torch.utils.data.IterableDataset for examples.
  batch = next(self.dataloaders[index_id])
/disk/rl/psm_wma/cosmos-framework/cosmos_framework/data/generator/joint_dataloader.py:831: UserWarning: Length of IterableDataset <cosmos_framework.data.generator.action.datasets.action_sft_dataset.ActionIterableShuffleDataset object at 0x7f4d88cfee90> was reported to be 96(when accessing len(dataloader)), but 222 samples have been fetched. For multiprocessing data-loading, this could be caused by not properly configuring the IterableDataset replica at each worker. Please see https://pytorch.org/docs/stable/data.html#torch.utils.data.IterableDataset for examples.
  batch = next(self.dataloaders[index_id])
/disk/rl/psm_wma/cosmos-framework/cosmos_framework/data/generator/joint_dataloader.py:831: UserWarning: Length of IterableDataset <cosmos_framework.data.generator.action.datasets.action_sft_dataset.ActionIterableShuffleDataset object at 0x7f4d88cfee90> was reported to be 96(when accessing len(dataloader)), but 223 samples have been fetched. For multiprocessing data-loading, this could be caused by not properly configuring the IterableDataset replica at each worker. Please see https://pytorch.org/docs/stable/data.html#torch.utils.data.IterableDataset for examples.
  batch = next(self.dataloaders[index_id])
/disk/rl/psm_wma/cosmos-framework/cosmos_framework/data/generator/joint_dataloader.py:831: UserWarning: Length of IterableDataset <cosmos_framework.data.generator.action.datasets.action_sft_dataset.ActionIterableShuffleDataset object at 0x7f4d88cfee90> was reported to be 96(when accessing len(dataloader)), but 224 samples have been fetched. For multiprocessing data-loading, this could be caused by not properly configuring the IterableDataset replica at each worker. Please see https://pytorch.org/docs/stable/data.html#torch.utils.data.IterableDataset for examples.
  batch = next(self.dataloaders[index_id])
/disk/rl/psm_wma/cosmos-framework/cosmos_framework/data/generator/joint_dataloader.py:831: UserWarning: Length of IterableDataset <cosmos_framework.data.generator.action.datasets.action_sft_dataset.ActionIterableShuffleDataset object at 0x7f4d88cfee90> was reported to be 96(when accessing len(dataloader)), but 225 samples have been fetched. For multiprocessing data-loading, this could be caused by not properly configuring the IterableDataset replica at each worker. Please see https://pytorch.org/docs/stable/data.html#torch.utils.data.IterableDataset for examples.
  batch = next(self.dataloaders[index_id])
/disk/rl/psm_wma/cosmos-framework/cosmos_framework/data/generator/joint_dataloader.py:831: UserWarning: Length of IterableDataset <cosmos_framework.data.generator.action.datasets.action_sft_dataset.ActionIterableShuffleDataset object at 0x7f4d88cfee90> was reported to be 96(when accessing len(dataloader)), but 226 samples have been fetched. For multiprocessing data-loading, this could be caused by not properly configuring the IterableDataset replica at each worker. Please see https://pytorch.org/docs/stable/data.html#torch.utils.data.IterableDataset for examples.
  batch = next(self.dataloaders[index_id])
/disk/rl/psm_wma/cosmos-framework/cosmos_framework/data/generator/joint_dataloader.py:831: UserWarning: Length of IterableDataset <cosmos_framework.data.generator.action.datasets.action_sft_dataset.ActionIterableShuffleDataset object at 0x7f4d88cfee90> was reported to be 96(when accessing len(dataloader)), but 227 samples have been fetched. For multiprocessing data-loading, this could be caused by not properly configuring the IterableDataset replica at each worker. Please see https://pytorch.org/docs/stable/data.html#torch.utils.data.IterableDataset for examples.
  batch = next(self.dataloaders[index_id])
/disk/rl/psm_wma/cosmos-framework/cosmos_framework/data/generator/joint_dataloader.py:831: UserWarning: Length of IterableDataset <cosmos_framework.data.generator.action.datasets.action_sft_dataset.ActionIterableShuffleDataset object at 0x7f4d88cfee90> was reported to be 96(when accessing len(dataloader)), but 228 samples have been fetched. For multiprocessing data-loading, this could be caused by not properly configuring the IterableDataset replica at each worker. Please see https://pytorch.org/docs/stable/data.html#torch.utils.data.IterableDataset for examples.
  batch = next(self.dataloaders[index_id])
/disk/rl/psm_wma/cosmos-framework/cosmos_framework/data/generator/joint_dataloader.py:831: UserWarning: Length of IterableDataset <cosmos_framework.data.generator.action.datasets.action_sft_dataset.ActionIterableShuffleDataset object at 0x7f4d88cfee90> was reported to be 96(when accessing len(dataloader)), but 229 samples have been fetched. For multiprocessing data-loading, this could be caused by not properly configuring the IterableDataset replica at each worker. Please see https://pytorch.org/docs/stable/data.html#torch.utils.data.IterableDataset for examples.
  batch = next(self.dataloaders[index_id])
/disk/rl/psm_wma/cosmos-framework/cosmos_framework/data/generator/joint_dataloader.py:831: UserWarning: Length of IterableDataset <cosmos_framework.data.generator.action.datasets.action_sft_dataset.ActionIterableShuffleDataset object at 0x7f4d88cfee90> was reported to be 96(when accessing len(dataloader)), but 230 samples have been fetched. For multiprocessing data-loading, this could be caused by not properly configuring the IterableDataset replica at each worker. Please see https://pytorch.org/docs/stable/data.html#torch.utils.data.IterableDataset for examples.
  batch = next(self.dataloaders[index_id])
/disk/rl/psm_wma/cosmos-framework/cosmos_framework/data/generator/joint_dataloader.py:831: UserWarning: Length of IterableDataset <cosmos_framework.data.generator.action.datasets.action_sft_dataset.ActionIterableShuffleDataset object at 0x7f4d88cfee90> was reported to be 96(when accessing len(dataloader)), but 231 samples have been fetched. For multiprocessing data-loading, this could be caused by not properly configuring the IterableDataset replica at each worker. Please see https://pytorch.org/docs/stable/data.html#torch.utils.data.IterableDataset for examples.
  batch = next(self.dataloaders[index_id])
/disk/rl/psm_wma/cosmos-framework/cosmos_framework/data/generator/joint_dataloader.py:831: UserWarning: Length of IterableDataset <cosmos_framework.data.generator.action.datasets.action_sft_dataset.ActionIterableShuffleDataset object at 0x7f4d88cfee90> was reported to be 96(when accessing len(dataloader)), but 232 samples have been fetched. For multiprocessing data-loading, this could be caused by not properly configuring the IterableDataset replica at each worker. Please see https://pytorch.org/docs/stable/data.html#torch.utils.data.IterableDataset for examples.
  batch = next(self.dataloaders[index_id])
/disk/rl/psm_wma/cosmos-framework/cosmos_framework/data/generator/joint_dataloader.py:831: UserWarning: Length of IterableDataset <cosmos_framework.data.generator.action.datasets.action_sft_dataset.ActionIterableShuffleDataset object at 0x7f4d88cfee90> was reported to be 96(when accessing len(dataloader)), but 233 samples have been fetched. For multiprocessing data-loading, this could be caused by not properly configuring the IterableDataset replica at each worker. Please see https://pytorch.org/docs/stable/data.html#torch.utils.data.IterableDataset for examples.
  batch = next(self.dataloaders[index_id])
/disk/rl/psm_wma/cosmos-framework/cosmos_framework/data/generator/joint_dataloader.py:831: UserWarning: Length of IterableDataset <cosmos_framework.data.generator.action.datasets.action_sft_dataset.ActionIterableShuffleDataset object at 0x7f4d88cfee90> was reported to be 96(when accessing len(dataloader)), but 234 samples have been fetched. For multiprocessing data-loading, this could be caused by not properly configuring the IterableDataset replica at each worker. Please see https://pytorch.org/docs/stable/data.html#torch.utils.data.IterableDataset for examples.
  batch = next(self.dataloaders[index_id])
/disk/rl/psm_wma/cosmos-framework/cosmos_framework/data/generator/joint_dataloader.py:831: UserWarning: Length of IterableDataset <cosmos_framework.data.generator.action.datasets.action_sft_dataset.ActionIterableShuffleDataset object at 0x7f4d88cfee90> was reported to be 96(when accessing len(dataloader)), but 235 samples have been fetched. For multiprocessing data-loading, this could be caused by not properly configuring the IterableDataset replica at each worker. Please see https://pytorch.org/docs/stable/data.html#torch.utils.data.IterableDataset for examples.
  batch = next(self.dataloaders[index_id])
/disk/rl/psm_wma/cosmos-framework/cosmos_framework/data/generator/joint_dataloader.py:831: UserWarning: Length of IterableDataset <cosmos_framework.data.generator.action.datasets.action_sft_dataset.ActionIterableShuffleDataset object at 0x7f4d88cfee90> was reported to be 96(when accessing len(dataloader)), but 236 samples have been fetched. For multiprocessing data-loading, this could be caused by not properly configuring the IterableDataset replica at each worker. Please see https://pytorch.org/docs/stable/data.html#torch.utils.data.IterableDataset for examples.
  batch = next(self.dataloaders[index_id])
/disk/rl/psm_wma/cosmos-framework/cosmos_framework/data/generator/joint_dataloader.py:831: UserWarning: Length of IterableDataset <cosmos_framework.data.generator.action.datasets.action_sft_dataset.ActionIterableShuffleDataset object at 0x7f4d88cfee90> was reported to be 96(when accessing len(dataloader)), but 237 samples have been fetched. For multiprocessing data-loading, this could be caused by not properly configuring the IterableDataset replica at each worker. Please see https://pytorch.org/docs/stable/data.html#torch.utils.data.IterableDataset for examples.
  batch = next(self.dataloaders[index_id])
/disk/rl/psm_wma/cosmos-framework/cosmos_framework/data/generator/joint_dataloader.py:831: UserWarning: Length of IterableDataset <cosmos_framework.data.generator.action.datasets.action_sft_dataset.ActionIterableShuffleDataset object at 0x7f4d88cfee90> was reported to be 96(when accessing len(dataloader)), but 238 samples have been fetched. For multiprocessing data-loading, this could be caused by not properly configuring the IterableDataset replica at each worker. Please see https://pytorch.org/docs/stable/data.html#torch.utils.data.IterableDataset for examples.
  batch = next(self.dataloaders[index_id])
/disk/rl/psm_wma/cosmos-framework/cosmos_framework/data/generator/joint_dataloader.py:831: UserWarning: Length of IterableDataset <cosmos_framework.data.generator.action.datasets.action_sft_dataset.ActionIterableShuffleDataset object at 0x7f4d88cfee90> was reported to be 96(when accessing len(dataloader)), but 239 samples have been fetched. For multiprocessing data-loading, this could be caused by not properly configuring the IterableDataset replica at each worker. Please see https://pytorch.org/docs/stable/data.html#torch.utils.data.IterableDataset for examples.
  batch = next(self.dataloaders[index_id])
/disk/rl/psm_wma/cosmos-framework/cosmos_framework/data/generator/joint_dataloader.py:831: UserWarning: Length of IterableDataset <cosmos_framework.data.generator.action.datasets.action_sft_dataset.ActionIterableShuffleDataset object at 0x7f4d88cfee90> was reported to be 96(when accessing len(dataloader)), but 240 samples have been fetched. For multiprocessing data-loading, this could be caused by not properly configuring the IterableDataset replica at each worker. Please see https://pytorch.org/docs/stable/data.html#torch.utils.data.IterableDataset for examples.
  batch = next(self.dataloaders[index_id])
/disk/rl/psm_wma/cosmos-framework/cosmos_framework/data/generator/joint_dataloader.py:831: UserWarning: Length of IterableDataset <cosmos_framework.data.generator.action.datasets.action_sft_dataset.ActionIterableShuffleDataset object at 0x7f4d88cfee90> was reported to be 96(when accessing len(dataloader)), but 241 samples have been fetched. For multiprocessing data-loading, this could be caused by not properly configuring the IterableDataset replica at each worker. Please see https://pytorch.org/docs/stable/data.html#torch.utils.data.IterableDataset for examples.
  batch = next(self.dataloaders[index_id])
/disk/rl/psm_wma/cosmos-framework/cosmos_framework/data/generator/joint_dataloader.py:831: UserWarning: Length of IterableDataset <cosmos_framework.data.generator.action.datasets.action_sft_dataset.ActionIterableShuffleDataset object at 0x7f4d88cfee90> was reported to be 96(when accessing len(dataloader)), but 242 samples have been fetched. For multiprocessing data-loading, this could be caused by not properly configuring the IterableDataset replica at each worker. Please see https://pytorch.org/docs/stable/data.html#torch.utils.data.IterableDataset for examples.
  batch = next(self.dataloaders[index_id])
/disk/rl/psm_wma/cosmos-framework/cosmos_framework/data/generator/joint_dataloader.py:831: UserWarning: Length of IterableDataset <cosmos_framework.data.generator.action.datasets.action_sft_dataset.ActionIterableShuffleDataset object at 0x7f4d88cfee90> was reported to be 96(when accessing len(dataloader)), but 243 samples have been fetched. For multiprocessing data-loading, this could be caused by not properly configuring the IterableDataset replica at each worker. Please see https://pytorch.org/docs/stable/data.html#torch.utils.data.IterableDataset for examples.
  batch = next(self.dataloaders[index_id])
/disk/rl/psm_wma/cosmos-framework/cosmos_framework/data/generator/joint_dataloader.py:831: UserWarning: Length of IterableDataset <cosmos_framework.data.generator.action.datasets.action_sft_dataset.ActionIterableShuffleDataset object at 0x7f4d88cfee90> was reported to be 96(when accessing len(dataloader)), but 244 samples have been fetched. For multiprocessing data-loading, this could be caused by not properly configuring the IterableDataset replica at each worker. Please see https://pytorch.org/docs/stable/data.html#torch.utils.data.IterableDataset for examples.
  batch = next(self.dataloaders[index_id])
/disk/rl/psm_wma/cosmos-framework/cosmos_framework/data/generator/joint_dataloader.py:831: UserWarning: Length of IterableDataset <cosmos_framework.data.generator.action.datasets.action_sft_dataset.ActionIterableShuffleDataset object at 0x7f4d88cfee90> was reported to be 96(when accessing len(dataloader)), but 245 samples have been fetched. For multiprocessing data-loading, this could be caused by not properly configuring the IterableDataset replica at each worker. Please see https://pytorch.org/docs/stable/data.html#torch.utils.data.IterableDataset for examples.
  batch = next(self.dataloaders[index_id])
/disk/rl/psm_wma/cosmos-framework/cosmos_framework/data/generator/joint_dataloader.py:831: UserWarning: Length of IterableDataset <cosmos_framework.data.generator.action.datasets.action_sft_dataset.ActionIterableShuffleDataset object at 0x7f4d88cfee90> was reported to be 96(when accessing len(dataloader)), but 246 samples have been fetched. For multiprocessing data-loading, this could be caused by not properly configuring the IterableDataset replica at each worker. Please see https://pytorch.org/docs/stable/data.html#torch.utils.data.IterableDataset for examples.
  batch = next(self.dataloaders[index_id])
/disk/rl/psm_wma/cosmos-framework/cosmos_framework/data/generator/joint_dataloader.py:831: UserWarning: Length of IterableDataset <cosmos_framework.data.generator.action.datasets.action_sft_dataset.ActionIterableShuffleDataset object at 0x7f4d88cfee90> was reported to be 96(when accessing len(dataloader)), but 247 samples have been fetched. For multiprocessing data-loading, this could be caused by not properly configuring the IterableDataset replica at each worker. Please see https://pytorch.org/docs/stable/data.html#torch.utils.data.IterableDataset for examples.
  batch = next(self.dataloaders[index_id])
/disk/rl/psm_wma/cosmos-framework/cosmos_framework/data/generator/joint_dataloader.py:831: UserWarning: Length of IterableDataset <cosmos_framework.data.generator.action.datasets.action_sft_dataset.ActionIterableShuffleDataset object at 0x7f4d88cfee90> was reported to be 96(when accessing len(dataloader)), but 248 samples have been fetched. For multiprocessing data-loading, this could be caused by not properly configuring the IterableDataset replica at each worker. Please see https://pytorch.org/docs/stable/data.html#torch.utils.data.IterableDataset for examples.
  batch = next(self.dataloaders[index_id])
/disk/rl/psm_wma/cosmos-framework/cosmos_framework/data/generator/joint_dataloader.py:831: UserWarning: Length of IterableDataset <cosmos_framework.data.generator.action.datasets.action_sft_dataset.ActionIterableShuffleDataset object at 0x7f4d88cfee90> was reported to be 96(when accessing len(dataloader)), but 249 samples have been fetched. For multiprocessing data-loading, this could be caused by not properly configuring the IterableDataset replica at each worker. Please see https://pytorch.org/docs/stable/data.html#torch.utils.data.IterableDataset for examples.
  batch = next(self.dataloaders[index_id])
/disk/rl/psm_wma/cosmos-framework/cosmos_framework/data/generator/joint_dataloader.py:831: UserWarning: Length of IterableDataset <cosmos_framework.data.generator.action.datasets.action_sft_dataset.ActionIterableShuffleDataset object at 0x7f4d88cfee90> was reported to be 96(when accessing len(dataloader)), but 250 samples have been fetched. For multiprocessing data-loading, this could be caused by not properly configuring the IterableDataset replica at each worker. Please see https://pytorch.org/docs/stable/data.html#torch.utils.data.IterableDataset for examples.
  batch = next(self.dataloaders[index_id])
/disk/rl/psm_wma/cosmos-framework/cosmos_framework/data/generator/joint_dataloader.py:831: UserWarning: Length of IterableDataset <cosmos_framework.data.generator.action.datasets.action_sft_dataset.ActionIterableShuffleDataset object at 0x7f4d88cfee90> was reported to be 96(when accessing len(dataloader)), but 251 samples have been fetched. For multiprocessing data-loading, this could be caused by not properly configuring the IterableDataset replica at each worker. Please see https://pytorch.org/docs/stable/data.html#torch.utils.data.IterableDataset for examples.
  batch = next(self.dataloaders[index_id])
/disk/rl/psm_wma/cosmos-framework/cosmos_framework/data/generator/joint_dataloader.py:831: UserWarning: Length of IterableDataset <cosmos_framework.data.generator.action.datasets.action_sft_dataset.ActionIterableShuffleDataset object at 0x7f4d88cfee90> was reported to be 96(when accessing len(dataloader)), but 252 samples have been fetched. For multiprocessing data-loading, this could be caused by not properly configuring the IterableDataset replica at each worker. Please see https://pytorch.org/docs/stable/data.html#torch.utils.data.IterableDataset for examples.
  batch = next(self.dataloaders[index_id])
/disk/rl/psm_wma/cosmos-framework/cosmos_framework/data/generator/joint_dataloader.py:831: UserWarning: Length of IterableDataset <cosmos_framework.data.generator.action.datasets.action_sft_dataset.ActionIterableShuffleDataset object at 0x7f4d88cfee90> was reported to be 96(when accessing len(dataloader)), but 253 samples have been fetched. For multiprocessing data-loading, this could be caused by not properly configuring the IterableDataset replica at each worker. Please see https://pytorch.org/docs/stable/data.html#torch.utils.data.IterableDataset for examples.
  batch = next(self.dataloaders[index_id])
/disk/rl/psm_wma/cosmos-framework/cosmos_framework/data/generator/joint_dataloader.py:831: UserWarning: Length of IterableDataset <cosmos_framework.data.generator.action.datasets.action_sft_dataset.ActionIterableShuffleDataset object at 0x7f4d88cfee90> was reported to be 96(when accessing len(dataloader)), but 254 samples have been fetched. For multiprocessing data-loading, this could be caused by not properly configuring the IterableDataset replica at each worker. Please see https://pytorch.org/docs/stable/data.html#torch.utils.data.IterableDataset for examples.
  batch = next(self.dataloaders[index_id])
/disk/rl/psm_wma/cosmos-framework/cosmos_framework/data/generator/joint_dataloader.py:831: UserWarning: Length of IterableDataset <cosmos_framework.data.generator.action.datasets.action_sft_dataset.ActionIterableShuffleDataset object at 0x7f4d88cfee90> was reported to be 96(when accessing len(dataloader)), but 255 samples have been fetched. For multiprocessing data-loading, this could be caused by not properly configuring the IterableDataset replica at each worker. Please see https://pytorch.org/docs/stable/data.html#torch.utils.data.IterableDataset for examples.
  batch = next(self.dataloaders[index_id])
/disk/rl/psm_wma/cosmos-framework/cosmos_framework/data/generator/joint_dataloader.py:831: UserWarning: Length of IterableDataset <cosmos_framework.data.generator.action.datasets.action_sft_dataset.ActionIterableShuffleDataset object at 0x7f4d88cfee90> was reported to be 96(when accessing len(dataloader)), but 256 samples have been fetched. For multiprocessing data-loading, this could be caused by not properly configuring the IterableDataset replica at each worker. Please see https://pytorch.org/docs/stable/data.html#torch.utils.data.IterableDataset for examples.
  batch = next(self.dataloaders[index_id])
/disk/rl/psm_wma/cosmos-framework/cosmos_framework/data/generator/joint_dataloader.py:831: UserWarning: Length of IterableDataset <cosmos_framework.data.generator.action.datasets.action_sft_dataset.ActionIterableShuffleDataset object at 0x7f4d88ebbce0> was reported to be 198(when accessing len(dataloader)), but 199 samples have been fetched. For multiprocessing data-loading, this could be caused by not properly configuring the IterableDataset replica at each worker. Please see https://pytorch.org/docs/stable/data.html#torch.utils.data.IterableDataset for examples.
  batch = next(self.dataloaders[index_id])
/disk/rl/psm_wma/cosmos-framework/cosmos_framework/data/generator/joint_dataloader.py:831: UserWarning: Length of IterableDataset <cosmos_framework.data.generator.action.datasets.action_sft_dataset.ActionIterableShuffleDataset object at 0x7f4d88ebbce0> was reported to be 198(when accessing len(dataloader)), but 200 samples have been fetched. For multiprocessing data-loading, this could be caused by not properly configuring the IterableDataset replica at each worker. Please see https://pytorch.org/docs/stable/data.html#torch.utils.data.IterableDataset for examples.
  batch = next(self.dataloaders[index_id])
/disk/rl/psm_wma/cosmos-framework/cosmos_framework/data/generator/joint_dataloader.py:831: UserWarning: Length of IterableDataset <cosmos_framework.data.generator.action.datasets.action_sft_dataset.ActionIterableShuffleDataset object at 0x7f4d88ebbce0> was reported to be 198(when accessing len(dataloader)), but 201 samples have been fetched. For multiprocessing data-loading, this could be caused by not properly configuring the IterableDataset replica at each worker. Please see https://pytorch.org/docs/stable/data.html#torch.utils.data.IterableDataset for examples.
  batch = next(self.dataloaders[index_id])
/disk/rl/psm_wma/cosmos-framework/cosmos_framework/data/generator/joint_dataloader.py:831: UserWarning: Length of IterableDataset <cosmos_framework.data.generator.action.datasets.action_sft_dataset.ActionIterableShuffleDataset object at 0x7f4d88ebbce0> was reported to be 198(when accessing len(dataloader)), but 202 samples have been fetched. For multiprocessing data-loading, this could be caused by not properly configuring the IterableDataset replica at each worker. Please see https://pytorch.org/docs/stable/data.html#torch.utils.data.IterableDataset for examples.
  batch = next(self.dataloaders[index_id])
/disk/rl/psm_wma/cosmos-framework/cosmos_framework/data/generator/joint_dataloader.py:831: UserWarning: Length of IterableDataset <cosmos_framework.data.generator.action.datasets.action_sft_dataset.ActionIterableShuffleDataset object at 0x7f4d88ebbce0> was reported to be 198(when accessing len(dataloader)), but 203 samples have been fetched. For multiprocessing data-loading, this could be caused by not properly configuring the IterableDataset replica at each worker. Please see https://pytorch.org/docs/stable/data.html#torch.utils.data.IterableDataset for examples.
  batch = next(self.dataloaders[index_id])
/disk/rl/psm_wma/cosmos-framework/cosmos_framework/data/generator/joint_dataloader.py:831: UserWarning: Length of IterableDataset <cosmos_framework.data.generator.action.datasets.action_sft_dataset.ActionIterableShuffleDataset object at 0x7f4d88ebbce0> was reported to be 198(when accessing len(dataloader)), but 204 samples have been fetched. For multiprocessing data-loading, this could be caused by not properly configuring the IterableDataset replica at each worker. Please see https://pytorch.org/docs/stable/data.html#torch.utils.data.IterableDataset for examples.
  batch = next(self.dataloaders[index_id])
/disk/rl/psm_wma/cosmos-framework/cosmos_framework/data/generator/joint_dataloader.py:831: UserWarning: Length of IterableDataset <cosmos_framework.data.generator.action.datasets.action_sft_dataset.ActionIterableShuffleDataset object at 0x7f4d88ebbce0> was reported to be 198(when accessing len(dataloader)), but 205 samples have been fetched. For multiprocessing data-loading, this could be caused by not properly configuring the IterableDataset replica at each worker. Please see https://pytorch.org/docs/stable/data.html#torch.utils.data.IterableDataset for examples.
  batch = next(self.dataloaders[index_id])
/disk/rl/psm_wma/cosmos-framework/cosmos_framework/data/generator/joint_dataloader.py:831: UserWarning: Length of IterableDataset <cosmos_framework.data.generator.action.datasets.action_sft_dataset.ActionIterableShuffleDataset object at 0x7f4d88ebbce0> was reported to be 198(when accessing len(dataloader)), but 206 samples have been fetched. For multiprocessing data-loading, this could be caused by not properly configuring the IterableDataset replica at each worker. Please see https://pytorch.org/docs/stable/data.html#torch.utils.data.IterableDataset for examples.
  batch = next(self.dataloaders[index_id])
/disk/rl/psm_wma/cosmos-framework/cosmos_framework/data/generator/joint_dataloader.py:831: UserWarning: Length of IterableDataset <cosmos_framework.data.generator.action.datasets.action_sft_dataset.ActionIterableShuffleDataset object at 0x7f4d88ebbce0> was reported to be 198(when accessing len(dataloader)), but 207 samples have been fetched. For multiprocessing data-loading, this could be caused by not properly configuring the IterableDataset replica at each worker. Please see https://pytorch.org/docs/stable/data.html#torch.utils.data.IterableDataset for examples.
  batch = next(self.dataloaders[index_id])
/disk/rl/psm_wma/cosmos-framework/cosmos_framework/data/generator/joint_dataloader.py:831: UserWarning: Length of IterableDataset <cosmos_framework.data.generator.action.datasets.action_sft_dataset.ActionIterableShuffleDataset object at 0x7f4d88ebbce0> was reported to be 198(when accessing len(dataloader)), but 208 samples have been fetched. For multiprocessing data-loading, this could be caused by not properly configuring the IterableDataset replica at each worker. Please see https://pytorch.org/docs/stable/data.html#torch.utils.data.IterableDataset for examples.
  batch = next(self.dataloaders[index_id])
/disk/rl/psm_wma/cosmos-framework/cosmos_framework/data/generator/joint_dataloader.py:831: UserWarning: Length of IterableDataset <cosmos_framework.data.generator.action.datasets.action_sft_dataset.ActionIterableShuffleDataset object at 0x7f4d88ebbce0> was reported to be 198(when accessing len(dataloader)), but 209 samples have been fetched. For multiprocessing data-loading, this could be caused by not properly configuring the IterableDataset replica at each worker. Please see https://pytorch.org/docs/stable/data.html#torch.utils.data.IterableDataset for examples.
  batch = next(self.dataloaders[index_id])
/disk/rl/psm_wma/cosmos-framework/cosmos_framework/data/generator/joint_dataloader.py:831: UserWarning: Length of IterableDataset <cosmos_framework.data.generator.action.datasets.action_sft_dataset.ActionIterableShuffleDataset object at 0x7f4d88ebbce0> was reported to be 198(when accessing len(dataloader)), but 210 samples have been fetched. For multiprocessing data-loading, this could be caused by not properly configuring the IterableDataset replica at each worker. Please see https://pytorch.org/docs/stable/data.html#torch.utils.data.IterableDataset for examples.
  batch = next(self.dataloaders[index_id])
/disk/rl/psm_wma/cosmos-framework/cosmos_framework/data/generator/joint_dataloader.py:831: UserWarning: Length of IterableDataset <cosmos_framework.data.generator.action.datasets.action_sft_dataset.ActionIterableShuffleDataset object at 0x7f4d88ebbce0> was reported to be 198(when accessing len(dataloader)), but 211 samples have been fetched. For multiprocessing data-loading, this could be caused by not properly configuring the IterableDataset replica at each worker. Please see https://pytorch.org/docs/stable/data.html#torch.utils.data.IterableDataset for examples.
  batch = next(self.dataloaders[index_id])
/disk/rl/psm_wma/cosmos-framework/cosmos_framework/data/generator/joint_dataloader.py:831: UserWarning: Length of IterableDataset <cosmos_framework.data.generator.action.datasets.action_sft_dataset.ActionIterableShuffleDataset object at 0x7f4d88ebbce0> was reported to be 198(when accessing len(dataloader)), but 212 samples have been fetched. For multiprocessing data-loading, this could be caused by not properly configuring the IterableDataset replica at each worker. Please see https://pytorch.org/docs/stable/data.html#torch.utils.data.IterableDataset for examples.
  batch = next(self.dataloaders[index_id])
/disk/rl/psm_wma/cosmos-framework/cosmos_framework/data/generator/joint_dataloader.py:831: UserWarning: Length of IterableDataset <cosmos_framework.data.generator.action.datasets.action_sft_dataset.ActionIterableShuffleDataset object at 0x7f4d88ebbce0> was reported to be 198(when accessing len(dataloader)), but 213 samples have been fetched. For multiprocessing data-loading, this could be caused by not properly configuring the IterableDataset replica at each worker. Please see https://pytorch.org/docs/stable/data.html#torch.utils.data.IterableDataset for examples.
  batch = next(self.dataloaders[index_id])
/disk/rl/psm_wma/cosmos-framework/cosmos_framework/data/generator/joint_dataloader.py:831: UserWarning: Length of IterableDataset <cosmos_framework.data.generator.action.datasets.action_sft_dataset.ActionIterableShuffleDataset object at 0x7f4d88ebbce0> was reported to be 198(when accessing len(dataloader)), but 214 samples have been fetched. For multiprocessing data-loading, this could be caused by not properly configuring the IterableDataset replica at each worker. Please see https://pytorch.org/docs/stable/data.html#torch.utils.data.IterableDataset for examples.
  batch = next(self.dataloaders[index_id])
/disk/rl/psm_wma/cosmos-framework/cosmos_framework/data/generator/joint_dataloader.py:831: UserWarning: Length of IterableDataset <cosmos_framework.data.generator.action.datasets.action_sft_dataset.ActionIterableShuffleDataset object at 0x7f4d88ebbce0> was reported to be 198(when accessing len(dataloader)), but 215 samples have been fetched. For multiprocessing data-loading, this could be caused by not properly configuring the IterableDataset replica at each worker. Please see https://pytorch.org/docs/stable/data.html#torch.utils.data.IterableDataset for examples.
  batch = next(self.dataloaders[index_id])
/disk/rl/psm_wma/cosmos-framework/cosmos_framework/data/generator/joint_dataloader.py:831: UserWarning: Length of IterableDataset <cosmos_framework.data.generator.action.datasets.action_sft_dataset.ActionIterableShuffleDataset object at 0x7f4d88ebbce0> was reported to be 198(when accessing len(dataloader)), but 216 samples have been fetched. For multiprocessing data-loading, this could be caused by not properly configuring the IterableDataset replica at each worker. Please see https://pytorch.org/docs/stable/data.html#torch.utils.data.IterableDataset for examples.
  batch = next(self.dataloaders[index_id])
/disk/rl/psm_wma/cosmos-framework/cosmos_framework/data/generator/joint_dataloader.py:831: UserWarning: Length of IterableDataset <cosmos_framework.data.generator.action.datasets.action_sft_dataset.ActionIterableShuffleDataset object at 0x7f4d88ebbce0> was reported to be 198(when accessing len(dataloader)), but 217 samples have been fetched. For multiprocessing data-loading, this could be caused by not properly configuring the IterableDataset replica at each worker. Please see https://pytorch.org/docs/stable/data.html#torch.utils.data.IterableDataset for examples.
  batch = next(self.dataloaders[index_id])
/disk/rl/psm_wma/cosmos-framework/cosmos_framework/data/generator/joint_dataloader.py:831: UserWarning: Length of IterableDataset <cosmos_framework.data.generator.action.datasets.action_sft_dataset.ActionIterableShuffleDataset object at 0x7f4d88ebbce0> was reported to be 198(when accessing len(dataloader)), but 218 samples have been fetched. For multiprocessing data-loading, this could be caused by not properly configuring the IterableDataset replica at each worker. Please see https://pytorch.org/docs/stable/data.html#torch.utils.data.IterableDataset for examples.
  batch = next(self.dataloaders[index_id])
/disk/rl/psm_wma/cosmos-framework/cosmos_framework/data/generator/joint_dataloader.py:831: UserWarning: Length of IterableDataset <cosmos_framework.data.generator.action.datasets.action_sft_dataset.ActionIterableShuffleDataset object at 0x7f4d88ebbce0> was reported to be 198(when accessing len(dataloader)), but 219 samples have been fetched. For multiprocessing data-loading, this could be caused by not properly configuring the IterableDataset replica at each worker. Please see https://pytorch.org/docs/stable/data.html#torch.utils.data.IterableDataset for examples.
  batch = next(self.dataloaders[index_id])
/disk/rl/psm_wma/cosmos-framework/cosmos_framework/data/generator/joint_dataloader.py:831: UserWarning: Length of IterableDataset <cosmos_framework.data.generator.action.datasets.action_sft_dataset.ActionIterableShuffleDataset object at 0x7f4d88ebbce0> was reported to be 198(when accessing len(dataloader)), but 220 samples have been fetched. For multiprocessing data-loading, this could be caused by not properly configuring the IterableDataset replica at each worker. Please see https://pytorch.org/docs/stable/data.html#torch.utils.data.IterableDataset for examples.
  batch = next(self.dataloaders[index_id])
/disk/rl/psm_wma/cosmos-framework/cosmos_framework/data/generator/joint_dataloader.py:831: UserWarning: Length of IterableDataset <cosmos_framework.data.generator.action.datasets.action_sft_dataset.ActionIterableShuffleDataset object at 0x7f4d88ebbce0> was reported to be 198(when accessing len(dataloader)), but 221 samples have been fetched. For multiprocessing data-loading, this could be caused by not properly configuring the IterableDataset replica at each worker. Please see https://pytorch.org/docs/stable/data.html#torch.utils.data.IterableDataset for examples.
  batch = next(self.dataloaders[index_id])
/disk/rl/psm_wma/cosmos-framework/cosmos_framework/data/generator/joint_dataloader.py:831: UserWarning: Length of IterableDataset <cosmos_framework.data.generator.action.datasets.action_sft_dataset.ActionIterableShuffleDataset object at 0x7f4d88ebbce0> was reported to be 198(when accessing len(dataloader)), but 222 samples have been fetched. For multiprocessing data-loading, this could be caused by not properly configuring the IterableDataset replica at each worker. Please see https://pytorch.org/docs/stable/data.html#torch.utils.data.IterableDataset for examples.
  batch = next(self.dataloaders[index_id])
/disk/rl/psm_wma/cosmos-framework/cosmos_framework/data/generator/joint_dataloader.py:831: UserWarning: Length of IterableDataset <cosmos_framework.data.generator.action.datasets.action_sft_dataset.ActionIterableShuffleDataset object at 0x7f4d88ebbce0> was reported to be 198(when accessing len(dataloader)), but 223 samples have been fetched. For multiprocessing data-loading, this could be caused by not properly configuring the IterableDataset replica at each worker. Please see https://pytorch.org/docs/stable/data.html#torch.utils.data.IterableDataset for examples.
  batch = next(self.dataloaders[index_id])
/disk/rl/psm_wma/cosmos-framework/cosmos_framework/data/generator/joint_dataloader.py:831: UserWarning: Length of IterableDataset <cosmos_framework.data.generator.action.datasets.action_sft_dataset.ActionIterableShuffleDataset object at 0x7f4d88ebbce0> was reported to be 198(when accessing len(dataloader)), but 224 samples have been fetched. For multiprocessing data-loading, this could be caused by not properly configuring the IterableDataset replica at each worker. Please see https://pytorch.org/docs/stable/data.html#torch.utils.data.IterableDataset for examples.
  batch = next(self.dataloaders[index_id])
/disk/rl/psm_wma/cosmos-framework/cosmos_framework/data/generator/joint_dataloader.py:831: UserWarning: Length of IterableDataset <cosmos_framework.data.generator.action.datasets.action_sft_dataset.ActionIterableShuffleDataset object at 0x7f4d88ebbce0> was reported to be 198(when accessing len(dataloader)), but 225 samples have been fetched. For multiprocessing data-loading, this could be caused by not properly configuring the IterableDataset replica at each worker. Please see https://pytorch.org/docs/stable/data.html#torch.utils.data.IterableDataset for examples.
  batch = next(self.dataloaders[index_id])
/disk/rl/psm_wma/cosmos-framework/cosmos_framework/data/generator/joint_dataloader.py:831: UserWarning: Length of IterableDataset <cosmos_framework.data.generator.action.datasets.action_sft_dataset.ActionIterableShuffleDataset object at 0x7f4d88ebbce0> was reported to be 198(when accessing len(dataloader)), but 226 samples have been fetched. For multiprocessing data-loading, this could be caused by not properly configuring the IterableDataset replica at each worker. Please see https://pytorch.org/docs/stable/data.html#torch.utils.data.IterableDataset for examples.
  batch = next(self.dataloaders[index_id])
/disk/rl/psm_wma/cosmos-framework/cosmos_framework/data/generator/joint_dataloader.py:831: UserWarning: Length of IterableDataset <cosmos_framework.data.generator.action.datasets.action_sft_dataset.ActionIterableShuffleDataset object at 0x7f4d88ebbce0> was reported to be 198(when accessing len(dataloader)), but 227 samples have been fetched. For multiprocessing data-loading, this could be caused by not properly configuring the IterableDataset replica at each worker. Please see https://pytorch.org/docs/stable/data.html#torch.utils.data.IterableDataset for examples.
  batch = next(self.dataloaders[index_id])
/disk/rl/psm_wma/cosmos-framework/cosmos_framework/data/generator/joint_dataloader.py:831: UserWarning: Length of IterableDataset <cosmos_framework.data.generator.action.datasets.action_sft_dataset.ActionIterableShuffleDataset object at 0x7f4d88ebbce0> was reported to be 198(when accessing len(dataloader)), but 228 samples have been fetched. For multiprocessing data-loading, this could be caused by not properly configuring the IterableDataset replica at each worker. Please see https://pytorch.org/docs/stable/data.html#torch.utils.data.IterableDataset for examples.
  batch = next(self.dataloaders[index_id])
/disk/rl/psm_wma/cosmos-framework/cosmos_framework/data/generator/joint_dataloader.py:831: UserWarning: Length of IterableDataset <cosmos_framework.data.generator.action.datasets.action_sft_dataset.ActionIterableShuffleDataset object at 0x7f4d88ebbce0> was reported to be 198(when accessing len(dataloader)), but 229 samples have been fetched. For multiprocessing data-loading, this could be caused by not properly configuring the IterableDataset replica at each worker. Please see https://pytorch.org/docs/stable/data.html#torch.utils.data.IterableDataset for examples.
  batch = next(self.dataloaders[index_id])
/disk/rl/psm_wma/cosmos-framework/cosmos_framework/data/generator/joint_dataloader.py:831: UserWarning: Length of IterableDataset <cosmos_framework.data.generator.action.datasets.action_sft_dataset.ActionIterableShuffleDataset object at 0x7f4d88ebbce0> was reported to be 198(when accessing len(dataloader)), but 230 samples have been fetched. For multiprocessing data-loading, this could be caused by not properly configuring the IterableDataset replica at each worker. Please see https://pytorch.org/docs/stable/data.html#torch.utils.data.IterableDataset for examples.
  batch = next(self.dataloaders[index_id])
/disk/rl/psm_wma/cosmos-framework/cosmos_framework/data/generator/joint_dataloader.py:831: UserWarning: Length of IterableDataset <cosmos_framework.data.generator.action.datasets.action_sft_dataset.ActionIterableShuffleDataset object at 0x7f4d88ebbce0> was reported to be 198(when accessing len(dataloader)), but 231 samples have been fetched. For multiprocessing data-loading, this could be caused by not properly configuring the IterableDataset replica at each worker. Please see https://pytorch.org/docs/stable/data.html#torch.utils.data.IterableDataset for examples.
  batch = next(self.dataloaders[index_id])
/disk/rl/psm_wma/cosmos-framework/cosmos_framework/data/generator/joint_dataloader.py:831: UserWarning: Length of IterableDataset <cosmos_framework.data.generator.action.datasets.action_sft_dataset.ActionIterableShuffleDataset object at 0x7f4d88ebbce0> was reported to be 198(when accessing len(dataloader)), but 232 samples have been fetched. For multiprocessing data-loading, this could be caused by not properly configuring the IterableDataset replica at each worker. Please see https://pytorch.org/docs/stable/data.html#torch.utils.data.IterableDataset for examples.
  batch = next(self.dataloaders[index_id])
/disk/rl/psm_wma/cosmos-framework/cosmos_framework/data/generator/joint_dataloader.py:831: UserWarning: Length of IterableDataset <cosmos_framework.data.generator.action.datasets.action_sft_dataset.ActionIterableShuffleDataset object at 0x7f4d88ebbce0> was reported to be 198(when accessing len(dataloader)), but 233 samples have been fetched. For multiprocessing data-loading, this could be caused by not properly configuring the IterableDataset replica at each worker. Please see https://pytorch.org/docs/stable/data.html#torch.utils.data.IterableDataset for examples.
  batch = next(self.dataloaders[index_id])
/disk/rl/psm_wma/cosmos-framework/cosmos_framework/data/generator/joint_dataloader.py:831: UserWarning: Length of IterableDataset <cosmos_framework.data.generator.action.datasets.action_sft_dataset.ActionIterableShuffleDataset object at 0x7f4d88ebbce0> was reported to be 198(when accessing len(dataloader)), but 234 samples have been fetched. For multiprocessing data-loading, this could be caused by not properly configuring the IterableDataset replica at each worker. Please see https://pytorch.org/docs/stable/data.html#torch.utils.data.IterableDataset for examples.
  batch = next(self.dataloaders[index_id])
/disk/rl/psm_wma/cosmos-framework/cosmos_framework/data/generator/joint_dataloader.py:831: UserWarning: Length of IterableDataset <cosmos_framework.data.generator.action.datasets.action_sft_dataset.ActionIterableShuffleDataset object at 0x7f4d88ebbce0> was reported to be 198(when accessing len(dataloader)), but 235 samples have been fetched. For multiprocessing data-loading, this could be caused by not properly configuring the IterableDataset replica at each worker. Please see https://pytorch.org/docs/stable/data.html#torch.utils.data.IterableDataset for examples.
  batch = next(self.dataloaders[index_id])
/disk/rl/psm_wma/cosmos-framework/cosmos_framework/data/generator/joint_dataloader.py:831: UserWarning: Length of IterableDataset <cosmos_framework.data.generator.action.datasets.action_sft_dataset.ActionIterableShuffleDataset object at 0x7f4d88ebbce0> was reported to be 198(when accessing len(dataloader)), but 236 samples have been fetched. For multiprocessing data-loading, this could be caused by not properly configuring the IterableDataset replica at each worker. Please see https://pytorch.org/docs/stable/data.html#torch.utils.data.IterableDataset for examples.
  batch = next(self.dataloaders[index_id])
/disk/rl/psm_wma/cosmos-framework/cosmos_framework/data/generator/joint_dataloader.py:831: UserWarning: Length of IterableDataset <cosmos_framework.data.generator.action.datasets.action_sft_dataset.ActionIterableShuffleDataset object at 0x7f4d88ebbce0> was reported to be 198(when accessing len(dataloader)), but 237 samples have been fetched. For multiprocessing data-loading, this could be caused by not properly configuring the IterableDataset replica at each worker. Please see https://pytorch.org/docs/stable/data.html#torch.utils.data.IterableDataset for examples.
  batch = next(self.dataloaders[index_id])
/disk/rl/psm_wma/cosmos-framework/cosmos_framework/data/generator/joint_dataloader.py:831: UserWarning: Length of IterableDataset <cosmos_framework.data.generator.action.datasets.action_sft_dataset.ActionIterableShuffleDataset object at 0x7f4d88ebbce0> was reported to be 198(when accessing len(dataloader)), but 238 samples have been fetched. For multiprocessing data-loading, this could be caused by not properly configuring the IterableDataset replica at each worker. Please see https://pytorch.org/docs/stable/data.html#torch.utils.data.IterableDataset for examples.
  batch = next(self.dataloaders[index_id])
/disk/rl/psm_wma/cosmos-framework/cosmos_framework/data/generator/joint_dataloader.py:831: UserWarning: Length of IterableDataset <cosmos_framework.data.generator.action.datasets.action_sft_dataset.ActionIterableShuffleDataset object at 0x7f4d88ebbce0> was reported to be 198(when accessing len(dataloader)), but 239 samples have been fetched. For multiprocessing data-loading, this could be caused by not properly configuring the IterableDataset replica at each worker. Please see https://pytorch.org/docs/stable/data.html#torch.utils.data.IterableDataset for examples.
  batch = next(self.dataloaders[index_id])
/disk/rl/psm_wma/cosmos-framework/cosmos_framework/data/generator/joint_dataloader.py:831: UserWarning: Length of IterableDataset <cosmos_framework.data.generator.action.datasets.action_sft_dataset.ActionIterableShuffleDataset object at 0x7f4d88ebbce0> was reported to be 198(when accessing len(dataloader)), but 240 samples have been fetched. For multiprocessing data-loading, this could be caused by not properly configuring the IterableDataset replica at each worker. Please see https://pytorch.org/docs/stable/data.html#torch.utils.data.IterableDataset for examples.
  batch = next(self.dataloaders[index_id])
/disk/rl/psm_wma/cosmos-framework/cosmos_framework/data/generator/joint_dataloader.py:831: UserWarning: Length of IterableDataset <cosmos_framework.data.generator.action.datasets.action_sft_dataset.ActionIterableShuffleDataset object at 0x7f4d88ebbce0> was reported to be 198(when accessing len(dataloader)), but 241 samples have been fetched. For multiprocessing data-loading, this could be caused by not properly configuring the IterableDataset replica at each worker. Please see https://pytorch.org/docs/stable/data.html#torch.utils.data.IterableDataset for examples.
  batch = next(self.dataloaders[index_id])
/disk/rl/psm_wma/cosmos-framework/cosmos_framework/data/generator/joint_dataloader.py:831: UserWarning: Length of IterableDataset <cosmos_framework.data.generator.action.datasets.action_sft_dataset.ActionIterableShuffleDataset object at 0x7f4d88ebbce0> was reported to be 198(when accessing len(dataloader)), but 242 samples have been fetched. For multiprocessing data-loading, this could be caused by not properly configuring the IterableDataset replica at each worker. Please see https://pytorch.org/docs/stable/data.html#torch.utils.data.IterableDataset for examples.
  batch = next(self.dataloaders[index_id])
/disk/rl/psm_wma/cosmos-framework/cosmos_framework/data/generator/joint_dataloader.py:831: UserWarning: Length of IterableDataset <cosmos_framework.data.generator.action.datasets.action_sft_dataset.ActionIterableShuffleDataset object at 0x7f4d88ebbce0> was reported to be 198(when accessing len(dataloader)), but 243 samples have been fetched. For multiprocessing data-loading, this could be caused by not properly configuring the IterableDataset replica at each worker. Please see https://pytorch.org/docs/stable/data.html#torch.utils.data.IterableDataset for examples.
  batch = next(self.dataloaders[index_id])
/disk/rl/psm_wma/cosmos-framework/cosmos_framework/data/generator/joint_dataloader.py:831: UserWarning: Length of IterableDataset <cosmos_framework.data.generator.action.datasets.action_sft_dataset.ActionIterableShuffleDataset object at 0x7f4d88ebbce0> was reported to be 198(when accessing len(dataloader)), but 244 samples have been fetched. For multiprocessing data-loading, this could be caused by not properly configuring the IterableDataset replica at each worker. Please see https://pytorch.org/docs/stable/data.html#torch.utils.data.IterableDataset for examples.
  batch = next(self.dataloaders[index_id])
/disk/rl/psm_wma/cosmos-framework/cosmos_framework/data/generator/joint_dataloader.py:831: UserWarning: Length of IterableDataset <cosmos_framework.data.generator.action.datasets.action_sft_dataset.ActionIterableShuffleDataset object at 0x7f4d88ebbce0> was reported to be 198(when accessing len(dataloader)), but 245 samples have been fetched. For multiprocessing data-loading, this could be caused by not properly configuring the IterableDataset replica at each worker. Please see https://pytorch.org/docs/stable/data.html#torch.utils.data.IterableDataset for examples.
  batch = next(self.dataloaders[index_id])
/disk/rl/psm_wma/cosmos-framework/cosmos_framework/data/generator/joint_dataloader.py:831: UserWarning: Length of IterableDataset <cosmos_framework.data.generator.action.datasets.action_sft_dataset.ActionIterableShuffleDataset object at 0x7f4d88ebbce0> was reported to be 198(when accessing len(dataloader)), but 246 samples have been fetched. For multiprocessing data-loading, this could be caused by not properly configuring the IterableDataset replica at each worker. Please see https://pytorch.org/docs/stable/data.html#torch.utils.data.IterableDataset for examples.
  batch = next(self.dataloaders[index_id])
/disk/rl/psm_wma/cosmos-framework/cosmos_framework/data/generator/joint_dataloader.py:831: UserWarning: Length of IterableDataset <cosmos_framework.data.generator.action.datasets.action_sft_dataset.ActionIterableShuffleDataset object at 0x7f4d88ebbce0> was reported to be 198(when accessing len(dataloader)), but 247 samples have been fetched. For multiprocessing data-loading, this could be caused by not properly configuring the IterableDataset replica at each worker. Please see https://pytorch.org/docs/stable/data.html#torch.utils.data.IterableDataset for examples.
  batch = next(self.dataloaders[index_id])
/disk/rl/psm_wma/cosmos-framework/cosmos_framework/data/generator/joint_dataloader.py:831: UserWarning: Length of IterableDataset <cosmos_framework.data.generator.action.datasets.action_sft_dataset.ActionIterableShuffleDataset object at 0x7f4d88ebbce0> was reported to be 198(when accessing len(dataloader)), but 248 samples have been fetched. For multiprocessing data-loading, this could be caused by not properly configuring the IterableDataset replica at each worker. Please see https://pytorch.org/docs/stable/data.html#torch.utils.data.IterableDataset for examples.
  batch = next(self.dataloaders[index_id])
/disk/rl/psm_wma/cosmos-framework/cosmos_framework/data/generator/joint_dataloader.py:831: UserWarning: Length of IterableDataset <cosmos_framework.data.generator.action.datasets.action_sft_dataset.ActionIterableShuffleDataset object at 0x7f4d88ebbce0> was reported to be 198(when accessing len(dataloader)), but 249 samples have been fetched. For multiprocessing data-loading, this could be caused by not properly configuring the IterableDataset replica at each worker. Please see https://pytorch.org/docs/stable/data.html#torch.utils.data.IterableDataset for examples.
  batch = next(self.dataloaders[index_id])
/disk/rl/psm_wma/cosmos-framework/cosmos_framework/data/generator/joint_dataloader.py:831: UserWarning: Length of IterableDataset <cosmos_framework.data.generator.action.datasets.action_sft_dataset.ActionIterableShuffleDataset object at 0x7f4d88ebbce0> was reported to be 198(when accessing len(dataloader)), but 250 samples have been fetched. For multiprocessing data-loading, this could be caused by not properly configuring the IterableDataset replica at each worker. Please see https://pytorch.org/docs/stable/data.html#torch.utils.data.IterableDataset for examples.
  batch = next(self.dataloaders[index_id])
/disk/rl/psm_wma/cosmos-framework/cosmos_framework/data/generator/joint_dataloader.py:831: UserWarning: Length of IterableDataset <cosmos_framework.data.generator.action.datasets.action_sft_dataset.ActionIterableShuffleDataset object at 0x7f4d88ebbce0> was reported to be 198(when accessing len(dataloader)), but 251 samples have been fetched. For multiprocessing data-loading, this could be caused by not properly configuring the IterableDataset replica at each worker. Please see https://pytorch.org/docs/stable/data.html#torch.utils.data.IterableDataset for examples.
  batch = next(self.dataloaders[index_id])
/disk/rl/psm_wma/cosmos-framework/cosmos_framework/data/generator/joint_dataloader.py:831: UserWarning: Length of IterableDataset <cosmos_framework.data.generator.action.datasets.action_sft_dataset.ActionIterableShuffleDataset object at 0x7f4d88ebbce0> was reported to be 198(when accessing len(dataloader)), but 252 samples have been fetched. For multiprocessing data-loading, this could be caused by not properly configuring the IterableDataset replica at each worker. Please see https://pytorch.org/docs/stable/data.html#torch.utils.data.IterableDataset for examples.
  batch = next(self.dataloaders[index_id])
/disk/rl/psm_wma/cosmos-framework/cosmos_framework/data/generator/joint_dataloader.py:831: UserWarning: Length of IterableDataset <cosmos_framework.data.generator.action.datasets.action_sft_dataset.ActionIterableShuffleDataset object at 0x7f4d88ebbce0> was reported to be 198(when accessing len(dataloader)), but 253 samples have been fetched. For multiprocessing data-loading, this could be caused by not properly configuring the IterableDataset replica at each worker. Please see https://pytorch.org/docs/stable/data.html#torch.utils.data.IterableDataset for examples.
  batch = next(self.dataloaders[index_id])
/disk/rl/psm_wma/cosmos-framework/cosmos_framework/data/generator/joint_dataloader.py:831: UserWarning: Length of IterableDataset <cosmos_framework.data.generator.action.datasets.action_sft_dataset.ActionIterableShuffleDataset object at 0x7f4d88ebbce0> was reported to be 198(when accessing len(dataloader)), but 254 samples have been fetched. For multiprocessing data-loading, this could be caused by not properly configuring the IterableDataset replica at each worker. Please see https://pytorch.org/docs/stable/data.html#torch.utils.data.IterableDataset for examples.
  batch = next(self.dataloaders[index_id])
/disk/rl/psm_wma/cosmos-framework/cosmos_framework/data/generator/joint_dataloader.py:831: UserWarning: Length of IterableDataset <cosmos_framework.data.generator.action.datasets.action_sft_dataset.ActionIterableShuffleDataset object at 0x7f4d88ebbce0> was reported to be 198(when accessing len(dataloader)), but 255 samples have been fetched. For multiprocessing data-loading, this could be caused by not properly configuring the IterableDataset replica at each worker. Please see https://pytorch.org/docs/stable/data.html#torch.utils.data.IterableDataset for examples.
  batch = next(self.dataloaders[index_id])
/disk/rl/psm_wma/cosmos-framework/cosmos_framework/data/generator/joint_dataloader.py:831: UserWarning: Length of IterableDataset <cosmos_framework.data.generator.action.datasets.action_sft_dataset.ActionIterableShuffleDataset object at 0x7f4d88ebbce0> was reported to be 198(when accessing len(dataloader)), but 256 samples have been fetched. For multiprocessing data-loading, this could be caused by not properly configuring the IterableDataset replica at each worker. Please see https://pytorch.org/docs/stable/data.html#torch.utils.data.IterableDataset for examples.
  batch = next(self.dataloaders[index_id])
/disk/rl/psm_wma/cosmos-framework/cosmos_framework/data/generator/joint_dataloader.py:831: UserWarning: Length of IterableDataset <cosmos_framework.data.generator.action.datasets.action_sft_dataset.ActionIterableShuffleDataset object at 0x7f4d88d00ad0> was reported to be 94(when accessing len(dataloader)), but 257 samples have been fetched. For multiprocessing data-loading, this could be caused by not properly configuring the IterableDataset replica at each worker. Please see https://pytorch.org/docs/stable/data.html#torch.utils.data.IterableDataset for examples.
  batch = next(self.dataloaders[index_id])
/disk/rl/psm_wma/cosmos-framework/cosmos_framework/data/generator/joint_dataloader.py:831: UserWarning: Length of IterableDataset <cosmos_framework.data.generator.action.datasets.action_sft_dataset.ActionIterableShuffleDataset object at 0x7f4d88d00ad0> was reported to be 94(when accessing len(dataloader)), but 258 samples have been fetched. For multiprocessing data-loading, this could be caused by not properly configuring the IterableDataset replica at each worker. Please see https://pytorch.org/docs/stable/data.html#torch.utils.data.IterableDataset for examples.
  batch = next(self.dataloaders[index_id])
/disk/rl/psm_wma/cosmos-framework/cosmos_framework/data/generator/joint_dataloader.py:831: UserWarning: Length of IterableDataset <cosmos_framework.data.generator.action.datasets.action_sft_dataset.ActionIterableShuffleDataset object at 0x7f4d88d00ad0> was reported to be 94(when accessing len(dataloader)), but 259 samples have been fetched. For multiprocessing data-loading, this could be caused by not properly configuring the IterableDataset replica at each worker. Please see https://pytorch.org/docs/stable/data.html#torch.utils.data.IterableDataset for examples.
  batch = next(self.dataloaders[index_id])
/disk/rl/psm_wma/cosmos-framework/cosmos_framework/data/generator/joint_dataloader.py:831: UserWarning: Length of IterableDataset <cosmos_framework.data.generator.action.datasets.action_sft_dataset.ActionIterableShuffleDataset object at 0x7f4d88d00ad0> was reported to be 94(when accessing len(dataloader)), but 260 samples have been fetched. For multiprocessing data-loading, this could be caused by not properly configuring the IterableDataset replica at each worker. Please see https://pytorch.org/docs/stable/data.html#torch.utils.data.IterableDataset for examples.
  batch = next(self.dataloaders[index_id])
/disk/rl/psm_wma/cosmos-framework/cosmos_framework/data/generator/joint_dataloader.py:831: UserWarning: Length of IterableDataset <cosmos_framework.data.generator.action.datasets.action_sft_dataset.ActionIterableShuffleDataset object at 0x7f4d88d00ad0> was reported to be 94(when accessing len(dataloader)), but 261 samples have been fetched. For multiprocessing data-loading, this could be caused by not properly configuring the IterableDataset replica at each worker. Please see https://pytorch.org/docs/stable/data.html#torch.utils.data.IterableDataset for examples.
  batch = next(self.dataloaders[index_id])
/disk/rl/psm_wma/cosmos-framework/cosmos_framework/data/generator/joint_dataloader.py:831: UserWarning: Length of IterableDataset <cosmos_framework.data.generator.action.datasets.action_sft_dataset.ActionIterableShuffleDataset object at 0x7f4d88d00ad0> was reported to be 94(when accessing len(dataloader)), but 262 samples have been fetched. For multiprocessing data-loading, this could be caused by not properly configuring the IterableDataset replica at each worker. Please see https://pytorch.org/docs/stable/data.html#torch.utils.data.IterableDataset for examples.
  batch = next(self.dataloaders[index_id])
/disk/rl/psm_wma/cosmos-framework/cosmos_framework/data/generator/joint_dataloader.py:831: UserWarning: Length of IterableDataset <cosmos_framework.data.generator.action.datasets.action_sft_dataset.ActionIterableShuffleDataset object at 0x7f4d88d00ad0> was reported to be 94(when accessing len(dataloader)), but 263 samples have been fetched. For multiprocessing data-loading, this could be caused by not properly configuring the IterableDataset replica at each worker. Please see https://pytorch.org/docs/stable/data.html#torch.utils.data.IterableDataset for examples.
  batch = next(self.dataloaders[index_id])
/disk/rl/psm_wma/cosmos-framework/cosmos_framework/data/generator/joint_dataloader.py:831: UserWarning: Length of IterableDataset <cosmos_framework.data.generator.action.datasets.action_sft_dataset.ActionIterableShuffleDataset object at 0x7f4d88d00ad0> was reported to be 94(when accessing len(dataloader)), but 264 samples have been fetched. For multiprocessing data-loading, this could be caused by not properly configuring the IterableDataset replica at each worker. Please see https://pytorch.org/docs/stable/data.html#torch.utils.data.IterableDataset for examples.
  batch = next(self.dataloaders[index_id])
/disk/rl/psm_wma/cosmos-framework/cosmos_framework/data/generator/joint_dataloader.py:831: UserWarning: Length of IterableDataset <cosmos_framework.data.generator.action.datasets.action_sft_dataset.ActionIterableShuffleDataset object at 0x7f4d88d00ad0> was reported to be 94(when accessing len(dataloader)), but 265 samples have been fetched. For multiprocessing data-loading, this could be caused by not properly configuring the IterableDataset replica at each worker. Please see https://pytorch.org/docs/stable/data.html#torch.utils.data.IterableDataset for examples.
  batch = next(self.dataloaders[index_id])
/disk/rl/psm_wma/cosmos-framework/cosmos_framework/data/generator/joint_dataloader.py:831: UserWarning: Length of IterableDataset <cosmos_framework.data.generator.action.datasets.action_sft_dataset.ActionIterableShuffleDataset object at 0x7f4d88d00ad0> was reported to be 94(when accessing len(dataloader)), but 266 samples have been fetched. For multiprocessing data-loading, this could be caused by not properly configuring the IterableDataset replica at each worker. Please see https://pytorch.org/docs/stable/data.html#torch.utils.data.IterableDataset for examples.
  batch = next(self.dataloaders[index_id])
/disk/rl/psm_wma/cosmos-framework/cosmos_framework/data/generator/joint_dataloader.py:831: UserWarning: Length of IterableDataset <cosmos_framework.data.generator.action.datasets.action_sft_dataset.ActionIterableShuffleDataset object at 0x7f4d88d00ad0> was reported to be 94(when accessing len(dataloader)), but 267 samples have been fetched. For multiprocessing data-loading, this could be caused by not properly configuring the IterableDataset replica at each worker. Please see https://pytorch.org/docs/stable/data.html#torch.utils.data.IterableDataset for examples.
  batch = next(self.dataloaders[index_id])
/disk/rl/psm_wma/cosmos-framework/cosmos_framework/data/generator/joint_dataloader.py:831: UserWarning: Length of IterableDataset <cosmos_framework.data.generator.action.datasets.action_sft_dataset.ActionIterableShuffleDataset object at 0x7f4d88d00ad0> was reported to be 94(when accessing len(dataloader)), but 268 samples have been fetched. For multiprocessing data-loading, this could be caused by not properly configuring the IterableDataset replica at each worker. Please see https://pytorch.org/docs/stable/data.html#torch.utils.data.IterableDataset for examples.
  batch = next(self.dataloaders[index_id])
/disk/rl/psm_wma/cosmos-framework/cosmos_framework/data/generator/joint_dataloader.py:831: UserWarning: Length of IterableDataset <cosmos_framework.data.generator.action.datasets.action_sft_dataset.ActionIterableShuffleDataset object at 0x7f4d88d00ad0> was reported to be 94(when accessing len(dataloader)), but 269 samples have been fetched. For multiprocessing data-loading, this could be caused by not properly configuring the IterableDataset replica at each worker. Please see https://pytorch.org/docs/stable/data.html#torch.utils.data.IterableDataset for examples.
  batch = next(self.dataloaders[index_id])
/disk/rl/psm_wma/cosmos-framework/cosmos_framework/data/generator/joint_dataloader.py:831: UserWarning: Length of IterableDataset <cosmos_framework.data.generator.action.datasets.action_sft_dataset.ActionIterableShuffleDataset object at 0x7f4d88d00ad0> was reported to be 94(when accessing len(dataloader)), but 270 samples have been fetched. For multiprocessing data-loading, this could be caused by not properly configuring the IterableDataset replica at each worker. Please see https://pytorch.org/docs/stable/data.html#torch.utils.data.IterableDataset for examples.
  batch = next(self.dataloaders[index_id])
/disk/rl/psm_wma/cosmos-framework/cosmos_framework/data/generator/joint_dataloader.py:831: UserWarning: Length of IterableDataset <cosmos_framework.data.generator.action.datasets.action_sft_dataset.ActionIterableShuffleDataset object at 0x7f4d88d00ad0> was reported to be 94(when accessing len(dataloader)), but 271 samples have been fetched. For multiprocessing data-loading, this could be caused by not properly configuring the IterableDataset replica at each worker. Please see https://pytorch.org/docs/stable/data.html#torch.utils.data.IterableDataset for examples.
  batch = next(self.dataloaders[index_id])
/disk/rl/psm_wma/cosmos-framework/cosmos_framework/data/generator/joint_dataloader.py:831: UserWarning: Length of IterableDataset <cosmos_framework.data.generator.action.datasets.action_sft_dataset.ActionIterableShuffleDataset object at 0x7f4d88d00ad0> was reported to be 94(when accessing len(dataloader)), but 272 samples have been fetched. For multiprocessing data-loading, this could be caused by not properly configuring the IterableDataset replica at each worker. Please see https://pytorch.org/docs/stable/data.html#torch.utils.data.IterableDataset for examples.
  batch = next(self.dataloaders[index_id])
/disk/rl/psm_wma/cosmos-framework/cosmos_framework/data/generator/joint_dataloader.py:831: UserWarning: Length of IterableDataset <cosmos_framework.data.generator.action.datasets.action_sft_dataset.ActionIterableShuffleDataset object at 0x7f4d88d00ad0> was reported to be 94(when accessing len(dataloader)), but 273 samples have been fetched. For multiprocessing data-loading, this could be caused by not properly configuring the IterableDataset replica at each worker. Please see https://pytorch.org/docs/stable/data.html#torch.utils.data.IterableDataset for examples.
  batch = next(self.dataloaders[index_id])
/disk/rl/psm_wma/cosmos-framework/cosmos_framework/data/generator/joint_dataloader.py:831: UserWarning: Length of IterableDataset <cosmos_framework.data.generator.action.datasets.action_sft_dataset.ActionIterableShuffleDataset object at 0x7f4d88d00ad0> was reported to be 94(when accessing len(dataloader)), but 274 samples have been fetched. For multiprocessing data-loading, this could be caused by not properly configuring the IterableDataset replica at each worker. Please see https://pytorch.org/docs/stable/data.html#torch.utils.data.IterableDataset for examples.
  batch = next(self.dataloaders[index_id])
/disk/rl/psm_wma/cosmos-framework/cosmos_framework/data/generator/joint_dataloader.py:831: UserWarning: Length of IterableDataset <cosmos_framework.data.generator.action.datasets.action_sft_dataset.ActionIterableShuffleDataset object at 0x7f4d88d00ad0> was reported to be 94(when accessing len(dataloader)), but 275 samples have been fetched. For multiprocessing data-loading, this could be caused by not properly configuring the IterableDataset replica at each worker. Please see https://pytorch.org/docs/stable/data.html#torch.utils.data.IterableDataset for examples.
  batch = next(self.dataloaders[index_id])
/disk/rl/psm_wma/cosmos-framework/cosmos_framework/data/generator/joint_dataloader.py:831: UserWarning: Length of IterableDataset <cosmos_framework.data.generator.action.datasets.action_sft_dataset.ActionIterableShuffleDataset object at 0x7f4d88d00ad0> was reported to be 94(when accessing len(dataloader)), but 276 samples have been fetched. For multiprocessing data-loading, this could be caused by not properly configuring the IterableDataset replica at each worker. Please see https://pytorch.org/docs/stable/data.html#torch.utils.data.IterableDataset for examples.
  batch = next(self.dataloaders[index_id])
/disk/rl/psm_wma/cosmos-framework/cosmos_framework/data/generator/joint_dataloader.py:831: UserWarning: Length of IterableDataset <cosmos_framework.data.generator.action.datasets.action_sft_dataset.ActionIterableShuffleDataset object at 0x7f4d88d00ad0> was reported to be 94(when accessing len(dataloader)), but 277 samples have been fetched. For multiprocessing data-loading, this could be caused by not properly configuring the IterableDataset replica at each worker. Please see https://pytorch.org/docs/stable/data.html#torch.utils.data.IterableDataset for examples.
  batch = next(self.dataloaders[index_id])
/disk/rl/psm_wma/cosmos-framework/cosmos_framework/data/generator/joint_dataloader.py:831: UserWarning: Length of IterableDataset <cosmos_framework.data.generator.action.datasets.action_sft_dataset.ActionIterableShuffleDataset object at 0x7f4d88d00ad0> was reported to be 94(when accessing len(dataloader)), but 278 samples have been fetched. For multiprocessing data-loading, this could be caused by not properly configuring the IterableDataset replica at each worker. Please see https://pytorch.org/docs/stable/data.html#torch.utils.data.IterableDataset for examples.
  batch = next(self.dataloaders[index_id])
/disk/rl/psm_wma/cosmos-framework/cosmos_framework/data/generator/joint_dataloader.py:831: UserWarning: Length of IterableDataset <cosmos_framework.data.generator.action.datasets.action_sft_dataset.ActionIterableShuffleDataset object at 0x7f4d88d00ad0> was reported to be 94(when accessing len(dataloader)), but 279 samples have been fetched. For multiprocessing data-loading, this could be caused by not properly configuring the IterableDataset replica at each worker. Please see https://pytorch.org/docs/stable/data.html#torch.utils.data.IterableDataset for examples.
  batch = next(self.dataloaders[index_id])
/disk/rl/psm_wma/cosmos-framework/cosmos_framework/data/generator/joint_dataloader.py:831: UserWarning: Length of IterableDataset <cosmos_framework.data.generator.action.datasets.action_sft_dataset.ActionIterableShuffleDataset object at 0x7f4d88d00ad0> was reported to be 94(when accessing len(dataloader)), but 280 samples have been fetched. For multiprocessing data-loading, this could be caused by not properly configuring the IterableDataset replica at each worker. Please see https://pytorch.org/docs/stable/data.html#torch.utils.data.IterableDataset for examples.
  batch = next(self.dataloaders[index_id])
/disk/rl/psm_wma/cosmos-framework/cosmos_framework/data/generator/joint_dataloader.py:831: UserWarning: Length of IterableDataset <cosmos_framework.data.generator.action.datasets.action_sft_dataset.ActionIterableShuffleDataset object at 0x7f4d88d00ad0> was reported to be 94(when accessing len(dataloader)), but 281 samples have been fetched. For multiprocessing data-loading, this could be caused by not properly configuring the IterableDataset replica at each worker. Please see https://pytorch.org/docs/stable/data.html#torch.utils.data.IterableDataset for examples.
  batch = next(self.dataloaders[index_id])
/disk/rl/psm_wma/cosmos-framework/cosmos_framework/data/generator/joint_dataloader.py:831: UserWarning: Length of IterableDataset <cosmos_framework.data.generator.action.datasets.action_sft_dataset.ActionIterableShuffleDataset object at 0x7f4d88d00ad0> was reported to be 94(when accessing len(dataloader)), but 282 samples have been fetched. For multiprocessing data-loading, this could be caused by not properly configuring the IterableDataset replica at each worker. Please see https://pytorch.org/docs/stable/data.html#torch.utils.data.IterableDataset for examples.
  batch = next(self.dataloaders[index_id])
/disk/rl/psm_wma/cosmos-framework/cosmos_framework/data/generator/joint_dataloader.py:831: UserWarning: Length of IterableDataset <cosmos_framework.data.generator.action.datasets.action_sft_dataset.ActionIterableShuffleDataset object at 0x7f4d88d00ad0> was reported to be 94(when accessing len(dataloader)), but 283 samples have been fetched. For multiprocessing data-loading, this could be caused by not properly configuring the IterableDataset replica at each worker. Please see https://pytorch.org/docs/stable/data.html#torch.utils.data.IterableDataset for examples.
  batch = next(self.dataloaders[index_id])
/disk/rl/psm_wma/cosmos-framework/cosmos_framework/data/generator/joint_dataloader.py:831: UserWarning: Length of IterableDataset <cosmos_framework.data.generator.action.datasets.action_sft_dataset.ActionIterableShuffleDataset object at 0x7f4d88d00ad0> was reported to be 94(when accessing len(dataloader)), but 284 samples have been fetched. For multiprocessing data-loading, this could be caused by not properly configuring the IterableDataset replica at each worker. Please see https://pytorch.org/docs/stable/data.html#torch.utils.data.IterableDataset for examples.
  batch = next(self.dataloaders[index_id])
/disk/rl/psm_wma/cosmos-framework/cosmos_framework/data/generator/joint_dataloader.py:831: UserWarning: Length of IterableDataset <cosmos_framework.data.generator.action.datasets.action_sft_dataset.ActionIterableShuffleDataset object at 0x7f4d88d00ad0> was reported to be 94(when accessing len(dataloader)), but 285 samples have been fetched. For multiprocessing data-loading, this could be caused by not properly configuring the IterableDataset replica at each worker. Please see https://pytorch.org/docs/stable/data.html#torch.utils.data.IterableDataset for examples.
  batch = next(self.dataloaders[index_id])
/disk/rl/psm_wma/cosmos-framework/cosmos_framework/data/generator/joint_dataloader.py:831: UserWarning: Length of IterableDataset <cosmos_framework.data.generator.action.datasets.action_sft_dataset.ActionIterableShuffleDataset object at 0x7f4d88d00ad0> was reported to be 94(when accessing len(dataloader)), but 286 samples have been fetched. For multiprocessing data-loading, this could be caused by not properly configuring the IterableDataset replica at each worker. Please see https://pytorch.org/docs/stable/data.html#torch.utils.data.IterableDataset for examples.
  batch = next(self.dataloaders[index_id])
/disk/rl/psm_wma/cosmos-framework/cosmos_framework/data/generator/joint_dataloader.py:831: UserWarning: Length of IterableDataset <cosmos_framework.data.generator.action.datasets.action_sft_dataset.ActionIterableShuffleDataset object at 0x7f4d88d00ad0> was reported to be 94(when accessing len(dataloader)), but 287 samples have been fetched. For multiprocessing data-loading, this could be caused by not properly configuring the IterableDataset replica at each worker. Please see https://pytorch.org/docs/stable/data.html#torch.utils.data.IterableDataset for examples.
  batch = next(self.dataloaders[index_id])
/disk/rl/psm_wma/cosmos-framework/cosmos_framework/data/generator/joint_dataloader.py:831: UserWarning: Length of IterableDataset <cosmos_framework.data.generator.action.datasets.action_sft_dataset.ActionIterableShuffleDataset object at 0x7f4d88d00ad0> was reported to be 94(when accessing len(dataloader)), but 288 samples have been fetched. For multiprocessing data-loading, this could be caused by not properly configuring the IterableDataset replica at each worker. Please see https://pytorch.org/docs/stable/data.html#torch.utils.data.IterableDataset for examples.
  batch = next(self.dataloaders[index_id])
/disk/rl/psm_wma/cosmos-framework/cosmos_framework/data/generator/joint_dataloader.py:831: UserWarning: Length of IterableDataset <cosmos_framework.data.generator.action.datasets.action_sft_dataset.ActionIterableShuffleDataset object at 0x7f4d88d00ad0> was reported to be 94(when accessing len(dataloader)), but 289 samples have been fetched. For multiprocessing data-loading, this could be caused by not properly configuring the IterableDataset replica at each worker. Please see https://pytorch.org/docs/stable/data.html#torch.utils.data.IterableDataset for examples.
  batch = next(self.dataloaders[index_id])
/disk/rl/psm_wma/cosmos-framework/cosmos_framework/data/generator/joint_dataloader.py:831: UserWarning: Length of IterableDataset <cosmos_framework.data.generator.action.datasets.action_sft_dataset.ActionIterableShuffleDataset object at 0x7f4d88d00ad0> was reported to be 94(when accessing len(dataloader)), but 290 samples have been fetched. For multiprocessing data-loading, this could be caused by not properly configuring the IterableDataset replica at each worker. Please see https://pytorch.org/docs/stable/data.html#torch.utils.data.IterableDataset for examples.
  batch = next(self.dataloaders[index_id])
/disk/rl/psm_wma/cosmos-framework/cosmos_framework/data/generator/joint_dataloader.py:831: UserWarning: Length of IterableDataset <cosmos_framework.data.generator.action.datasets.action_sft_dataset.ActionIterableShuffleDataset object at 0x7f4d88d00ad0> was reported to be 94(when accessing len(dataloader)), but 291 samples have been fetched. For multiprocessing data-loading, this could be caused by not properly configuring the IterableDataset replica at each worker. Please see https://pytorch.org/docs/stable/data.html#torch.utils.data.IterableDataset for examples.
  batch = next(self.dataloaders[index_id])
/disk/rl/psm_wma/cosmos-framework/cosmos_framework/data/generator/joint_dataloader.py:831: UserWarning: Length of IterableDataset <cosmos_framework.data.generator.action.datasets.action_sft_dataset.ActionIterableShuffleDataset object at 0x7f4d88d00ad0> was reported to be 94(when accessing len(dataloader)), but 292 samples have been fetched. For multiprocessing data-loading, this could be caused by not properly configuring the IterableDataset replica at each worker. Please see https://pytorch.org/docs/stable/data.html#torch.utils.data.IterableDataset for examples.
  batch = next(self.dataloaders[index_id])
/disk/rl/psm_wma/cosmos-framework/cosmos_framework/data/generator/joint_dataloader.py:831: UserWarning: Length of IterableDataset <cosmos_framework.data.generator.action.datasets.action_sft_dataset.ActionIterableShuffleDataset object at 0x7f4d88d00ad0> was reported to be 94(when accessing len(dataloader)), but 293 samples have been fetched. For multiprocessing data-loading, this could be caused by not properly configuring the IterableDataset replica at each worker. Please see https://pytorch.org/docs/stable/data.html#torch.utils.data.IterableDataset for examples.
  batch = next(self.dataloaders[index_id])
/disk/rl/psm_wma/cosmos-framework/cosmos_framework/data/generator/joint_dataloader.py:831: UserWarning: Length of IterableDataset <cosmos_framework.data.generator.action.datasets.action_sft_dataset.ActionIterableShuffleDataset object at 0x7f4d88d00ad0> was reported to be 94(when accessing len(dataloader)), but 294 samples have been fetched. For multiprocessing data-loading, this could be caused by not properly configuring the IterableDataset replica at each worker. Please see https://pytorch.org/docs/stable/data.html#torch.utils.data.IterableDataset for examples.
  batch = next(self.dataloaders[index_id])
/disk/rl/psm_wma/cosmos-framework/cosmos_framework/data/generator/joint_dataloader.py:831: UserWarning: Length of IterableDataset <cosmos_framework.data.generator.action.datasets.action_sft_dataset.ActionIterableShuffleDataset object at 0x7f4d88d00ad0> was reported to be 94(when accessing len(dataloader)), but 295 samples have been fetched. For multiprocessing data-loading, this could be caused by not properly configuring the IterableDataset replica at each worker. Please see https://pytorch.org/docs/stable/data.html#torch.utils.data.IterableDataset for examples.
  batch = next(self.dataloaders[index_id])
/disk/rl/psm_wma/cosmos-framework/cosmos_framework/data/generator/joint_dataloader.py:831: UserWarning: Length of IterableDataset <cosmos_framework.data.generator.action.datasets.action_sft_dataset.ActionIterableShuffleDataset object at 0x7f4d88d00ad0> was reported to be 94(when accessing len(dataloader)), but 296 samples have been fetched. For multiprocessing data-loading, this could be caused by not properly configuring the IterableDataset replica at each worker. Please see https://pytorch.org/docs/stable/data.html#torch.utils.data.IterableDataset for examples.
  batch = next(self.dataloaders[index_id])
/disk/rl/psm_wma/cosmos-framework/cosmos_framework/data/generator/joint_dataloader.py:831: UserWarning: Length of IterableDataset <cosmos_framework.data.generator.action.datasets.action_sft_dataset.ActionIterableShuffleDataset object at 0x7f4d88d00ad0> was reported to be 94(when accessing len(dataloader)), but 297 samples have been fetched. For multiprocessing data-loading, this could be caused by not properly configuring the IterableDataset replica at each worker. Please see https://pytorch.org/docs/stable/data.html#torch.utils.data.IterableDataset for examples.
  batch = next(self.dataloaders[index_id])
/disk/rl/psm_wma/cosmos-framework/cosmos_framework/data/generator/joint_dataloader.py:831: UserWarning: Length of IterableDataset <cosmos_framework.data.generator.action.datasets.action_sft_dataset.ActionIterableShuffleDataset object at 0x7f4d88d00ad0> was reported to be 94(when accessing len(dataloader)), but 298 samples have been fetched. For multiprocessing data-loading, this could be caused by not properly configuring the IterableDataset replica at each worker. Please see https://pytorch.org/docs/stable/data.html#torch.utils.data.IterableDataset for examples.
  batch = next(self.dataloaders[index_id])
/disk/rl/psm_wma/cosmos-framework/cosmos_framework/data/generator/joint_dataloader.py:831: UserWarning: Length of IterableDataset <cosmos_framework.data.generator.action.datasets.action_sft_dataset.ActionIterableShuffleDataset object at 0x7f4d88d00ad0> was reported to be 94(when accessing len(dataloader)), but 299 samples have been fetched. For multiprocessing data-loading, this could be caused by not properly configuring the IterableDataset replica at each worker. Please see https://pytorch.org/docs/stable/data.html#torch.utils.data.IterableDataset for examples.
  batch = next(self.dataloaders[index_id])
/disk/rl/psm_wma/cosmos-framework/cosmos_framework/data/generator/joint_dataloader.py:831: UserWarning: Length of IterableDataset <cosmos_framework.data.generator.action.datasets.action_sft_dataset.ActionIterableShuffleDataset object at 0x7f4d88d00ad0> was reported to be 94(when accessing len(dataloader)), but 300 samples have been fetched. For multiprocessing data-loading, this could be caused by not properly configuring the IterableDataset replica at each worker. Please see https://pytorch.org/docs/stable/data.html#torch.utils.data.IterableDataset for examples.
  batch = next(self.dataloaders[index_id])
/disk/rl/psm_wma/cosmos-framework/cosmos_framework/data/generator/joint_dataloader.py:831: UserWarning: Length of IterableDataset <cosmos_framework.data.generator.action.datasets.action_sft_dataset.ActionIterableShuffleDataset object at 0x7f4d88d00ad0> was reported to be 94(when accessing len(dataloader)), but 301 samples have been fetched. For multiprocessing data-loading, this could be caused by not properly configuring the IterableDataset replica at each worker. Please see https://pytorch.org/docs/stable/data.html#torch.utils.data.IterableDataset for examples.
  batch = next(self.dataloaders[index_id])
/disk/rl/psm_wma/cosmos-framework/cosmos_framework/data/generator/joint_dataloader.py:831: UserWarning: Length of IterableDataset <cosmos_framework.data.generator.action.datasets.action_sft_dataset.ActionIterableShuffleDataset object at 0x7f4d88d00ad0> was reported to be 94(when accessing len(dataloader)), but 302 samples have been fetched. For multiprocessing data-loading, this could be caused by not properly configuring the IterableDataset replica at each worker. Please see https://pytorch.org/docs/stable/data.html#torch.utils.data.IterableDataset for examples.
  batch = next(self.dataloaders[index_id])
/disk/rl/psm_wma/cosmos-framework/cosmos_framework/data/generator/joint_dataloader.py:831: UserWarning: Length of IterableDataset <cosmos_framework.data.generator.action.datasets.action_sft_dataset.ActionIterableShuffleDataset object at 0x7f4d88d00ad0> was reported to be 94(when accessing len(dataloader)), but 303 samples have been fetched. For multiprocessing data-loading, this could be caused by not properly configuring the IterableDataset replica at each worker. Please see https://pytorch.org/docs/stable/data.html#torch.utils.data.IterableDataset for examples.
  batch = next(self.dataloaders[index_id])
/disk/rl/psm_wma/cosmos-framework/cosmos_framework/data/generator/joint_dataloader.py:831: UserWarning: Length of IterableDataset <cosmos_framework.data.generator.action.datasets.action_sft_dataset.ActionIterableShuffleDataset object at 0x7f4d88d00ad0> was reported to be 94(when accessing len(dataloader)), but 304 samples have been fetched. For multiprocessing data-loading, this could be caused by not properly configuring the IterableDataset replica at each worker. Please see https://pytorch.org/docs/stable/data.html#torch.utils.data.IterableDataset for examples.
  batch = next(self.dataloaders[index_id])
/disk/rl/psm_wma/cosmos-framework/cosmos_framework/data/generator/joint_dataloader.py:831: UserWarning: Length of IterableDataset <cosmos_framework.data.generator.action.datasets.action_sft_dataset.ActionIterableShuffleDataset object at 0x7f4d88d00ad0> was reported to be 94(when accessing len(dataloader)), but 305 samples have been fetched. For multiprocessing data-loading, this could be caused by not properly configuring the IterableDataset replica at each worker. Please see https://pytorch.org/docs/stable/data.html#torch.utils.data.IterableDataset for examples.
  batch = next(self.dataloaders[index_id])
/disk/rl/psm_wma/cosmos-framework/cosmos_framework/data/generator/joint_dataloader.py:831: UserWarning: Length of IterableDataset <cosmos_framework.data.generator.action.datasets.action_sft_dataset.ActionIterableShuffleDataset object at 0x7f4d88d00ad0> was reported to be 94(when accessing len(dataloader)), but 306 samples have been fetched. For multiprocessing data-loading, this could be caused by not properly configuring the IterableDataset replica at each worker. Please see https://pytorch.org/docs/stable/data.html#torch.utils.data.IterableDataset for examples.
  batch = next(self.dataloaders[index_id])
/disk/rl/psm_wma/cosmos-framework/cosmos_framework/data/generator/joint_dataloader.py:831: UserWarning: Length of IterableDataset <cosmos_framework.data.generator.action.datasets.action_sft_dataset.ActionIterableShuffleDataset object at 0x7f4d88d00ad0> was reported to be 94(when accessing len(dataloader)), but 307 samples have been fetched. For multiprocessing data-loading, this could be caused by not properly configuring the IterableDataset replica at each worker. Please see https://pytorch.org/docs/stable/data.html#torch.utils.data.IterableDataset for examples.
  batch = next(self.dataloaders[index_id])
/disk/rl/psm_wma/cosmos-framework/cosmos_framework/data/generator/joint_dataloader.py:831: UserWarning: Length of IterableDataset <cosmos_framework.data.generator.action.datasets.action_sft_dataset.ActionIterableShuffleDataset object at 0x7f4d88d00ad0> was reported to be 94(when accessing len(dataloader)), but 308 samples have been fetched. For multiprocessing data-loading, this could be caused by not properly configuring the IterableDataset replica at each worker. Please see https://pytorch.org/docs/stable/data.html#torch.utils.data.IterableDataset for examples.
  batch = next(self.dataloaders[index_id])
/disk/rl/psm_wma/cosmos-framework/cosmos_framework/data/generator/joint_dataloader.py:831: UserWarning: Length of IterableDataset <cosmos_framework.data.generator.action.datasets.action_sft_dataset.ActionIterableShuffleDataset object at 0x7f4d88d00ad0> was reported to be 94(when accessing len(dataloader)), but 309 samples have been fetched. For multiprocessing data-loading, this could be caused by not properly configuring the IterableDataset replica at each worker. Please see https://pytorch.org/docs/stable/data.html#torch.utils.data.IterableDataset for examples.
  batch = next(self.dataloaders[index_id])
/disk/rl/psm_wma/cosmos-framework/cosmos_framework/data/generator/joint_dataloader.py:831: UserWarning: Length of IterableDataset <cosmos_framework.data.generator.action.datasets.action_sft_dataset.ActionIterableShuffleDataset object at 0x7f4d88d00ad0> was reported to be 94(when accessing len(dataloader)), but 310 samples have been fetched. For multiprocessing data-loading, this could be caused by not properly configuring the IterableDataset replica at each worker. Please see https://pytorch.org/docs/stable/data.html#torch.utils.data.IterableDataset for examples.
  batch = next(self.dataloaders[index_id])
/disk/rl/psm_wma/cosmos-framework/cosmos_framework/data/generator/joint_dataloader.py:831: UserWarning: Length of IterableDataset <cosmos_framework.data.generator.action.datasets.action_sft_dataset.ActionIterableShuffleDataset object at 0x7f4d88d00ad0> was reported to be 94(when accessing len(dataloader)), but 311 samples have been fetched. For multiprocessing data-loading, this could be caused by not properly configuring the IterableDataset replica at each worker. Please see https://pytorch.org/docs/stable/data.html#torch.utils.data.IterableDataset for examples.
  batch = next(self.dataloaders[index_id])
/disk/rl/psm_wma/cosmos-framework/cosmos_framework/data/generator/joint_dataloader.py:831: UserWarning: Length of IterableDataset <cosmos_framework.data.generator.action.datasets.action_sft_dataset.ActionIterableShuffleDataset object at 0x7f4d88d00ad0> was reported to be 94(when accessing len(dataloader)), but 312 samples have been fetched. For multiprocessing data-loading, this could be caused by not properly configuring the IterableDataset replica at each worker. Please see https://pytorch.org/docs/stable/data.html#torch.utils.data.IterableDataset for examples.
  batch = next(self.dataloaders[index_id])
/disk/rl/psm_wma/cosmos-framework/cosmos_framework/data/generator/joint_dataloader.py:831: UserWarning: Length of IterableDataset <cosmos_framework.data.generator.action.datasets.action_sft_dataset.ActionIterableShuffleDataset object at 0x7f4d88d00ad0> was reported to be 94(when accessing len(dataloader)), but 313 samples have been fetched. For multiprocessing data-loading, this could be caused by not properly configuring the IterableDataset replica at each worker. Please see https://pytorch.org/docs/stable/data.html#torch.utils.data.IterableDataset for examples.
  batch = next(self.dataloaders[index_id])
/disk/rl/psm_wma/cosmos-framework/cosmos_framework/data/generator/joint_dataloader.py:831: UserWarning: Length of IterableDataset <cosmos_framework.data.generator.action.datasets.action_sft_dataset.ActionIterableShuffleDataset object at 0x7f4d88d00ad0> was reported to be 94(when accessing len(dataloader)), but 314 samples have been fetched. For multiprocessing data-loading, this could be caused by not properly configuring the IterableDataset replica at each worker. Please see https://pytorch.org/docs/stable/data.html#torch.utils.data.IterableDataset for examples.
  batch = next(self.dataloaders[index_id])
/disk/rl/psm_wma/cosmos-framework/cosmos_framework/data/generator/joint_dataloader.py:831: UserWarning: Length of IterableDataset <cosmos_framework.data.generator.action.datasets.action_sft_dataset.ActionIterableShuffleDataset object at 0x7f4d88d00ad0> was reported to be 94(when accessing len(dataloader)), but 315 samples have been fetched. For multiprocessing data-loading, this could be caused by not properly configuring the IterableDataset replica at each worker. Please see https://pytorch.org/docs/stable/data.html#torch.utils.data.IterableDataset for examples.
  batch = next(self.dataloaders[index_id])
/disk/rl/psm_wma/cosmos-framework/cosmos_framework/data/generator/joint_dataloader.py:831: UserWarning: Length of IterableDataset <cosmos_framework.data.generator.action.datasets.action_sft_dataset.ActionIterableShuffleDataset object at 0x7f4d88d00ad0> was reported to be 94(when accessing len(dataloader)), but 316 samples have been fetched. For multiprocessing data-loading, this could be caused by not properly configuring the IterableDataset replica at each worker. Please see https://pytorch.org/docs/stable/data.html#torch.utils.data.IterableDataset for examples.
  batch = next(self.dataloaders[index_id])
/disk/rl/psm_wma/cosmos-framework/cosmos_framework/data/generator/joint_dataloader.py:831: UserWarning: Length of IterableDataset <cosmos_framework.data.generator.action.datasets.action_sft_dataset.ActionIterableShuffleDataset object at 0x7f4d88d00ad0> was reported to be 94(when accessing len(dataloader)), but 317 samples have been fetched. For multiprocessing data-loading, this could be caused by not properly configuring the IterableDataset replica at each worker. Please see https://pytorch.org/docs/stable/data.html#torch.utils.data.IterableDataset for examples.
  batch = next(self.dataloaders[index_id])
/disk/rl/psm_wma/cosmos-framework/cosmos_framework/data/generator/joint_dataloader.py:831: UserWarning: Length of IterableDataset <cosmos_framework.data.generator.action.datasets.action_sft_dataset.ActionIterableShuffleDataset object at 0x7f4d88d00ad0> was reported to be 94(when accessing len(dataloader)), but 318 samples have been fetched. For multiprocessing data-loading, this could be caused by not properly configuring the IterableDataset replica at each worker. Please see https://pytorch.org/docs/stable/data.html#torch.utils.data.IterableDataset for examples.
  batch = next(self.dataloaders[index_id])
/disk/rl/psm_wma/cosmos-framework/cosmos_framework/data/generator/joint_dataloader.py:831: UserWarning: Length of IterableDataset <cosmos_framework.data.generator.action.datasets.action_sft_dataset.ActionIterableShuffleDataset object at 0x7f4d88d00ad0> was reported to be 94(when accessing len(dataloader)), but 319 samples have been fetched. For multiprocessing data-loading, this could be caused by not properly configuring the IterableDataset replica at each worker. Please see https://pytorch.org/docs/stable/data.html#torch.utils.data.IterableDataset for examples.
  batch = next(self.dataloaders[index_id])
/disk/rl/psm_wma/cosmos-framework/cosmos_framework/data/generator/joint_dataloader.py:831: UserWarning: Length of IterableDataset <cosmos_framework.data.generator.action.datasets.action_sft_dataset.ActionIterableShuffleDataset object at 0x7f4d88d00ad0> was reported to be 94(when accessing len(dataloader)), but 320 samples have been fetched. For multiprocessing data-loading, this could be caused by not properly configuring the IterableDataset replica at each worker. Please see https://pytorch.org/docs/stable/data.html#torch.utils.data.IterableDataset for examples.
  batch = next(self.dataloaders[index_id])
/disk/rl/psm_wma/cosmos-framework/cosmos_framework/data/generator/joint_dataloader.py:831: UserWarning: Length of IterableDataset <cosmos_framework.data.generator.action.datasets.action_sft_dataset.ActionIterableShuffleDataset object at 0x7f4d88d00ad0> was reported to be 94(when accessing len(dataloader)), but 321 samples have been fetched. For multiprocessing data-loading, this could be caused by not properly configuring the IterableDataset replica at each worker. Please see https://pytorch.org/docs/stable/data.html#torch.utils.data.IterableDataset for examples.
  batch = next(self.dataloaders[index_id])
/disk/rl/psm_wma/cosmos-framework/cosmos_framework/data/generator/joint_dataloader.py:831: UserWarning: Length of IterableDataset <cosmos_framework.data.generator.action.datasets.action_sft_dataset.ActionIterableShuffleDataset object at 0x7f4d88d00ad0> was reported to be 94(when accessing len(dataloader)), but 322 samples have been fetched. For multiprocessing data-loading, this could be caused by not properly configuring the IterableDataset replica at each worker. Please see https://pytorch.org/docs/stable/data.html#torch.utils.data.IterableDataset for examples.
  batch = next(self.dataloaders[index_id])
/disk/rl/psm_wma/cosmos-framework/cosmos_framework/data/generator/joint_dataloader.py:831: UserWarning: Length of IterableDataset <cosmos_framework.data.generator.action.datasets.action_sft_dataset.ActionIterableShuffleDataset object at 0x7f4d88d00ad0> was reported to be 94(when accessing len(dataloader)), but 323 samples have been fetched. For multiprocessing data-loading, this could be caused by not properly configuring the IterableDataset replica at each worker. Please see https://pytorch.org/docs/stable/data.html#torch.utils.data.IterableDataset for examples.
  batch = next(self.dataloaders[index_id])
/disk/rl/psm_wma/cosmos-framework/cosmos_framework/data/generator/joint_dataloader.py:831: UserWarning: Length of IterableDataset <cosmos_framework.data.generator.action.datasets.action_sft_dataset.ActionIterableShuffleDataset object at 0x7f4d88d00ad0> was reported to be 94(when accessing len(dataloader)), but 324 samples have been fetched. For multiprocessing data-loading, this could be caused by not properly configuring the IterableDataset replica at each worker. Please see https://pytorch.org/docs/stable/data.html#torch.utils.data.IterableDataset for examples.
  batch = next(self.dataloaders[index_id])
/disk/rl/psm_wma/cosmos-framework/cosmos_framework/data/generator/joint_dataloader.py:831: UserWarning: Length of IterableDataset <cosmos_framework.data.generator.action.datasets.action_sft_dataset.ActionIterableShuffleDataset object at 0x7f4d88d00ad0> was reported to be 94(when accessing len(dataloader)), but 325 samples have been fetched. For multiprocessing data-loading, this could be caused by not properly configuring the IterableDataset replica at each worker. Please see https://pytorch.org/docs/stable/data.html#torch.utils.data.IterableDataset for examples.
  batch = next(self.dataloaders[index_id])
/disk/rl/psm_wma/cosmos-framework/cosmos_framework/data/generator/joint_dataloader.py:831: UserWarning: Length of IterableDataset <cosmos_framework.data.generator.action.datasets.action_sft_dataset.ActionIterableShuffleDataset object at 0x7f4d88d00ad0> was reported to be 94(when accessing len(dataloader)), but 326 samples have been fetched. For multiprocessing data-loading, this could be caused by not properly configuring the IterableDataset replica at each worker. Please see https://pytorch.org/docs/stable/data.html#torch.utils.data.IterableDataset for examples.
  batch = next(self.dataloaders[index_id])
/disk/rl/psm_wma/cosmos-framework/cosmos_framework/data/generator/joint_dataloader.py:831: UserWarning: Length of IterableDataset <cosmos_framework.data.generator.action.datasets.action_sft_dataset.ActionIterableShuffleDataset object at 0x7f4d88d00ad0> was reported to be 94(when accessing len(dataloader)), but 327 samples have been fetched. For multiprocessing data-loading, this could be caused by not properly configuring the IterableDataset replica at each worker. Please see https://pytorch.org/docs/stable/data.html#torch.utils.data.IterableDataset for examples.
  batch = next(self.dataloaders[index_id])
/disk/rl/psm_wma/cosmos-framework/cosmos_framework/data/generator/joint_dataloader.py:831: UserWarning: Length of IterableDataset <cosmos_framework.data.generator.action.datasets.action_sft_dataset.ActionIterableShuffleDataset object at 0x7f4d88d00ad0> was reported to be 94(when accessing len(dataloader)), but 328 samples have been fetched. For multiprocessing data-loading, this could be caused by not properly configuring the IterableDataset replica at each worker. Please see https://pytorch.org/docs/stable/data.html#torch.utils.data.IterableDataset for examples.
  batch = next(self.dataloaders[index_id])
/disk/rl/psm_wma/cosmos-framework/cosmos_framework/data/generator/joint_dataloader.py:831: UserWarning: Length of IterableDataset <cosmos_framework.data.generator.action.datasets.action_sft_dataset.ActionIterableShuffleDataset object at 0x7f4d88d00ad0> was reported to be 94(when accessing len(dataloader)), but 329 samples have been fetched. For multiprocessing data-loading, this could be caused by not properly configuring the IterableDataset replica at each worker. Please see https://pytorch.org/docs/stable/data.html#torch.utils.data.IterableDataset for examples.
  batch = next(self.dataloaders[index_id])
/disk/rl/psm_wma/cosmos-framework/cosmos_framework/data/generator/joint_dataloader.py:831: UserWarning: Length of IterableDataset <cosmos_framework.data.generator.action.datasets.action_sft_dataset.ActionIterableShuffleDataset object at 0x7f4d88d00ad0> was reported to be 94(when accessing len(dataloader)), but 330 samples have been fetched. For multiprocessing data-loading, this could be caused by not properly configuring the IterableDataset replica at each worker. Please see https://pytorch.org/docs/stable/data.html#torch.utils.data.IterableDataset for examples.
  batch = next(self.dataloaders[index_id])
/disk/rl/psm_wma/cosmos-framework/cosmos_framework/data/generator/joint_dataloader.py:831: UserWarning: Length of IterableDataset <cosmos_framework.data.generator.action.datasets.action_sft_dataset.ActionIterableShuffleDataset object at 0x7f4d88d00ad0> was reported to be 94(when accessing len(dataloader)), but 331 samples have been fetched. For multiprocessing data-loading, this could be caused by not properly configuring the IterableDataset replica at each worker. Please see https://pytorch.org/docs/stable/data.html#torch.utils.data.IterableDataset for examples.
  batch = next(self.dataloaders[index_id])
/disk/rl/psm_wma/cosmos-framework/cosmos_framework/data/generator/joint_dataloader.py:831: UserWarning: Length of IterableDataset <cosmos_framework.data.generator.action.datasets.action_sft_dataset.ActionIterableShuffleDataset object at 0x7f4d88d00ad0> was reported to be 94(when accessing len(dataloader)), but 332 samples have been fetched. For multiprocessing data-loading, this could be caused by not properly configuring the IterableDataset replica at each worker. Please see https://pytorch.org/docs/stable/data.html#torch.utils.data.IterableDataset for examples.
  batch = next(self.dataloaders[index_id])
/disk/rl/psm_wma/cosmos-framework/cosmos_framework/data/generator/joint_dataloader.py:831: UserWarning: Length of IterableDataset <cosmos_framework.data.generator.action.datasets.action_sft_dataset.ActionIterableShuffleDataset object at 0x7f4d88d00ad0> was reported to be 94(when accessing len(dataloader)), but 333 samples have been fetched. For multiprocessing data-loading, this could be caused by not properly configuring the IterableDataset replica at each worker. Please see https://pytorch.org/docs/stable/data.html#torch.utils.data.IterableDataset for examples.
  batch = next(self.dataloaders[index_id])
/disk/rl/psm_wma/cosmos-framework/cosmos_framework/data/generator/joint_dataloader.py:831: UserWarning: Length of IterableDataset <cosmos_framework.data.generator.action.datasets.action_sft_dataset.ActionIterableShuffleDataset object at 0x7f4d88d00ad0> was reported to be 94(when accessing len(dataloader)), but 334 samples have been fetched. For multiprocessing data-loading, this could be caused by not properly configuring the IterableDataset replica at each worker. Please see https://pytorch.org/docs/stable/data.html#torch.utils.data.IterableDataset for examples.
  batch = next(self.dataloaders[index_id])
/disk/rl/psm_wma/cosmos-framework/cosmos_framework/data/generator/joint_dataloader.py:831: UserWarning: Length of IterableDataset <cosmos_framework.data.generator.action.datasets.action_sft_dataset.ActionIterableShuffleDataset object at 0x7f4d88d00ad0> was reported to be 94(when accessing len(dataloader)), but 335 samples have been fetched. For multiprocessing data-loading, this could be caused by not properly configuring the IterableDataset replica at each worker. Please see https://pytorch.org/docs/stable/data.html#torch.utils.data.IterableDataset for examples.
  batch = next(self.dataloaders[index_id])
/disk/rl/psm_wma/cosmos-framework/cosmos_framework/data/generator/joint_dataloader.py:831: UserWarning: Length of IterableDataset <cosmos_framework.data.generator.action.datasets.action_sft_dataset.ActionIterableShuffleDataset object at 0x7f4d88d00ad0> was reported to be 94(when accessing len(dataloader)), but 336 samples have been fetched. For multiprocessing data-loading, this could be caused by not properly configuring the IterableDataset replica at each worker. Please see https://pytorch.org/docs/stable/data.html#torch.utils.data.IterableDataset for examples.
  batch = next(self.dataloaders[index_id])
/disk/rl/psm_wma/cosmos-framework/cosmos_framework/data/generator/joint_dataloader.py:831: UserWarning: Length of IterableDataset <cosmos_framework.data.generator.action.datasets.action_sft_dataset.ActionIterableShuffleDataset object at 0x7f4d88d00ad0> was reported to be 94(when accessing len(dataloader)), but 337 samples have been fetched. For multiprocessing data-loading, this could be caused by not properly configuring the IterableDataset replica at each worker. Please see https://pytorch.org/docs/stable/data.html#torch.utils.data.IterableDataset for examples.
  batch = next(self.dataloaders[index_id])
/disk/rl/psm_wma/cosmos-framework/cosmos_framework/data/generator/joint_dataloader.py:831: UserWarning: Length of IterableDataset <cosmos_framework.data.generator.action.datasets.action_sft_dataset.ActionIterableShuffleDataset object at 0x7f4d88d00ad0> was reported to be 94(when accessing len(dataloader)), but 338 samples have been fetched. For multiprocessing data-loading, this could be caused by not properly configuring the IterableDataset replica at each worker. Please see https://pytorch.org/docs/stable/data.html#torch.utils.data.IterableDataset for examples.
  batch = next(self.dataloaders[index_id])
/disk/rl/psm_wma/cosmos-framework/cosmos_framework/data/generator/joint_dataloader.py:831: UserWarning: Length of IterableDataset <cosmos_framework.data.generator.action.datasets.action_sft_dataset.ActionIterableShuffleDataset object at 0x7f4d88d00ad0> was reported to be 94(when accessing len(dataloader)), but 339 samples have been fetched. For multiprocessing data-loading, this could be caused by not properly configuring the IterableDataset replica at each worker. Please see https://pytorch.org/docs/stable/data.html#torch.utils.data.IterableDataset for examples.
  batch = next(self.dataloaders[index_id])
/disk/rl/psm_wma/cosmos-framework/cosmos_framework/data/generator/joint_dataloader.py:831: UserWarning: Length of IterableDataset <cosmos_framework.data.generator.action.datasets.action_sft_dataset.ActionIterableShuffleDataset object at 0x7f4d88d00ad0> was reported to be 94(when accessing len(dataloader)), but 340 samples have been fetched. For multiprocessing data-loading, this could be caused by not properly configuring the IterableDataset replica at each worker. Please see https://pytorch.org/docs/stable/data.html#torch.utils.data.IterableDataset for examples.
  batch = next(self.dataloaders[index_id])
/disk/rl/psm_wma/cosmos-framework/cosmos_framework/data/generator/joint_dataloader.py:831: UserWarning: Length of IterableDataset <cosmos_framework.data.generator.action.datasets.action_sft_dataset.ActionIterableShuffleDataset object at 0x7f4d88d00ad0> was reported to be 94(when accessing len(dataloader)), but 341 samples have been fetched. For multiprocessing data-loading, this could be caused by not properly configuring the IterableDataset replica at each worker. Please see https://pytorch.org/docs/stable/data.html#torch.utils.data.IterableDataset for examples.
  batch = next(self.dataloaders[index_id])
/disk/rl/psm_wma/cosmos-framework/cosmos_framework/data/generator/joint_dataloader.py:831: UserWarning: Length of IterableDataset <cosmos_framework.data.generator.action.datasets.action_sft_dataset.ActionIterableShuffleDataset object at 0x7f4d88d00ad0> was reported to be 94(when accessing len(dataloader)), but 342 samples have been fetched. For multiprocessing data-loading, this could be caused by not properly configuring the IterableDataset replica at each worker. Please see https://pytorch.org/docs/stable/data.html#torch.utils.data.IterableDataset for examples.
  batch = next(self.dataloaders[index_id])
/disk/rl/psm_wma/cosmos-framework/cosmos_framework/data/generator/joint_dataloader.py:831: UserWarning: Length of IterableDataset <cosmos_framework.data.generator.action.datasets.action_sft_dataset.ActionIterableShuffleDataset object at 0x7f4d88d00ad0> was reported to be 94(when accessing len(dataloader)), but 343 samples have been fetched. For multiprocessing data-loading, this could be caused by not properly configuring the IterableDataset replica at each worker. Please see https://pytorch.org/docs/stable/data.html#torch.utils.data.IterableDataset for examples.
  batch = next(self.dataloaders[index_id])
/disk/rl/psm_wma/cosmos-framework/cosmos_framework/data/generator/joint_dataloader.py:831: UserWarning: Length of IterableDataset <cosmos_framework.data.generator.action.datasets.action_sft_dataset.ActionIterableShuffleDataset object at 0x7f4d88d00ad0> was reported to be 94(when accessing len(dataloader)), but 344 samples have been fetched. For multiprocessing data-loading, this could be caused by not properly configuring the IterableDataset replica at each worker. Please see https://pytorch.org/docs/stable/data.html#torch.utils.data.IterableDataset for examples.
  batch = next(self.dataloaders[index_id])
/disk/rl/psm_wma/cosmos-framework/cosmos_framework/data/generator/joint_dataloader.py:831: UserWarning: Length of IterableDataset <cosmos_framework.data.generator.action.datasets.action_sft_dataset.ActionIterableShuffleDataset object at 0x7f4d88d00ad0> was reported to be 94(when accessing len(dataloader)), but 345 samples have been fetched. For multiprocessing data-loading, this could be caused by not properly configuring the IterableDataset replica at each worker. Please see https://pytorch.org/docs/stable/data.html#torch.utils.data.IterableDataset for examples.
  batch = next(self.dataloaders[index_id])
/disk/rl/psm_wma/cosmos-framework/cosmos_framework/data/generator/joint_dataloader.py:831: UserWarning: Length of IterableDataset <cosmos_framework.data.generator.action.datasets.action_sft_dataset.ActionIterableShuffleDataset object at 0x7f4d88d00ad0> was reported to be 94(when accessing len(dataloader)), but 346 samples have been fetched. For multiprocessing data-loading, this could be caused by not properly configuring the IterableDataset replica at each worker. Please see https://pytorch.org/docs/stable/data.html#torch.utils.data.IterableDataset for examples.
  batch = next(self.dataloaders[index_id])
/disk/rl/psm_wma/cosmos-framework/cosmos_framework/data/generator/joint_dataloader.py:831: UserWarning: Length of IterableDataset <cosmos_framework.data.generator.action.datasets.action_sft_dataset.ActionIterableShuffleDataset object at 0x7f4d88d00ad0> was reported to be 94(when accessing len(dataloader)), but 347 samples have been fetched. For multiprocessing data-loading, this could be caused by not properly configuring the IterableDataset replica at each worker. Please see https://pytorch.org/docs/stable/data.html#torch.utils.data.IterableDataset for examples.
  batch = next(self.dataloaders[index_id])
/disk/rl/psm_wma/cosmos-framework/cosmos_framework/data/generator/joint_dataloader.py:831: UserWarning: Length of IterableDataset <cosmos_framework.data.generator.action.datasets.action_sft_dataset.ActionIterableShuffleDataset object at 0x7f4d88d00ad0> was reported to be 94(when accessing len(dataloader)), but 348 samples have been fetched. For multiprocessing data-loading, this could be caused by not properly configuring the IterableDataset replica at each worker. Please see https://pytorch.org/docs/stable/data.html#torch.utils.data.IterableDataset for examples.
  batch = next(self.dataloaders[index_id])
/disk/rl/psm_wma/cosmos-framework/cosmos_framework/data/generator/joint_dataloader.py:831: UserWarning: Length of IterableDataset <cosmos_framework.data.generator.action.datasets.action_sft_dataset.ActionIterableShuffleDataset object at 0x7f4d88d00ad0> was reported to be 94(when accessing len(dataloader)), but 349 samples have been fetched. For multiprocessing data-loading, this could be caused by not properly configuring the IterableDataset replica at each worker. Please see https://pytorch.org/docs/stable/data.html#torch.utils.data.IterableDataset for examples.
  batch = next(self.dataloaders[index_id])
/disk/rl/psm_wma/cosmos-framework/cosmos_framework/data/generator/joint_dataloader.py:831: UserWarning: Length of IterableDataset <cosmos_framework.data.generator.action.datasets.action_sft_dataset.ActionIterableShuffleDataset object at 0x7f4d88d00ad0> was reported to be 94(when accessing len(dataloader)), but 350 samples have been fetched. For multiprocessing data-loading, this could be caused by not properly configuring the IterableDataset replica at each worker. Please see https://pytorch.org/docs/stable/data.html#torch.utils.data.IterableDataset for examples.
  batch = next(self.dataloaders[index_id])
/disk/rl/psm_wma/cosmos-framework/cosmos_framework/data/generator/joint_dataloader.py:831: UserWarning: Length of IterableDataset <cosmos_framework.data.generator.action.datasets.action_sft_dataset.ActionIterableShuffleDataset object at 0x7f4d88d00ad0> was reported to be 94(when accessing len(dataloader)), but 351 samples have been fetched. For multiprocessing data-loading, this could be caused by not properly configuring the IterableDataset replica at each worker. Please see https://pytorch.org/docs/stable/data.html#torch.utils.data.IterableDataset for examples.
  batch = next(self.dataloaders[index_id])
/disk/rl/psm_wma/cosmos-framework/cosmos_framework/data/generator/joint_dataloader.py:831: UserWarning: Length of IterableDataset <cosmos_framework.data.generator.action.datasets.action_sft_dataset.ActionIterableShuffleDataset object at 0x7f4d88d00ad0> was reported to be 94(when accessing len(dataloader)), but 352 samples have been fetched. For multiprocessing data-loading, this could be caused by not properly configuring the IterableDataset replica at each worker. Please see https://pytorch.org/docs/stable/data.html#torch.utils.data.IterableDataset for examples.
  batch = next(self.dataloaders[index_id])
/disk/rl/psm_wma/cosmos-framework/cosmos_framework/data/generator/joint_dataloader.py:831: UserWarning: Length of IterableDataset <cosmos_framework.data.generator.action.datasets.action_sft_dataset.ActionIterableShuffleDataset object at 0x7f4d88d00ad0> was reported to be 94(when accessing len(dataloader)), but 353 samples have been fetched. For multiprocessing data-loading, this could be caused by not properly configuring the IterableDataset replica at each worker. Please see https://pytorch.org/docs/stable/data.html#torch.utils.data.IterableDataset for examples.
  batch = next(self.dataloaders[index_id])
/disk/rl/psm_wma/cosmos-framework/cosmos_framework/data/generator/joint_dataloader.py:831: UserWarning: Length of IterableDataset <cosmos_framework.data.generator.action.datasets.action_sft_dataset.ActionIterableShuffleDataset object at 0x7f4d88d00ad0> was reported to be 94(when accessing len(dataloader)), but 354 samples have been fetched. For multiprocessing data-loading, this could be caused by not properly configuring the IterableDataset replica at each worker. Please see https://pytorch.org/docs/stable/data.html#torch.utils.data.IterableDataset for examples.
  batch = next(self.dataloaders[index_id])
/disk/rl/psm_wma/cosmos-framework/cosmos_framework/data/generator/joint_dataloader.py:831: UserWarning: Length of IterableDataset <cosmos_framework.data.generator.action.datasets.action_sft_dataset.ActionIterableShuffleDataset object at 0x7f4d88d00ad0> was reported to be 94(when accessing len(dataloader)), but 355 samples have been fetched. For multiprocessing data-loading, this could be caused by not properly configuring the IterableDataset replica at each worker. Please see https://pytorch.org/docs/stable/data.html#torch.utils.data.IterableDataset for examples.
  batch = next(self.dataloaders[index_id])
/disk/rl/psm_wma/cosmos-framework/cosmos_framework/data/generator/joint_dataloader.py:831: UserWarning: Length of IterableDataset <cosmos_framework.data.generator.action.datasets.action_sft_dataset.ActionIterableShuffleDataset object at 0x7f4d88d00ad0> was reported to be 94(when accessing len(dataloader)), but 356 samples have been fetched. For multiprocessing data-loading, this could be caused by not properly configuring the IterableDataset replica at each worker. Please see https://pytorch.org/docs/stable/data.html#torch.utils.data.IterableDataset for examples.
  batch = next(self.dataloaders[index_id])
/disk/rl/psm_wma/cosmos-framework/cosmos_framework/data/generator/joint_dataloader.py:831: UserWarning: Length of IterableDataset <cosmos_framework.data.generator.action.datasets.action_sft_dataset.ActionIterableShuffleDataset object at 0x7f4d88d00ad0> was reported to be 94(when accessing len(dataloader)), but 357 samples have been fetched. For multiprocessing data-loading, this could be caused by not properly configuring the IterableDataset replica at each worker. Please see https://pytorch.org/docs/stable/data.html#torch.utils.data.IterableDataset for examples.
  batch = next(self.dataloaders[index_id])
/disk/rl/psm_wma/cosmos-framework/cosmos_framework/data/generator/joint_dataloader.py:831: UserWarning: Length of IterableDataset <cosmos_framework.data.generator.action.datasets.action_sft_dataset.ActionIterableShuffleDataset object at 0x7f4d88d00ad0> was reported to be 94(when accessing len(dataloader)), but 358 samples have been fetched. For multiprocessing data-loading, this could be caused by not properly configuring the IterableDataset replica at each worker. Please see https://pytorch.org/docs/stable/data.html#torch.utils.data.IterableDataset for examples.
  batch = next(self.dataloaders[index_id])
/disk/rl/psm_wma/cosmos-framework/cosmos_framework/data/generator/joint_dataloader.py:831: UserWarning: Length of IterableDataset <cosmos_framework.data.generator.action.datasets.action_sft_dataset.ActionIterableShuffleDataset object at 0x7f4d88d00ad0> was reported to be 94(when accessing len(dataloader)), but 359 samples have been fetched. For multiprocessing data-loading, this could be caused by not properly configuring the IterableDataset replica at each worker. Please see https://pytorch.org/docs/stable/data.html#torch.utils.data.IterableDataset for examples.
  batch = next(self.dataloaders[index_id])
/disk/rl/psm_wma/cosmos-framework/cosmos_framework/data/generator/joint_dataloader.py:831: UserWarning: Length of IterableDataset <cosmos_framework.data.generator.action.datasets.action_sft_dataset.ActionIterableShuffleDataset object at 0x7f4d88d00ad0> was reported to be 94(when accessing len(dataloader)), but 360 samples have been fetched. For multiprocessing data-loading, this could be caused by not properly configuring the IterableDataset replica at each worker. Please see https://pytorch.org/docs/stable/data.html#torch.utils.data.IterableDataset for examples.
  batch = next(self.dataloaders[index_id])
/disk/rl/psm_wma/cosmos-framework/cosmos_framework/data/generator/joint_dataloader.py:831: UserWarning: Length of IterableDataset <cosmos_framework.data.generator.action.datasets.action_sft_dataset.ActionIterableShuffleDataset object at 0x7f4d88d00ad0> was reported to be 94(when accessing len(dataloader)), but 361 samples have been fetched. For multiprocessing data-loading, this could be caused by not properly configuring the IterableDataset replica at each worker. Please see https://pytorch.org/docs/stable/data.html#torch.utils.data.IterableDataset for examples.
  batch = next(self.dataloaders[index_id])
/disk/rl/psm_wma/cosmos-framework/cosmos_framework/data/generator/joint_dataloader.py:831: UserWarning: Length of IterableDataset <cosmos_framework.data.generator.action.datasets.action_sft_dataset.ActionIterableShuffleDataset object at 0x7f4d88d00ad0> was reported to be 94(when accessing len(dataloader)), but 362 samples have been fetched. For multiprocessing data-loading, this could be caused by not properly configuring the IterableDataset replica at each worker. Please see https://pytorch.org/docs/stable/data.html#torch.utils.data.IterableDataset for examples.
  batch = next(self.dataloaders[index_id])
/disk/rl/psm_wma/cosmos-framework/cosmos_framework/data/generator/joint_dataloader.py:831: UserWarning: Length of IterableDataset <cosmos_framework.data.generator.action.datasets.action_sft_dataset.ActionIterableShuffleDataset object at 0x7f4d88d00ad0> was reported to be 94(when accessing len(dataloader)), but 363 samples have been fetched. For multiprocessing data-loading, this could be caused by not properly configuring the IterableDataset replica at each worker. Please see https://pytorch.org/docs/stable/data.html#torch.utils.data.IterableDataset for examples.
  batch = next(self.dataloaders[index_id])
/disk/rl/psm_wma/cosmos-framework/cosmos_framework/data/generator/joint_dataloader.py:831: UserWarning: Length of IterableDataset <cosmos_framework.data.generator.action.datasets.action_sft_dataset.ActionIterableShuffleDataset object at 0x7f4d88d00ad0> was reported to be 94(when accessing len(dataloader)), but 364 samples have been fetched. For multiprocessing data-loading, this could be caused by not properly configuring the IterableDataset replica at each worker. Please see https://pytorch.org/docs/stable/data.html#torch.utils.data.IterableDataset for examples.
  batch = next(self.dataloaders[index_id])
/disk/rl/psm_wma/cosmos-framework/cosmos_framework/data/generator/joint_dataloader.py:831: UserWarning: Length of IterableDataset <cosmos_framework.data.generator.action.datasets.action_sft_dataset.ActionIterableShuffleDataset object at 0x7f4d88d00ad0> was reported to be 94(when accessing len(dataloader)), but 365 samples have been fetched. For multiprocessing data-loading, this could be caused by not properly configuring the IterableDataset replica at each worker. Please see https://pytorch.org/docs/stable/data.html#torch.utils.data.IterableDataset for examples.
  batch = next(self.dataloaders[index_id])
/disk/rl/psm_wma/cosmos-framework/cosmos_framework/data/generator/joint_dataloader.py:831: UserWarning: Length of IterableDataset <cosmos_framework.data.generator.action.datasets.action_sft_dataset.ActionIterableShuffleDataset object at 0x7f4d88d00ad0> was reported to be 94(when accessing len(dataloader)), but 366 samples have been fetched. For multiprocessing data-loading, this could be caused by not properly configuring the IterableDataset replica at each worker. Please see https://pytorch.org/docs/stable/data.html#torch.utils.data.IterableDataset for examples.
  batch = next(self.dataloaders[index_id])
/disk/rl/psm_wma/cosmos-framework/cosmos_framework/data/generator/joint_dataloader.py:831: UserWarning: Length of IterableDataset <cosmos_framework.data.generator.action.datasets.action_sft_dataset.ActionIterableShuffleDataset object at 0x7f4d88d00ad0> was reported to be 94(when accessing len(dataloader)), but 367 samples have been fetched. For multiprocessing data-loading, this could be caused by not properly configuring the IterableDataset replica at each worker. Please see https://pytorch.org/docs/stable/data.html#torch.utils.data.IterableDataset for examples.
  batch = next(self.dataloaders[index_id])
/disk/rl/psm_wma/cosmos-framework/cosmos_framework/data/generator/joint_dataloader.py:831: UserWarning: Length of IterableDataset <cosmos_framework.data.generator.action.datasets.action_sft_dataset.ActionIterableShuffleDataset object at 0x7f4d88d00ad0> was reported to be 94(when accessing len(dataloader)), but 368 samples have been fetched. For multiprocessing data-loading, this could be caused by not properly configuring the IterableDataset replica at each worker. Please see https://pytorch.org/docs/stable/data.html#torch.utils.data.IterableDataset for examples.
  batch = next(self.dataloaders[index_id])
/disk/rl/psm_wma/cosmos-framework/cosmos_framework/data/generator/joint_dataloader.py:831: UserWarning: Length of IterableDataset <cosmos_framework.data.generator.action.datasets.action_sft_dataset.ActionIterableShuffleDataset object at 0x7f4d88d00ad0> was reported to be 94(when accessing len(dataloader)), but 369 samples have been fetched. For multiprocessing data-loading, this could be caused by not properly configuring the IterableDataset replica at each worker. Please see https://pytorch.org/docs/stable/data.html#torch.utils.data.IterableDataset for examples.
  batch = next(self.dataloaders[index_id])
/disk/rl/psm_wma/cosmos-framework/cosmos_framework/data/generator/joint_dataloader.py:831: UserWarning: Length of IterableDataset <cosmos_framework.data.generator.action.datasets.action_sft_dataset.ActionIterableShuffleDataset object at 0x7f4d88d00ad0> was reported to be 94(when accessing len(dataloader)), but 370 samples have been fetched. For multiprocessing data-loading, this could be caused by not properly configuring the IterableDataset replica at each worker. Please see https://pytorch.org/docs/stable/data.html#torch.utils.data.IterableDataset for examples.
  batch = next(self.dataloaders[index_id])
/disk/rl/psm_wma/cosmos-framework/cosmos_framework/data/generator/joint_dataloader.py:831: UserWarning: Length of IterableDataset <cosmos_framework.data.generator.action.datasets.action_sft_dataset.ActionIterableShuffleDataset object at 0x7f4d88d00ad0> was reported to be 94(when accessing len(dataloader)), but 371 samples have been fetched. For multiprocessing data-loading, this could be caused by not properly configuring the IterableDataset replica at each worker. Please see https://pytorch.org/docs/stable/data.html#torch.utils.data.IterableDataset for examples.
  batch = next(self.dataloaders[index_id])
/disk/rl/psm_wma/cosmos-framework/cosmos_framework/data/generator/joint_dataloader.py:831: UserWarning: Length of IterableDataset <cosmos_framework.data.generator.action.datasets.action_sft_dataset.ActionIterableShuffleDataset object at 0x7f4d88d00ad0> was reported to be 94(when accessing len(dataloader)), but 372 samples have been fetched. For multiprocessing data-loading, this could be caused by not properly configuring the IterableDataset replica at each worker. Please see https://pytorch.org/docs/stable/data.html#torch.utils.data.IterableDataset for examples.
  batch = next(self.dataloaders[index_id])
/disk/rl/psm_wma/cosmos-framework/cosmos_framework/data/generator/joint_dataloader.py:831: UserWarning: Length of IterableDataset <cosmos_framework.data.generator.action.datasets.action_sft_dataset.ActionIterableShuffleDataset object at 0x7f4d88d00ad0> was reported to be 94(when accessing len(dataloader)), but 373 samples have been fetched. For multiprocessing data-loading, this could be caused by not properly configuring the IterableDataset replica at each worker. Please see https://pytorch.org/docs/stable/data.html#torch.utils.data.IterableDataset for examples.
  batch = next(self.dataloaders[index_id])
/disk/rl/psm_wma/cosmos-framework/cosmos_framework/data/generator/joint_dataloader.py:831: UserWarning: Length of IterableDataset <cosmos_framework.data.generator.action.datasets.action_sft_dataset.ActionIterableShuffleDataset object at 0x7f4d88d00ad0> was reported to be 94(when accessing len(dataloader)), but 374 samples have been fetched. For multiprocessing data-loading, this could be caused by not properly configuring the IterableDataset replica at each worker. Please see https://pytorch.org/docs/stable/data.html#torch.utils.data.IterableDataset for examples.
  batch = next(self.dataloaders[index_id])
/disk/rl/psm_wma/cosmos-framework/cosmos_framework/data/generator/joint_dataloader.py:831: UserWarning: Length of IterableDataset <cosmos_framework.data.generator.action.datasets.action_sft_dataset.ActionIterableShuffleDataset object at 0x7f4d88d00ad0> was reported to be 94(when accessing len(dataloader)), but 375 samples have been fetched. For multiprocessing data-loading, this could be caused by not properly configuring the IterableDataset replica at each worker. Please see https://pytorch.org/docs/stable/data.html#torch.utils.data.IterableDataset for examples.
  batch = next(self.dataloaders[index_id])
/disk/rl/psm_wma/cosmos-framework/cosmos_framework/data/generator/joint_dataloader.py:831: UserWarning: Length of IterableDataset <cosmos_framework.data.generator.action.datasets.action_sft_dataset.ActionIterableShuffleDataset object at 0x7f4d88d00ad0> was reported to be 94(when accessing len(dataloader)), but 376 samples have been fetched. For multiprocessing data-loading, this could be caused by not properly configuring the IterableDataset replica at each worker. Please see https://pytorch.org/docs/stable/data.html#torch.utils.data.IterableDataset for examples.
  batch = next(self.dataloaders[index_id])
/disk/rl/psm_wma/cosmos-framework/cosmos_framework/data/generator/joint_dataloader.py:831: UserWarning: Length of IterableDataset <cosmos_framework.data.generator.action.datasets.action_sft_dataset.ActionIterableShuffleDataset object at 0x7f4d88d00ad0> was reported to be 94(when accessing len(dataloader)), but 377 samples have been fetched. For multiprocessing data-loading, this could be caused by not properly configuring the IterableDataset replica at each worker. Please see https://pytorch.org/docs/stable/data.html#torch.utils.data.IterableDataset for examples.
  batch = next(self.dataloaders[index_id])
/disk/rl/psm_wma/cosmos-framework/cosmos_framework/data/generator/joint_dataloader.py:831: UserWarning: Length of IterableDataset <cosmos_framework.data.generator.action.datasets.action_sft_dataset.ActionIterableShuffleDataset object at 0x7f4d88d00ad0> was reported to be 94(when accessing len(dataloader)), but 378 samples have been fetched. For multiprocessing data-loading, this could be caused by not properly configuring the IterableDataset replica at each worker. Please see https://pytorch.org/docs/stable/data.html#torch.utils.data.IterableDataset for examples.
  batch = next(self.dataloaders[index_id])
/disk/rl/psm_wma/cosmos-framework/cosmos_framework/data/generator/joint_dataloader.py:831: UserWarning: Length of IterableDataset <cosmos_framework.data.generator.action.datasets.action_sft_dataset.ActionIterableShuffleDataset object at 0x7f4d88d00ad0> was reported to be 94(when accessing len(dataloader)), but 379 samples have been fetched. For multiprocessing data-loading, this could be caused by not properly configuring the IterableDataset replica at each worker. Please see https://pytorch.org/docs/stable/data.html#torch.utils.data.IterableDataset for examples.
  batch = next(self.dataloaders[index_id])
/disk/rl/psm_wma/cosmos-framework/cosmos_framework/data/generator/joint_dataloader.py:831: UserWarning: Length of IterableDataset <cosmos_framework.data.generator.action.datasets.action_sft_dataset.ActionIterableShuffleDataset object at 0x7f4d88d00ad0> was reported to be 94(when accessing len(dataloader)), but 380 samples have been fetched. For multiprocessing data-loading, this could be caused by not properly configuring the IterableDataset replica at each worker. Please see https://pytorch.org/docs/stable/data.html#torch.utils.data.IterableDataset for examples.
  batch = next(self.dataloaders[index_id])
/disk/rl/psm_wma/cosmos-framework/cosmos_framework/data/generator/joint_dataloader.py:831: UserWarning: Length of IterableDataset <cosmos_framework.data.generator.action.datasets.action_sft_dataset.ActionIterableShuffleDataset object at 0x7f4d88d00ad0> was reported to be 94(when accessing len(dataloader)), but 381 samples have been fetched. For multiprocessing data-loading, this could be caused by not properly configuring the IterableDataset replica at each worker. Please see https://pytorch.org/docs/stable/data.html#torch.utils.data.IterableDataset for examples.
  batch = next(self.dataloaders[index_id])
/disk/rl/psm_wma/cosmos-framework/cosmos_framework/data/generator/joint_dataloader.py:831: UserWarning: Length of IterableDataset <cosmos_framework.data.generator.action.datasets.action_sft_dataset.ActionIterableShuffleDataset object at 0x7f4d88d00ad0> was reported to be 94(when accessing len(dataloader)), but 382 samples have been fetched. For multiprocessing data-loading, this could be caused by not properly configuring the IterableDataset replica at each worker. Please see https://pytorch.org/docs/stable/data.html#torch.utils.data.IterableDataset for examples.
  batch = next(self.dataloaders[index_id])
/disk/rl/psm_wma/cosmos-framework/cosmos_framework/data/generator/joint_dataloader.py:831: UserWarning: Length of IterableDataset <cosmos_framework.data.generator.action.datasets.action_sft_dataset.ActionIterableShuffleDataset object at 0x7f4d88d00ad0> was reported to be 94(when accessing len(dataloader)), but 383 samples have been fetched. For multiprocessing data-loading, this could be caused by not properly configuring the IterableDataset replica at each worker. Please see https://pytorch.org/docs/stable/data.html#torch.utils.data.IterableDataset for examples.
  batch = next(self.dataloaders[index_id])
/disk/rl/psm_wma/cosmos-framework/cosmos_framework/data/generator/joint_dataloader.py:831: UserWarning: Length of IterableDataset <cosmos_framework.data.generator.action.datasets.action_sft_dataset.ActionIterableShuffleDataset object at 0x7f4d88d00ad0> was reported to be 94(when accessing len(dataloader)), but 384 samples have been fetched. For multiprocessing data-loading, this could be caused by not properly configuring the IterableDataset replica at each worker. Please see https://pytorch.org/docs/stable/data.html#torch.utils.data.IterableDataset for examples.
  batch = next(self.dataloaders[index_id])
/disk/rl/psm_wma/cosmos-framework/cosmos_framework/data/generator/joint_dataloader.py:831: UserWarning: Length of IterableDataset <cosmos_framework.data.generator.action.datasets.action_sft_dataset.ActionIterableShuffleDataset object at 0x7f4d88cfde50> was reported to be 127(when accessing len(dataloader)), but 257 samples have been fetched. For multiprocessing data-loading, this could be caused by not properly configuring the IterableDataset replica at each worker. Please see https://pytorch.org/docs/stable/data.html#torch.utils.data.IterableDataset for examples.
  batch = next(self.dataloaders[index_id])
/disk/rl/psm_wma/cosmos-framework/cosmos_framework/data/generator/joint_dataloader.py:831: UserWarning: Length of IterableDataset <cosmos_framework.data.generator.action.datasets.action_sft_dataset.ActionIterableShuffleDataset object at 0x7f4d88cfde50> was reported to be 127(when accessing len(dataloader)), but 258 samples have been fetched. For multiprocessing data-loading, this could be caused by not properly configuring the IterableDataset replica at each worker. Please see https://pytorch.org/docs/stable/data.html#torch.utils.data.IterableDataset for examples.
  batch = next(self.dataloaders[index_id])
/disk/rl/psm_wma/cosmos-framework/cosmos_framework/data/generator/joint_dataloader.py:831: UserWarning: Length of IterableDataset <cosmos_framework.data.generator.action.datasets.action_sft_dataset.ActionIterableShuffleDataset object at 0x7f4d88cfde50> was reported to be 127(when accessing len(dataloader)), but 259 samples have been fetched. For multiprocessing data-loading, this could be caused by not properly configuring the IterableDataset replica at each worker. Please see https://pytorch.org/docs/stable/data.html#torch.utils.data.IterableDataset for examples.
  batch = next(self.dataloaders[index_id])
/disk/rl/psm_wma/cosmos-framework/cosmos_framework/data/generator/joint_dataloader.py:831: UserWarning: Length of IterableDataset <cosmos_framework.data.generator.action.datasets.action_sft_dataset.ActionIterableShuffleDataset object at 0x7f4d88cfde50> was reported to be 127(when accessing len(dataloader)), but 260 samples have been fetched. For multiprocessing data-loading, this could be caused by not properly configuring the IterableDataset replica at each worker. Please see https://pytorch.org/docs/stable/data.html#torch.utils.data.IterableDataset for examples.
  batch = next(self.dataloaders[index_id])
/disk/rl/psm_wma/cosmos-framework/cosmos_framework/data/generator/joint_dataloader.py:831: UserWarning: Length of IterableDataset <cosmos_framework.data.generator.action.datasets.action_sft_dataset.ActionIterableShuffleDataset object at 0x7f4d88cfde50> was reported to be 127(when accessing len(dataloader)), but 261 samples have been fetched. For multiprocessing data-loading, this could be caused by not properly configuring the IterableDataset replica at each worker. Please see https://pytorch.org/docs/stable/data.html#torch.utils.data.IterableDataset for examples.
  batch = next(self.dataloaders[index_id])
/disk/rl/psm_wma/cosmos-framework/cosmos_framework/data/generator/joint_dataloader.py:831: UserWarning: Length of IterableDataset <cosmos_framework.data.generator.action.datasets.action_sft_dataset.ActionIterableShuffleDataset object at 0x7f4d88cfde50> was reported to be 127(when accessing len(dataloader)), but 262 samples have been fetched. For multiprocessing data-loading, this could be caused by not properly configuring the IterableDataset replica at each worker. Please see https://pytorch.org/docs/stable/data.html#torch.utils.data.IterableDataset for examples.
  batch = next(self.dataloaders[index_id])
/disk/rl/psm_wma/cosmos-framework/cosmos_framework/data/generator/joint_dataloader.py:831: UserWarning: Length of IterableDataset <cosmos_framework.data.generator.action.datasets.action_sft_dataset.ActionIterableShuffleDataset object at 0x7f4d88cfde50> was reported to be 127(when accessing len(dataloader)), but 263 samples have been fetched. For multiprocessing data-loading, this could be caused by not properly configuring the IterableDataset replica at each worker. Please see https://pytorch.org/docs/stable/data.html#torch.utils.data.IterableDataset for examples.
  batch = next(self.dataloaders[index_id])
/disk/rl/psm_wma/cosmos-framework/cosmos_framework/data/generator/joint_dataloader.py:831: UserWarning: Length of IterableDataset <cosmos_framework.data.generator.action.datasets.action_sft_dataset.ActionIterableShuffleDataset object at 0x7f4d88cfde50> was reported to be 127(when accessing len(dataloader)), but 264 samples have been fetched. For multiprocessing data-loading, this could be caused by not properly configuring the IterableDataset replica at each worker. Please see https://pytorch.org/docs/stable/data.html#torch.utils.data.IterableDataset for examples.
  batch = next(self.dataloaders[index_id])
/disk/rl/psm_wma/cosmos-framework/cosmos_framework/data/generator/joint_dataloader.py:831: UserWarning: Length of IterableDataset <cosmos_framework.data.generator.action.datasets.action_sft_dataset.ActionIterableShuffleDataset object at 0x7f4d88cfde50> was reported to be 127(when accessing len(dataloader)), but 265 samples have been fetched. For multiprocessing data-loading, this could be caused by not properly configuring the IterableDataset replica at each worker. Please see https://pytorch.org/docs/stable/data.html#torch.utils.data.IterableDataset for examples.
  batch = next(self.dataloaders[index_id])
/disk/rl/psm_wma/cosmos-framework/cosmos_framework/data/generator/joint_dataloader.py:831: UserWarning: Length of IterableDataset <cosmos_framework.data.generator.action.datasets.action_sft_dataset.ActionIterableShuffleDataset object at 0x7f4d88cfde50> was reported to be 127(when accessing len(dataloader)), but 266 samples have been fetched. For multiprocessing data-loading, this could be caused by not properly configuring the IterableDataset replica at each worker. Please see https://pytorch.org/docs/stable/data.html#torch.utils.data.IterableDataset for examples.
  batch = next(self.dataloaders[index_id])
/disk/rl/psm_wma/cosmos-framework/cosmos_framework/data/generator/joint_dataloader.py:831: UserWarning: Length of IterableDataset <cosmos_framework.data.generator.action.datasets.action_sft_dataset.ActionIterableShuffleDataset object at 0x7f4d88cfde50> was reported to be 127(when accessing len(dataloader)), but 267 samples have been fetched. For multiprocessing data-loading, this could be caused by not properly configuring the IterableDataset replica at each worker. Please see https://pytorch.org/docs/stable/data.html#torch.utils.data.IterableDataset for examples.
  batch = next(self.dataloaders[index_id])
/disk/rl/psm_wma/cosmos-framework/cosmos_framework/data/generator/joint_dataloader.py:831: UserWarning: Length of IterableDataset <cosmos_framework.data.generator.action.datasets.action_sft_dataset.ActionIterableShuffleDataset object at 0x7f4d88cfde50> was reported to be 127(when accessing len(dataloader)), but 268 samples have been fetched. For multiprocessing data-loading, this could be caused by not properly configuring the IterableDataset replica at each worker. Please see https://pytorch.org/docs/stable/data.html#torch.utils.data.IterableDataset for examples.
  batch = next(self.dataloaders[index_id])
/disk/rl/psm_wma/cosmos-framework/cosmos_framework/data/generator/joint_dataloader.py:831: UserWarning: Length of IterableDataset <cosmos_framework.data.generator.action.datasets.action_sft_dataset.ActionIterableShuffleDataset object at 0x7f4d88cfde50> was reported to be 127(when accessing len(dataloader)), but 269 samples have been fetched. For multiprocessing data-loading, this could be caused by not properly configuring the IterableDataset replica at each worker. Please see https://pytorch.org/docs/stable/data.html#torch.utils.data.IterableDataset for examples.
  batch = next(self.dataloaders[index_id])
/disk/rl/psm_wma/cosmos-framework/cosmos_framework/data/generator/joint_dataloader.py:831: UserWarning: Length of IterableDataset <cosmos_framework.data.generator.action.datasets.action_sft_dataset.ActionIterableShuffleDataset object at 0x7f4d88cfde50> was reported to be 127(when accessing len(dataloader)), but 270 samples have been fetched. For multiprocessing data-loading, this could be caused by not properly configuring the IterableDataset replica at each worker. Please see https://pytorch.org/docs/stable/data.html#torch.utils.data.IterableDataset for examples.
  batch = next(self.dataloaders[index_id])
/disk/rl/psm_wma/cosmos-framework/cosmos_framework/data/generator/joint_dataloader.py:831: UserWarning: Length of IterableDataset <cosmos_framework.data.generator.action.datasets.action_sft_dataset.ActionIterableShuffleDataset object at 0x7f4d88cfde50> was reported to be 127(when accessing len(dataloader)), but 271 samples have been fetched. For multiprocessing data-loading, this could be caused by not properly configuring the IterableDataset replica at each worker. Please see https://pytorch.org/docs/stable/data.html#torch.utils.data.IterableDataset for examples.
  batch = next(self.dataloaders[index_id])
/disk/rl/psm_wma/cosmos-framework/cosmos_framework/data/generator/joint_dataloader.py:831: UserWarning: Length of IterableDataset <cosmos_framework.data.generator.action.datasets.action_sft_dataset.ActionIterableShuffleDataset object at 0x7f4d88cfde50> was reported to be 127(when accessing len(dataloader)), but 272 samples have been fetched. For multiprocessing data-loading, this could be caused by not properly configuring the IterableDataset replica at each worker. Please see https://pytorch.org/docs/stable/data.html#torch.utils.data.IterableDataset for examples.
  batch = next(self.dataloaders[index_id])
/disk/rl/psm_wma/cosmos-framework/cosmos_framework/data/generator/joint_dataloader.py:831: UserWarning: Length of IterableDataset <cosmos_framework.data.generator.action.datasets.action_sft_dataset.ActionIterableShuffleDataset object at 0x7f4d88cfde50> was reported to be 127(when accessing len(dataloader)), but 273 samples have been fetched. For multiprocessing data-loading, this could be caused by not properly configuring the IterableDataset replica at each worker. Please see https://pytorch.org/docs/stable/data.html#torch.utils.data.IterableDataset for examples.
  batch = next(self.dataloaders[index_id])
/disk/rl/psm_wma/cosmos-framework/cosmos_framework/data/generator/joint_dataloader.py:831: UserWarning: Length of IterableDataset <cosmos_framework.data.generator.action.datasets.action_sft_dataset.ActionIterableShuffleDataset object at 0x7f4d88cfde50> was reported to be 127(when accessing len(dataloader)), but 274 samples have been fetched. For multiprocessing data-loading, this could be caused by not properly configuring the IterableDataset replica at each worker. Please see https://pytorch.org/docs/stable/data.html#torch.utils.data.IterableDataset for examples.
  batch = next(self.dataloaders[index_id])
/disk/rl/psm_wma/cosmos-framework/cosmos_framework/data/generator/joint_dataloader.py:831: UserWarning: Length of IterableDataset <cosmos_framework.data.generator.action.datasets.action_sft_dataset.ActionIterableShuffleDataset object at 0x7f4d88cfde50> was reported to be 127(when accessing len(dataloader)), but 275 samples have been fetched. For multiprocessing data-loading, this could be caused by not properly configuring the IterableDataset replica at each worker. Please see https://pytorch.org/docs/stable/data.html#torch.utils.data.IterableDataset for examples.
  batch = next(self.dataloaders[index_id])
/disk/rl/psm_wma/cosmos-framework/cosmos_framework/data/generator/joint_dataloader.py:831: UserWarning: Length of IterableDataset <cosmos_framework.data.generator.action.datasets.action_sft_dataset.ActionIterableShuffleDataset object at 0x7f4d88cfde50> was reported to be 127(when accessing len(dataloader)), but 276 samples have been fetched. For multiprocessing data-loading, this could be caused by not properly configuring the IterableDataset replica at each worker. Please see https://pytorch.org/docs/stable/data.html#torch.utils.data.IterableDataset for examples.
  batch = next(self.dataloaders[index_id])
/disk/rl/psm_wma/cosmos-framework/cosmos_framework/data/generator/joint_dataloader.py:831: UserWarning: Length of IterableDataset <cosmos_framework.data.generator.action.datasets.action_sft_dataset.ActionIterableShuffleDataset object at 0x7f4d88cfde50> was reported to be 127(when accessing len(dataloader)), but 277 samples have been fetched. For multiprocessing data-loading, this could be caused by not properly configuring the IterableDataset replica at each worker. Please see https://pytorch.org/docs/stable/data.html#torch.utils.data.IterableDataset for examples.
  batch = next(self.dataloaders[index_id])
/disk/rl/psm_wma/cosmos-framework/cosmos_framework/data/generator/joint_dataloader.py:831: UserWarning: Length of IterableDataset <cosmos_framework.data.generator.action.datasets.action_sft_dataset.ActionIterableShuffleDataset object at 0x7f4d88cfde50> was reported to be 127(when accessing len(dataloader)), but 278 samples have been fetched. For multiprocessing data-loading, this could be caused by not properly configuring the IterableDataset replica at each worker. Please see https://pytorch.org/docs/stable/data.html#torch.utils.data.IterableDataset for examples.
  batch = next(self.dataloaders[index_id])
/disk/rl/psm_wma/cosmos-framework/cosmos_framework/data/generator/joint_dataloader.py:831: UserWarning: Length of IterableDataset <cosmos_framework.data.generator.action.datasets.action_sft_dataset.ActionIterableShuffleDataset object at 0x7f4d88cfde50> was reported to be 127(when accessing len(dataloader)), but 279 samples have been fetched. For multiprocessing data-loading, this could be caused by not properly configuring the IterableDataset replica at each worker. Please see https://pytorch.org/docs/stable/data.html#torch.utils.data.IterableDataset for examples.
  batch = next(self.dataloaders[index_id])
/disk/rl/psm_wma/cosmos-framework/cosmos_framework/data/generator/joint_dataloader.py:831: UserWarning: Length of IterableDataset <cosmos_framework.data.generator.action.datasets.action_sft_dataset.ActionIterableShuffleDataset object at 0x7f4d88cfde50> was reported to be 127(when accessing len(dataloader)), but 280 samples have been fetched. For multiprocessing data-loading, this could be caused by not properly configuring the IterableDataset replica at each worker. Please see https://pytorch.org/docs/stable/data.html#torch.utils.data.IterableDataset for examples.
  batch = next(self.dataloaders[index_id])
/disk/rl/psm_wma/cosmos-framework/cosmos_framework/data/generator/joint_dataloader.py:831: UserWarning: Length of IterableDataset <cosmos_framework.data.generator.action.datasets.action_sft_dataset.ActionIterableShuffleDataset object at 0x7f4d88cfde50> was reported to be 127(when accessing len(dataloader)), but 281 samples have been fetched. For multiprocessing data-loading, this could be caused by not properly configuring the IterableDataset replica at each worker. Please see https://pytorch.org/docs/stable/data.html#torch.utils.data.IterableDataset for examples.
  batch = next(self.dataloaders[index_id])
/disk/rl/psm_wma/cosmos-framework/cosmos_framework/data/generator/joint_dataloader.py:831: UserWarning: Length of IterableDataset <cosmos_framework.data.generator.action.datasets.action_sft_dataset.ActionIterableShuffleDataset object at 0x7f4d88cfde50> was reported to be 127(when accessing len(dataloader)), but 282 samples have been fetched. For multiprocessing data-loading, this could be caused by not properly configuring the IterableDataset replica at each worker. Please see https://pytorch.org/docs/stable/data.html#torch.utils.data.IterableDataset for examples.
  batch = next(self.dataloaders[index_id])
/disk/rl/psm_wma/cosmos-framework/cosmos_framework/data/generator/joint_dataloader.py:831: UserWarning: Length of IterableDataset <cosmos_framework.data.generator.action.datasets.action_sft_dataset.ActionIterableShuffleDataset object at 0x7f4d88cfde50> was reported to be 127(when accessing len(dataloader)), but 283 samples have been fetched. For multiprocessing data-loading, this could be caused by not properly configuring the IterableDataset replica at each worker. Please see https://pytorch.org/docs/stable/data.html#torch.utils.data.IterableDataset for examples.
  batch = next(self.dataloaders[index_id])
/disk/rl/psm_wma/cosmos-framework/cosmos_framework/data/generator/joint_dataloader.py:831: UserWarning: Length of IterableDataset <cosmos_framework.data.generator.action.datasets.action_sft_dataset.ActionIterableShuffleDataset object at 0x7f4d88cfde50> was reported to be 127(when accessing len(dataloader)), but 284 samples have been fetched. For multiprocessing data-loading, this could be caused by not properly configuring the IterableDataset replica at each worker. Please see https://pytorch.org/docs/stable/data.html#torch.utils.data.IterableDataset for examples.
  batch = next(self.dataloaders[index_id])
/disk/rl/psm_wma/cosmos-framework/cosmos_framework/data/generator/joint_dataloader.py:831: UserWarning: Length of IterableDataset <cosmos_framework.data.generator.action.datasets.action_sft_dataset.ActionIterableShuffleDataset object at 0x7f4d88cfde50> was reported to be 127(when accessing len(dataloader)), but 285 samples have been fetched. For multiprocessing data-loading, this could be caused by not properly configuring the IterableDataset replica at each worker. Please see https://pytorch.org/docs/stable/data.html#torch.utils.data.IterableDataset for examples.
  batch = next(self.dataloaders[index_id])
/disk/rl/psm_wma/cosmos-framework/cosmos_framework/data/generator/joint_dataloader.py:831: UserWarning: Length of IterableDataset <cosmos_framework.data.generator.action.datasets.action_sft_dataset.ActionIterableShuffleDataset object at 0x7f4d88cfde50> was reported to be 127(when accessing len(dataloader)), but 286 samples have been fetched. For multiprocessing data-loading, this could be caused by not properly configuring the IterableDataset replica at each worker. Please see https://pytorch.org/docs/stable/data.html#torch.utils.data.IterableDataset for examples.
  batch = next(self.dataloaders[index_id])
/disk/rl/psm_wma/cosmos-framework/cosmos_framework/data/generator/joint_dataloader.py:831: UserWarning: Length of IterableDataset <cosmos_framework.data.generator.action.datasets.action_sft_dataset.ActionIterableShuffleDataset object at 0x7f4d88cfde50> was reported to be 127(when accessing len(dataloader)), but 287 samples have been fetched. For multiprocessing data-loading, this could be caused by not properly configuring the IterableDataset replica at each worker. Please see https://pytorch.org/docs/stable/data.html#torch.utils.data.IterableDataset for examples.
  batch = next(self.dataloaders[index_id])
/disk/rl/psm_wma/cosmos-framework/cosmos_framework/data/generator/joint_dataloader.py:831: UserWarning: Length of IterableDataset <cosmos_framework.data.generator.action.datasets.action_sft_dataset.ActionIterableShuffleDataset object at 0x7f4d88cfde50> was reported to be 127(when accessing len(dataloader)), but 288 samples have been fetched. For multiprocessing data-loading, this could be caused by not properly configuring the IterableDataset replica at each worker. Please see https://pytorch.org/docs/stable/data.html#torch.utils.data.IterableDataset for examples.
  batch = next(self.dataloaders[index_id])
/disk/rl/psm_wma/cosmos-framework/cosmos_framework/data/generator/joint_dataloader.py:831: UserWarning: Length of IterableDataset <cosmos_framework.data.generator.action.datasets.action_sft_dataset.ActionIterableShuffleDataset object at 0x7f4d88cfde50> was reported to be 127(when accessing len(dataloader)), but 289 samples have been fetched. For multiprocessing data-loading, this could be caused by not properly configuring the IterableDataset replica at each worker. Please see https://pytorch.org/docs/stable/data.html#torch.utils.data.IterableDataset for examples.
  batch = next(self.dataloaders[index_id])
/disk/rl/psm_wma/cosmos-framework/cosmos_framework/data/generator/joint_dataloader.py:831: UserWarning: Length of IterableDataset <cosmos_framework.data.generator.action.datasets.action_sft_dataset.ActionIterableShuffleDataset object at 0x7f4d88cfde50> was reported to be 127(when accessing len(dataloader)), but 290 samples have been fetched. For multiprocessing data-loading, this could be caused by not properly configuring the IterableDataset replica at each worker. Please see https://pytorch.org/docs/stable/data.html#torch.utils.data.IterableDataset for examples.
  batch = next(self.dataloaders[index_id])
/disk/rl/psm_wma/cosmos-framework/cosmos_framework/data/generator/joint_dataloader.py:831: UserWarning: Length of IterableDataset <cosmos_framework.data.generator.action.datasets.action_sft_dataset.ActionIterableShuffleDataset object at 0x7f4d88cfde50> was reported to be 127(when accessing len(dataloader)), but 291 samples have been fetched. For multiprocessing data-loading, this could be caused by not properly configuring the IterableDataset replica at each worker. Please see https://pytorch.org/docs/stable/data.html#torch.utils.data.IterableDataset for examples.
  batch = next(self.dataloaders[index_id])
/disk/rl/psm_wma/cosmos-framework/cosmos_framework/data/generator/joint_dataloader.py:831: UserWarning: Length of IterableDataset <cosmos_framework.data.generator.action.datasets.action_sft_dataset.ActionIterableShuffleDataset object at 0x7f4d88cfde50> was reported to be 127(when accessing len(dataloader)), but 292 samples have been fetched. For multiprocessing data-loading, this could be caused by not properly configuring the IterableDataset replica at each worker. Please see https://pytorch.org/docs/stable/data.html#torch.utils.data.IterableDataset for examples.
  batch = next(self.dataloaders[index_id])
/disk/rl/psm_wma/cosmos-framework/cosmos_framework/data/generator/joint_dataloader.py:831: UserWarning: Length of IterableDataset <cosmos_framework.data.generator.action.datasets.action_sft_dataset.ActionIterableShuffleDataset object at 0x7f4d88cfde50> was reported to be 127(when accessing len(dataloader)), but 293 samples have been fetched. For multiprocessing data-loading, this could be caused by not properly configuring the IterableDataset replica at each worker. Please see https://pytorch.org/docs/stable/data.html#torch.utils.data.IterableDataset for examples.
  batch = next(self.dataloaders[index_id])
/disk/rl/psm_wma/cosmos-framework/cosmos_framework/data/generator/joint_dataloader.py:831: UserWarning: Length of IterableDataset <cosmos_framework.data.generator.action.datasets.action_sft_dataset.ActionIterableShuffleDataset object at 0x7f4d88cfde50> was reported to be 127(when accessing len(dataloader)), but 294 samples have been fetched. For multiprocessing data-loading, this could be caused by not properly configuring the IterableDataset replica at each worker. Please see https://pytorch.org/docs/stable/data.html#torch.utils.data.IterableDataset for examples.
  batch = next(self.dataloaders[index_id])
/disk/rl/psm_wma/cosmos-framework/cosmos_framework/data/generator/joint_dataloader.py:831: UserWarning: Length of IterableDataset <cosmos_framework.data.generator.action.datasets.action_sft_dataset.ActionIterableShuffleDataset object at 0x7f4d88cfde50> was reported to be 127(when accessing len(dataloader)), but 295 samples have been fetched. For multiprocessing data-loading, this could be caused by not properly configuring the IterableDataset replica at each worker. Please see https://pytorch.org/docs/stable/data.html#torch.utils.data.IterableDataset for examples.
  batch = next(self.dataloaders[index_id])
/disk/rl/psm_wma/cosmos-framework/cosmos_framework/data/generator/joint_dataloader.py:831: UserWarning: Length of IterableDataset <cosmos_framework.data.generator.action.datasets.action_sft_dataset.ActionIterableShuffleDataset object at 0x7f4d88cfde50> was reported to be 127(when accessing len(dataloader)), but 296 samples have been fetched. For multiprocessing data-loading, this could be caused by not properly configuring the IterableDataset replica at each worker. Please see https://pytorch.org/docs/stable/data.html#torch.utils.data.IterableDataset for examples.
  batch = next(self.dataloaders[index_id])
/disk/rl/psm_wma/cosmos-framework/cosmos_framework/data/generator/joint_dataloader.py:831: UserWarning: Length of IterableDataset <cosmos_framework.data.generator.action.datasets.action_sft_dataset.ActionIterableShuffleDataset object at 0x7f4d88cfde50> was reported to be 127(when accessing len(dataloader)), but 297 samples have been fetched. For multiprocessing data-loading, this could be caused by not properly configuring the IterableDataset replica at each worker. Please see https://pytorch.org/docs/stable/data.html#torch.utils.data.IterableDataset for examples.
  batch = next(self.dataloaders[index_id])
/disk/rl/psm_wma/cosmos-framework/cosmos_framework/data/generator/joint_dataloader.py:831: UserWarning: Length of IterableDataset <cosmos_framework.data.generator.action.datasets.action_sft_dataset.ActionIterableShuffleDataset object at 0x7f4d88cfde50> was reported to be 127(when accessing len(dataloader)), but 298 samples have been fetched. For multiprocessing data-loading, this could be caused by not properly configuring the IterableDataset replica at each worker. Please see https://pytorch.org/docs/stable/data.html#torch.utils.data.IterableDataset for examples.
  batch = next(self.dataloaders[index_id])
/disk/rl/psm_wma/cosmos-framework/cosmos_framework/data/generator/joint_dataloader.py:831: UserWarning: Length of IterableDataset <cosmos_framework.data.generator.action.datasets.action_sft_dataset.ActionIterableShuffleDataset object at 0x7f4d88cfde50> was reported to be 127(when accessing len(dataloader)), but 299 samples have been fetched. For multiprocessing data-loading, this could be caused by not properly configuring the IterableDataset replica at each worker. Please see https://pytorch.org/docs/stable/data.html#torch.utils.data.IterableDataset for examples.
  batch = next(self.dataloaders[index_id])
/disk/rl/psm_wma/cosmos-framework/cosmos_framework/data/generator/joint_dataloader.py:831: UserWarning: Length of IterableDataset <cosmos_framework.data.generator.action.datasets.action_sft_dataset.ActionIterableShuffleDataset object at 0x7f4d88cfde50> was reported to be 127(when accessing len(dataloader)), but 300 samples have been fetched. For multiprocessing data-loading, this could be caused by not properly configuring the IterableDataset replica at each worker. Please see https://pytorch.org/docs/stable/data.html#torch.utils.data.IterableDataset for examples.
  batch = next(self.dataloaders[index_id])
/disk/rl/psm_wma/cosmos-framework/cosmos_framework/data/generator/joint_dataloader.py:831: UserWarning: Length of IterableDataset <cosmos_framework.data.generator.action.datasets.action_sft_dataset.ActionIterableShuffleDataset object at 0x7f4d88cfde50> was reported to be 127(when accessing len(dataloader)), but 301 samples have been fetched. For multiprocessing data-loading, this could be caused by not properly configuring the IterableDataset replica at each worker. Please see https://pytorch.org/docs/stable/data.html#torch.utils.data.IterableDataset for examples.
  batch = next(self.dataloaders[index_id])
/disk/rl/psm_wma/cosmos-framework/cosmos_framework/data/generator/joint_dataloader.py:831: UserWarning: Length of IterableDataset <cosmos_framework.data.generator.action.datasets.action_sft_dataset.ActionIterableShuffleDataset object at 0x7f4d88cfde50> was reported to be 127(when accessing len(dataloader)), but 302 samples have been fetched. For multiprocessing data-loading, this could be caused by not properly configuring the IterableDataset replica at each worker. Please see https://pytorch.org/docs/stable/data.html#torch.utils.data.IterableDataset for examples.
  batch = next(self.dataloaders[index_id])
/disk/rl/psm_wma/cosmos-framework/cosmos_framework/data/generator/joint_dataloader.py:831: UserWarning: Length of IterableDataset <cosmos_framework.data.generator.action.datasets.action_sft_dataset.ActionIterableShuffleDataset object at 0x7f4d88cfde50> was reported to be 127(when accessing len(dataloader)), but 303 samples have been fetched. For multiprocessing data-loading, this could be caused by not properly configuring the IterableDataset replica at each worker. Please see https://pytorch.org/docs/stable/data.html#torch.utils.data.IterableDataset for examples.
  batch = next(self.dataloaders[index_id])
/disk/rl/psm_wma/cosmos-framework/cosmos_framework/data/generator/joint_dataloader.py:831: UserWarning: Length of IterableDataset <cosmos_framework.data.generator.action.datasets.action_sft_dataset.ActionIterableShuffleDataset object at 0x7f4d88cfde50> was reported to be 127(when accessing len(dataloader)), but 304 samples have been fetched. For multiprocessing data-loading, this could be caused by not properly configuring the IterableDataset replica at each worker. Please see https://pytorch.org/docs/stable/data.html#torch.utils.data.IterableDataset for examples.
  batch = next(self.dataloaders[index_id])
/disk/rl/psm_wma/cosmos-framework/cosmos_framework/data/generator/joint_dataloader.py:831: UserWarning: Length of IterableDataset <cosmos_framework.data.generator.action.datasets.action_sft_dataset.ActionIterableShuffleDataset object at 0x7f4d88cfde50> was reported to be 127(when accessing len(dataloader)), but 305 samples have been fetched. For multiprocessing data-loading, this could be caused by not properly configuring the IterableDataset replica at each worker. Please see https://pytorch.org/docs/stable/data.html#torch.utils.data.IterableDataset for examples.
  batch = next(self.dataloaders[index_id])
/disk/rl/psm_wma/cosmos-framework/cosmos_framework/data/generator/joint_dataloader.py:831: UserWarning: Length of IterableDataset <cosmos_framework.data.generator.action.datasets.action_sft_dataset.ActionIterableShuffleDataset object at 0x7f4d88cfde50> was reported to be 127(when accessing len(dataloader)), but 306 samples have been fetched. For multiprocessing data-loading, this could be caused by not properly configuring the IterableDataset replica at each worker. Please see https://pytorch.org/docs/stable/data.html#torch.utils.data.IterableDataset for examples.
  batch = next(self.dataloaders[index_id])
/disk/rl/psm_wma/cosmos-framework/cosmos_framework/data/generator/joint_dataloader.py:831: UserWarning: Length of IterableDataset <cosmos_framework.data.generator.action.datasets.action_sft_dataset.ActionIterableShuffleDataset object at 0x7f4d88cfde50> was reported to be 127(when accessing len(dataloader)), but 307 samples have been fetched. For multiprocessing data-loading, this could be caused by not properly configuring the IterableDataset replica at each worker. Please see https://pytorch.org/docs/stable/data.html#torch.utils.data.IterableDataset for examples.
  batch = next(self.dataloaders[index_id])
/disk/rl/psm_wma/cosmos-framework/cosmos_framework/data/generator/joint_dataloader.py:831: UserWarning: Length of IterableDataset <cosmos_framework.data.generator.action.datasets.action_sft_dataset.ActionIterableShuffleDataset object at 0x7f4d88cfde50> was reported to be 127(when accessing len(dataloader)), but 308 samples have been fetched. For multiprocessing data-loading, this could be caused by not properly configuring the IterableDataset replica at each worker. Please see https://pytorch.org/docs/stable/data.html#torch.utils.data.IterableDataset for examples.
  batch = next(self.dataloaders[index_id])
/disk/rl/psm_wma/cosmos-framework/cosmos_framework/data/generator/joint_dataloader.py:831: UserWarning: Length of IterableDataset <cosmos_framework.data.generator.action.datasets.action_sft_dataset.ActionIterableShuffleDataset object at 0x7f4d88cfde50> was reported to be 127(when accessing len(dataloader)), but 309 samples have been fetched. For multiprocessing data-loading, this could be caused by not properly configuring the IterableDataset replica at each worker. Please see https://pytorch.org/docs/stable/data.html#torch.utils.data.IterableDataset for examples.
  batch = next(self.dataloaders[index_id])
/disk/rl/psm_wma/cosmos-framework/cosmos_framework/data/generator/joint_dataloader.py:831: UserWarning: Length of IterableDataset <cosmos_framework.data.generator.action.datasets.action_sft_dataset.ActionIterableShuffleDataset object at 0x7f4d88cfde50> was reported to be 127(when accessing len(dataloader)), but 310 samples have been fetched. For multiprocessing data-loading, this could be caused by not properly configuring the IterableDataset replica at each worker. Please see https://pytorch.org/docs/stable/data.html#torch.utils.data.IterableDataset for examples.
  batch = next(self.dataloaders[index_id])
/disk/rl/psm_wma/cosmos-framework/cosmos_framework/data/generator/joint_dataloader.py:831: UserWarning: Length of IterableDataset <cosmos_framework.data.generator.action.datasets.action_sft_dataset.ActionIterableShuffleDataset object at 0x7f4d88cfde50> was reported to be 127(when accessing len(dataloader)), but 311 samples have been fetched. For multiprocessing data-loading, this could be caused by not properly configuring the IterableDataset replica at each worker. Please see https://pytorch.org/docs/stable/data.html#torch.utils.data.IterableDataset for examples.
  batch = next(self.dataloaders[index_id])
/disk/rl/psm_wma/cosmos-framework/cosmos_framework/data/generator/joint_dataloader.py:831: UserWarning: Length of IterableDataset <cosmos_framework.data.generator.action.datasets.action_sft_dataset.ActionIterableShuffleDataset object at 0x7f4d88cfde50> was reported to be 127(when accessing len(dataloader)), but 312 samples have been fetched. For multiprocessing data-loading, this could be caused by not properly configuring the IterableDataset replica at each worker. Please see https://pytorch.org/docs/stable/data.html#torch.utils.data.IterableDataset for examples.
  batch = next(self.dataloaders[index_id])
/disk/rl/psm_wma/cosmos-framework/cosmos_framework/data/generator/joint_dataloader.py:831: UserWarning: Length of IterableDataset <cosmos_framework.data.generator.action.datasets.action_sft_dataset.ActionIterableShuffleDataset object at 0x7f4d88cfde50> was reported to be 127(when accessing len(dataloader)), but 313 samples have been fetched. For multiprocessing data-loading, this could be caused by not properly configuring the IterableDataset replica at each worker. Please see https://pytorch.org/docs/stable/data.html#torch.utils.data.IterableDataset for examples.
  batch = next(self.dataloaders[index_id])
/disk/rl/psm_wma/cosmos-framework/cosmos_framework/data/generator/joint_dataloader.py:831: UserWarning: Length of IterableDataset <cosmos_framework.data.generator.action.datasets.action_sft_dataset.ActionIterableShuffleDataset object at 0x7f4d88cfde50> was reported to be 127(when accessing len(dataloader)), but 314 samples have been fetched. For multiprocessing data-loading, this could be caused by not properly configuring the IterableDataset replica at each worker. Please see https://pytorch.org/docs/stable/data.html#torch.utils.data.IterableDataset for examples.
  batch = next(self.dataloaders[index_id])
/disk/rl/psm_wma/cosmos-framework/cosmos_framework/data/generator/joint_dataloader.py:831: UserWarning: Length of IterableDataset <cosmos_framework.data.generator.action.datasets.action_sft_dataset.ActionIterableShuffleDataset object at 0x7f4d88cfde50> was reported to be 127(when accessing len(dataloader)), but 315 samples have been fetched. For multiprocessing data-loading, this could be caused by not properly configuring the IterableDataset replica at each worker. Please see https://pytorch.org/docs/stable/data.html#torch.utils.data.IterableDataset for examples.
  batch = next(self.dataloaders[index_id])
/disk/rl/psm_wma/cosmos-framework/cosmos_framework/data/generator/joint_dataloader.py:831: UserWarning: Length of IterableDataset <cosmos_framework.data.generator.action.datasets.action_sft_dataset.ActionIterableShuffleDataset object at 0x7f4d88cfde50> was reported to be 127(when accessing len(dataloader)), but 316 samples have been fetched. For multiprocessing data-loading, this could be caused by not properly configuring the IterableDataset replica at each worker. Please see https://pytorch.org/docs/stable/data.html#torch.utils.data.IterableDataset for examples.
  batch = next(self.dataloaders[index_id])
/disk/rl/psm_wma/cosmos-framework/cosmos_framework/data/generator/joint_dataloader.py:831: UserWarning: Length of IterableDataset <cosmos_framework.data.generator.action.datasets.action_sft_dataset.ActionIterableShuffleDataset object at 0x7f4d88cfde50> was reported to be 127(when accessing len(dataloader)), but 317 samples have been fetched. For multiprocessing data-loading, this could be caused by not properly configuring the IterableDataset replica at each worker. Please see https://pytorch.org/docs/stable/data.html#torch.utils.data.IterableDataset for examples.
  batch = next(self.dataloaders[index_id])
/disk/rl/psm_wma/cosmos-framework/cosmos_framework/data/generator/joint_dataloader.py:831: UserWarning: Length of IterableDataset <cosmos_framework.data.generator.action.datasets.action_sft_dataset.ActionIterableShuffleDataset object at 0x7f4d88cfde50> was reported to be 127(when accessing len(dataloader)), but 318 samples have been fetched. For multiprocessing data-loading, this could be caused by not properly configuring the IterableDataset replica at each worker. Please see https://pytorch.org/docs/stable/data.html#torch.utils.data.IterableDataset for examples.
  batch = next(self.dataloaders[index_id])
/disk/rl/psm_wma/cosmos-framework/cosmos_framework/data/generator/joint_dataloader.py:831: UserWarning: Length of IterableDataset <cosmos_framework.data.generator.action.datasets.action_sft_dataset.ActionIterableShuffleDataset object at 0x7f4d88cfde50> was reported to be 127(when accessing len(dataloader)), but 319 samples have been fetched. For multiprocessing data-loading, this could be caused by not properly configuring the IterableDataset replica at each worker. Please see https://pytorch.org/docs/stable/data.html#torch.utils.data.IterableDataset for examples.
  batch = next(self.dataloaders[index_id])
/disk/rl/psm_wma/cosmos-framework/cosmos_framework/data/generator/joint_dataloader.py:831: UserWarning: Length of IterableDataset <cosmos_framework.data.generator.action.datasets.action_sft_dataset.ActionIterableShuffleDataset object at 0x7f4d88cfde50> was reported to be 127(when accessing len(dataloader)), but 320 samples have been fetched. For multiprocessing data-loading, this could be caused by not properly configuring the IterableDataset replica at each worker. Please see https://pytorch.org/docs/stable/data.html#torch.utils.data.IterableDataset for examples.
  batch = next(self.dataloaders[index_id])
/disk/rl/psm_wma/cosmos-framework/cosmos_framework/data/generator/joint_dataloader.py:831: UserWarning: Length of IterableDataset <cosmos_framework.data.generator.action.datasets.action_sft_dataset.ActionIterableShuffleDataset object at 0x7f4d88cfde50> was reported to be 127(when accessing len(dataloader)), but 321 samples have been fetched. For multiprocessing data-loading, this could be caused by not properly configuring the IterableDataset replica at each worker. Please see https://pytorch.org/docs/stable/data.html#torch.utils.data.IterableDataset for examples.
  batch = next(self.dataloaders[index_id])
/disk/rl/psm_wma/cosmos-framework/cosmos_framework/data/generator/joint_dataloader.py:831: UserWarning: Length of IterableDataset <cosmos_framework.data.generator.action.datasets.action_sft_dataset.ActionIterableShuffleDataset object at 0x7f4d88cfde50> was reported to be 127(when accessing len(dataloader)), but 322 samples have been fetched. For multiprocessing data-loading, this could be caused by not properly configuring the IterableDataset replica at each worker. Please see https://pytorch.org/docs/stable/data.html#torch.utils.data.IterableDataset for examples.
  batch = next(self.dataloaders[index_id])
/disk/rl/psm_wma/cosmos-framework/cosmos_framework/data/generator/joint_dataloader.py:831: UserWarning: Length of IterableDataset <cosmos_framework.data.generator.action.datasets.action_sft_dataset.ActionIterableShuffleDataset object at 0x7f4d88cfde50> was reported to be 127(when accessing len(dataloader)), but 323 samples have been fetched. For multiprocessing data-loading, this could be caused by not properly configuring the IterableDataset replica at each worker. Please see https://pytorch.org/docs/stable/data.html#torch.utils.data.IterableDataset for examples.
  batch = next(self.dataloaders[index_id])
/disk/rl/psm_wma/cosmos-framework/cosmos_framework/data/generator/joint_dataloader.py:831: UserWarning: Length of IterableDataset <cosmos_framework.data.generator.action.datasets.action_sft_dataset.ActionIterableShuffleDataset object at 0x7f4d88cfde50> was reported to be 127(when accessing len(dataloader)), but 324 samples have been fetched. For multiprocessing data-loading, this could be caused by not properly configuring the IterableDataset replica at each worker. Please see https://pytorch.org/docs/stable/data.html#torch.utils.data.IterableDataset for examples.
  batch = next(self.dataloaders[index_id])
/disk/rl/psm_wma/cosmos-framework/cosmos_framework/data/generator/joint_dataloader.py:831: UserWarning: Length of IterableDataset <cosmos_framework.data.generator.action.datasets.action_sft_dataset.ActionIterableShuffleDataset object at 0x7f4d88cfde50> was reported to be 127(when accessing len(dataloader)), but 325 samples have been fetched. For multiprocessing data-loading, this could be caused by not properly configuring the IterableDataset replica at each worker. Please see https://pytorch.org/docs/stable/data.html#torch.utils.data.IterableDataset for examples.
  batch = next(self.dataloaders[index_id])
/disk/rl/psm_wma/cosmos-framework/cosmos_framework/data/generator/joint_dataloader.py:831: UserWarning: Length of IterableDataset <cosmos_framework.data.generator.action.datasets.action_sft_dataset.ActionIterableShuffleDataset object at 0x7f4d88cfde50> was reported to be 127(when accessing len(dataloader)), but 326 samples have been fetched. For multiprocessing data-loading, this could be caused by not properly configuring the IterableDataset replica at each worker. Please see https://pytorch.org/docs/stable/data.html#torch.utils.data.IterableDataset for examples.
  batch = next(self.dataloaders[index_id])
/disk/rl/psm_wma/cosmos-framework/cosmos_framework/data/generator/joint_dataloader.py:831: UserWarning: Length of IterableDataset <cosmos_framework.data.generator.action.datasets.action_sft_dataset.ActionIterableShuffleDataset object at 0x7f4d88cfde50> was reported to be 127(when accessing len(dataloader)), but 327 samples have been fetched. For multiprocessing data-loading, this could be caused by not properly configuring the IterableDataset replica at each worker. Please see https://pytorch.org/docs/stable/data.html#torch.utils.data.IterableDataset for examples.
  batch = next(self.dataloaders[index_id])
/disk/rl/psm_wma/cosmos-framework/cosmos_framework/data/generator/joint_dataloader.py:831: UserWarning: Length of IterableDataset <cosmos_framework.data.generator.action.datasets.action_sft_dataset.ActionIterableShuffleDataset object at 0x7f4d88cfde50> was reported to be 127(when accessing len(dataloader)), but 328 samples have been fetched. For multiprocessing data-loading, this could be caused by not properly configuring the IterableDataset replica at each worker. Please see https://pytorch.org/docs/stable/data.html#torch.utils.data.IterableDataset for examples.
  batch = next(self.dataloaders[index_id])
/disk/rl/psm_wma/cosmos-framework/cosmos_framework/data/generator/joint_dataloader.py:831: UserWarning: Length of IterableDataset <cosmos_framework.data.generator.action.datasets.action_sft_dataset.ActionIterableShuffleDataset object at 0x7f4d88cfde50> was reported to be 127(when accessing len(dataloader)), but 329 samples have been fetched. For multiprocessing data-loading, this could be caused by not properly configuring the IterableDataset replica at each worker. Please see https://pytorch.org/docs/stable/data.html#torch.utils.data.IterableDataset for examples.
  batch = next(self.dataloaders[index_id])
/disk/rl/psm_wma/cosmos-framework/cosmos_framework/data/generator/joint_dataloader.py:831: UserWarning: Length of IterableDataset <cosmos_framework.data.generator.action.datasets.action_sft_dataset.ActionIterableShuffleDataset object at 0x7f4d88cfde50> was reported to be 127(when accessing len(dataloader)), but 330 samples have been fetched. For multiprocessing data-loading, this could be caused by not properly configuring the IterableDataset replica at each worker. Please see https://pytorch.org/docs/stable/data.html#torch.utils.data.IterableDataset for examples.
  batch = next(self.dataloaders[index_id])
/disk/rl/psm_wma/cosmos-framework/cosmos_framework/data/generator/joint_dataloader.py:831: UserWarning: Length of IterableDataset <cosmos_framework.data.generator.action.datasets.action_sft_dataset.ActionIterableShuffleDataset object at 0x7f4d88cfde50> was reported to be 127(when accessing len(dataloader)), but 331 samples have been fetched. For multiprocessing data-loading, this could be caused by not properly configuring the IterableDataset replica at each worker. Please see https://pytorch.org/docs/stable/data.html#torch.utils.data.IterableDataset for examples.
  batch = next(self.dataloaders[index_id])
/disk/rl/psm_wma/cosmos-framework/cosmos_framework/data/generator/joint_dataloader.py:831: UserWarning: Length of IterableDataset <cosmos_framework.data.generator.action.datasets.action_sft_dataset.ActionIterableShuffleDataset object at 0x7f4d88cfde50> was reported to be 127(when accessing len(dataloader)), but 332 samples have been fetched. For multiprocessing data-loading, this could be caused by not properly configuring the IterableDataset replica at each worker. Please see https://pytorch.org/docs/stable/data.html#torch.utils.data.IterableDataset for examples.
  batch = next(self.dataloaders[index_id])
/disk/rl/psm_wma/cosmos-framework/cosmos_framework/data/generator/joint_dataloader.py:831: UserWarning: Length of IterableDataset <cosmos_framework.data.generator.action.datasets.action_sft_dataset.ActionIterableShuffleDataset object at 0x7f4d88cfde50> was reported to be 127(when accessing len(dataloader)), but 333 samples have been fetched. For multiprocessing data-loading, this could be caused by not properly configuring the IterableDataset replica at each worker. Please see https://pytorch.org/docs/stable/data.html#torch.utils.data.IterableDataset for examples.
  batch = next(self.dataloaders[index_id])
/disk/rl/psm_wma/cosmos-framework/cosmos_framework/data/generator/joint_dataloader.py:831: UserWarning: Length of IterableDataset <cosmos_framework.data.generator.action.datasets.action_sft_dataset.ActionIterableShuffleDataset object at 0x7f4d88cfde50> was reported to be 127(when accessing len(dataloader)), but 334 samples have been fetched. For multiprocessing data-loading, this could be caused by not properly configuring the IterableDataset replica at each worker. Please see https://pytorch.org/docs/stable/data.html#torch.utils.data.IterableDataset for examples.
  batch = next(self.dataloaders[index_id])
/disk/rl/psm_wma/cosmos-framework/cosmos_framework/data/generator/joint_dataloader.py:831: UserWarning: Length of IterableDataset <cosmos_framework.data.generator.action.datasets.action_sft_dataset.ActionIterableShuffleDataset object at 0x7f4d88cfde50> was reported to be 127(when accessing len(dataloader)), but 335 samples have been fetched. For multiprocessing data-loading, this could be caused by not properly configuring the IterableDataset replica at each worker. Please see https://pytorch.org/docs/stable/data.html#torch.utils.data.IterableDataset for examples.
  batch = next(self.dataloaders[index_id])
/disk/rl/psm_wma/cosmos-framework/cosmos_framework/data/generator/joint_dataloader.py:831: UserWarning: Length of IterableDataset <cosmos_framework.data.generator.action.datasets.action_sft_dataset.ActionIterableShuffleDataset object at 0x7f4d88cfde50> was reported to be 127(when accessing len(dataloader)), but 336 samples have been fetched. For multiprocessing data-loading, this could be caused by not properly configuring the IterableDataset replica at each worker. Please see https://pytorch.org/docs/stable/data.html#torch.utils.data.IterableDataset for examples.
  batch = next(self.dataloaders[index_id])
/disk/rl/psm_wma/cosmos-framework/cosmos_framework/data/generator/joint_dataloader.py:831: UserWarning: Length of IterableDataset <cosmos_framework.data.generator.action.datasets.action_sft_dataset.ActionIterableShuffleDataset object at 0x7f4d88cfde50> was reported to be 127(when accessing len(dataloader)), but 337 samples have been fetched. For multiprocessing data-loading, this could be caused by not properly configuring the IterableDataset replica at each worker. Please see https://pytorch.org/docs/stable/data.html#torch.utils.data.IterableDataset for examples.
  batch = next(self.dataloaders[index_id])
/disk/rl/psm_wma/cosmos-framework/cosmos_framework/data/generator/joint_dataloader.py:831: UserWarning: Length of IterableDataset <cosmos_framework.data.generator.action.datasets.action_sft_dataset.ActionIterableShuffleDataset object at 0x7f4d88cfde50> was reported to be 127(when accessing len(dataloader)), but 338 samples have been fetched. For multiprocessing data-loading, this could be caused by not properly configuring the IterableDataset replica at each worker. Please see https://pytorch.org/docs/stable/data.html#torch.utils.data.IterableDataset for examples.
  batch = next(self.dataloaders[index_id])
/disk/rl/psm_wma/cosmos-framework/cosmos_framework/data/generator/joint_dataloader.py:831: UserWarning: Length of IterableDataset <cosmos_framework.data.generator.action.datasets.action_sft_dataset.ActionIterableShuffleDataset object at 0x7f4d88cfde50> was reported to be 127(when accessing len(dataloader)), but 339 samples have been fetched. For multiprocessing data-loading, this could be caused by not properly configuring the IterableDataset replica at each worker. Please see https://pytorch.org/docs/stable/data.html#torch.utils.data.IterableDataset for examples.
  batch = next(self.dataloaders[index_id])
/disk/rl/psm_wma/cosmos-framework/cosmos_framework/data/generator/joint_dataloader.py:831: UserWarning: Length of IterableDataset <cosmos_framework.data.generator.action.datasets.action_sft_dataset.ActionIterableShuffleDataset object at 0x7f4d88cfde50> was reported to be 127(when accessing len(dataloader)), but 340 samples have been fetched. For multiprocessing data-loading, this could be caused by not properly configuring the IterableDataset replica at each worker. Please see https://pytorch.org/docs/stable/data.html#torch.utils.data.IterableDataset for examples.
  batch = next(self.dataloaders[index_id])
/disk/rl/psm_wma/cosmos-framework/cosmos_framework/data/generator/joint_dataloader.py:831: UserWarning: Length of IterableDataset <cosmos_framework.data.generator.action.datasets.action_sft_dataset.ActionIterableShuffleDataset object at 0x7f4d88cfde50> was reported to be 127(when accessing len(dataloader)), but 341 samples have been fetched. For multiprocessing data-loading, this could be caused by not properly configuring the IterableDataset replica at each worker. Please see https://pytorch.org/docs/stable/data.html#torch.utils.data.IterableDataset for examples.
  batch = next(self.dataloaders[index_id])
/disk/rl/psm_wma/cosmos-framework/cosmos_framework/data/generator/joint_dataloader.py:831: UserWarning: Length of IterableDataset <cosmos_framework.data.generator.action.datasets.action_sft_dataset.ActionIterableShuffleDataset object at 0x7f4d88cfde50> was reported to be 127(when accessing len(dataloader)), but 342 samples have been fetched. For multiprocessing data-loading, this could be caused by not properly configuring the IterableDataset replica at each worker. Please see https://pytorch.org/docs/stable/data.html#torch.utils.data.IterableDataset for examples.
  batch = next(self.dataloaders[index_id])
/disk/rl/psm_wma/cosmos-framework/cosmos_framework/data/generator/joint_dataloader.py:831: UserWarning: Length of IterableDataset <cosmos_framework.data.generator.action.datasets.action_sft_dataset.ActionIterableShuffleDataset object at 0x7f4d88cfde50> was reported to be 127(when accessing len(dataloader)), but 343 samples have been fetched. For multiprocessing data-loading, this could be caused by not properly configuring the IterableDataset replica at each worker. Please see https://pytorch.org/docs/stable/data.html#torch.utils.data.IterableDataset for examples.
  batch = next(self.dataloaders[index_id])
/disk/rl/psm_wma/cosmos-framework/cosmos_framework/data/generator/joint_dataloader.py:831: UserWarning: Length of IterableDataset <cosmos_framework.data.generator.action.datasets.action_sft_dataset.ActionIterableShuffleDataset object at 0x7f4d88cfde50> was reported to be 127(when accessing len(dataloader)), but 344 samples have been fetched. For multiprocessing data-loading, this could be caused by not properly configuring the IterableDataset replica at each worker. Please see https://pytorch.org/docs/stable/data.html#torch.utils.data.IterableDataset for examples.
  batch = next(self.dataloaders[index_id])
/disk/rl/psm_wma/cosmos-framework/cosmos_framework/data/generator/joint_dataloader.py:831: UserWarning: Length of IterableDataset <cosmos_framework.data.generator.action.datasets.action_sft_dataset.ActionIterableShuffleDataset object at 0x7f4d88cfde50> was reported to be 127(when accessing len(dataloader)), but 345 samples have been fetched. For multiprocessing data-loading, this could be caused by not properly configuring the IterableDataset replica at each worker. Please see https://pytorch.org/docs/stable/data.html#torch.utils.data.IterableDataset for examples.
  batch = next(self.dataloaders[index_id])
/disk/rl/psm_wma/cosmos-framework/cosmos_framework/data/generator/joint_dataloader.py:831: UserWarning: Length of IterableDataset <cosmos_framework.data.generator.action.datasets.action_sft_dataset.ActionIterableShuffleDataset object at 0x7f4d88cfde50> was reported to be 127(when accessing len(dataloader)), but 346 samples have been fetched. For multiprocessing data-loading, this could be caused by not properly configuring the IterableDataset replica at each worker. Please see https://pytorch.org/docs/stable/data.html#torch.utils.data.IterableDataset for examples.
  batch = next(self.dataloaders[index_id])
/disk/rl/psm_wma/cosmos-framework/cosmos_framework/data/generator/joint_dataloader.py:831: UserWarning: Length of IterableDataset <cosmos_framework.data.generator.action.datasets.action_sft_dataset.ActionIterableShuffleDataset object at 0x7f4d88cfde50> was reported to be 127(when accessing len(dataloader)), but 347 samples have been fetched. For multiprocessing data-loading, this could be caused by not properly configuring the IterableDataset replica at each worker. Please see https://pytorch.org/docs/stable/data.html#torch.utils.data.IterableDataset for examples.
  batch = next(self.dataloaders[index_id])
/disk/rl/psm_wma/cosmos-framework/cosmos_framework/data/generator/joint_dataloader.py:831: UserWarning: Length of IterableDataset <cosmos_framework.data.generator.action.datasets.action_sft_dataset.ActionIterableShuffleDataset object at 0x7f4d88cfde50> was reported to be 127(when accessing len(dataloader)), but 348 samples have been fetched. For multiprocessing data-loading, this could be caused by not properly configuring the IterableDataset replica at each worker. Please see https://pytorch.org/docs/stable/data.html#torch.utils.data.IterableDataset for examples.
  batch = next(self.dataloaders[index_id])
/disk/rl/psm_wma/cosmos-framework/cosmos_framework/data/generator/joint_dataloader.py:831: UserWarning: Length of IterableDataset <cosmos_framework.data.generator.action.datasets.action_sft_dataset.ActionIterableShuffleDataset object at 0x7f4d88cfde50> was reported to be 127(when accessing len(dataloader)), but 349 samples have been fetched. For multiprocessing data-loading, this could be caused by not properly configuring the IterableDataset replica at each worker. Please see https://pytorch.org/docs/stable/data.html#torch.utils.data.IterableDataset for examples.
  batch = next(self.dataloaders[index_id])
/disk/rl/psm_wma/cosmos-framework/cosmos_framework/data/generator/joint_dataloader.py:831: UserWarning: Length of IterableDataset <cosmos_framework.data.generator.action.datasets.action_sft_dataset.ActionIterableShuffleDataset object at 0x7f4d88cfde50> was reported to be 127(when accessing len(dataloader)), but 350 samples have been fetched. For multiprocessing data-loading, this could be caused by not properly configuring the IterableDataset replica at each worker. Please see https://pytorch.org/docs/stable/data.html#torch.utils.data.IterableDataset for examples.
  batch = next(self.dataloaders[index_id])
/disk/rl/psm_wma/cosmos-framework/cosmos_framework/data/generator/joint_dataloader.py:831: UserWarning: Length of IterableDataset <cosmos_framework.data.generator.action.datasets.action_sft_dataset.ActionIterableShuffleDataset object at 0x7f4d88cfde50> was reported to be 127(when accessing len(dataloader)), but 351 samples have been fetched. For multiprocessing data-loading, this could be caused by not properly configuring the IterableDataset replica at each worker. Please see https://pytorch.org/docs/stable/data.html#torch.utils.data.IterableDataset for examples.
  batch = next(self.dataloaders[index_id])
/disk/rl/psm_wma/cosmos-framework/cosmos_framework/data/generator/joint_dataloader.py:831: UserWarning: Length of IterableDataset <cosmos_framework.data.generator.action.datasets.action_sft_dataset.ActionIterableShuffleDataset object at 0x7f4d88cfde50> was reported to be 127(when accessing len(dataloader)), but 352 samples have been fetched. For multiprocessing data-loading, this could be caused by not properly configuring the IterableDataset replica at each worker. Please see https://pytorch.org/docs/stable/data.html#torch.utils.data.IterableDataset for examples.
  batch = next(self.dataloaders[index_id])
/disk/rl/psm_wma/cosmos-framework/cosmos_framework/data/generator/joint_dataloader.py:831: UserWarning: Length of IterableDataset <cosmos_framework.data.generator.action.datasets.action_sft_dataset.ActionIterableShuffleDataset object at 0x7f4d88cfde50> was reported to be 127(when accessing len(dataloader)), but 353 samples have been fetched. For multiprocessing data-loading, this could be caused by not properly configuring the IterableDataset replica at each worker. Please see https://pytorch.org/docs/stable/data.html#torch.utils.data.IterableDataset for examples.
  batch = next(self.dataloaders[index_id])
/disk/rl/psm_wma/cosmos-framework/cosmos_framework/data/generator/joint_dataloader.py:831: UserWarning: Length of IterableDataset <cosmos_framework.data.generator.action.datasets.action_sft_dataset.ActionIterableShuffleDataset object at 0x7f4d88cfde50> was reported to be 127(when accessing len(dataloader)), but 354 samples have been fetched. For multiprocessing data-loading, this could be caused by not properly configuring the IterableDataset replica at each worker. Please see https://pytorch.org/docs/stable/data.html#torch.utils.data.IterableDataset for examples.
  batch = next(self.dataloaders[index_id])
/disk/rl/psm_wma/cosmos-framework/cosmos_framework/data/generator/joint_dataloader.py:831: UserWarning: Length of IterableDataset <cosmos_framework.data.generator.action.datasets.action_sft_dataset.ActionIterableShuffleDataset object at 0x7f4d88cfde50> was reported to be 127(when accessing len(dataloader)), but 355 samples have been fetched. For multiprocessing data-loading, this could be caused by not properly configuring the IterableDataset replica at each worker. Please see https://pytorch.org/docs/stable/data.html#torch.utils.data.IterableDataset for examples.
  batch = next(self.dataloaders[index_id])
/disk/rl/psm_wma/cosmos-framework/cosmos_framework/data/generator/joint_dataloader.py:831: UserWarning: Length of IterableDataset <cosmos_framework.data.generator.action.datasets.action_sft_dataset.ActionIterableShuffleDataset object at 0x7f4d88cfde50> was reported to be 127(when accessing len(dataloader)), but 356 samples have been fetched. For multiprocessing data-loading, this could be caused by not properly configuring the IterableDataset replica at each worker. Please see https://pytorch.org/docs/stable/data.html#torch.utils.data.IterableDataset for examples.
  batch = next(self.dataloaders[index_id])
/disk/rl/psm_wma/cosmos-framework/cosmos_framework/data/generator/joint_dataloader.py:831: UserWarning: Length of IterableDataset <cosmos_framework.data.generator.action.datasets.action_sft_dataset.ActionIterableShuffleDataset object at 0x7f4d88cfde50> was reported to be 127(when accessing len(dataloader)), but 357 samples have been fetched. For multiprocessing data-loading, this could be caused by not properly configuring the IterableDataset replica at each worker. Please see https://pytorch.org/docs/stable/data.html#torch.utils.data.IterableDataset for examples.
  batch = next(self.dataloaders[index_id])
/disk/rl/psm_wma/cosmos-framework/cosmos_framework/data/generator/joint_dataloader.py:831: UserWarning: Length of IterableDataset <cosmos_framework.data.generator.action.datasets.action_sft_dataset.ActionIterableShuffleDataset object at 0x7f4d88cfde50> was reported to be 127(when accessing len(dataloader)), but 358 samples have been fetched. For multiprocessing data-loading, this could be caused by not properly configuring the IterableDataset replica at each worker. Please see https://pytorch.org/docs/stable/data.html#torch.utils.data.IterableDataset for examples.
  batch = next(self.dataloaders[index_id])
/disk/rl/psm_wma/cosmos-framework/cosmos_framework/data/generator/joint_dataloader.py:831: UserWarning: Length of IterableDataset <cosmos_framework.data.generator.action.datasets.action_sft_dataset.ActionIterableShuffleDataset object at 0x7f4d88cfde50> was reported to be 127(when accessing len(dataloader)), but 359 samples have been fetched. For multiprocessing data-loading, this could be caused by not properly configuring the IterableDataset replica at each worker. Please see https://pytorch.org/docs/stable/data.html#torch.utils.data.IterableDataset for examples.
  batch = next(self.dataloaders[index_id])
/disk/rl/psm_wma/cosmos-framework/cosmos_framework/data/generator/joint_dataloader.py:831: UserWarning: Length of IterableDataset <cosmos_framework.data.generator.action.datasets.action_sft_dataset.ActionIterableShuffleDataset object at 0x7f4d88cfde50> was reported to be 127(when accessing len(dataloader)), but 360 samples have been fetched. For multiprocessing data-loading, this could be caused by not properly configuring the IterableDataset replica at each worker. Please see https://pytorch.org/docs/stable/data.html#torch.utils.data.IterableDataset for examples.
  batch = next(self.dataloaders[index_id])
/disk/rl/psm_wma/cosmos-framework/cosmos_framework/data/generator/joint_dataloader.py:831: UserWarning: Length of IterableDataset <cosmos_framework.data.generator.action.datasets.action_sft_dataset.ActionIterableShuffleDataset object at 0x7f4d88cfde50> was reported to be 127(when accessing len(dataloader)), but 361 samples have been fetched. For multiprocessing data-loading, this could be caused by not properly configuring the IterableDataset replica at each worker. Please see https://pytorch.org/docs/stable/data.html#torch.utils.data.IterableDataset for examples.
  batch = next(self.dataloaders[index_id])
/disk/rl/psm_wma/cosmos-framework/cosmos_framework/data/generator/joint_dataloader.py:831: UserWarning: Length of IterableDataset <cosmos_framework.data.generator.action.datasets.action_sft_dataset.ActionIterableShuffleDataset object at 0x7f4d88cfde50> was reported to be 127(when accessing len(dataloader)), but 362 samples have been fetched. For multiprocessing data-loading, this could be caused by not properly configuring the IterableDataset replica at each worker. Please see https://pytorch.org/docs/stable/data.html#torch.utils.data.IterableDataset for examples.
  batch = next(self.dataloaders[index_id])
/disk/rl/psm_wma/cosmos-framework/cosmos_framework/data/generator/joint_dataloader.py:831: UserWarning: Length of IterableDataset <cosmos_framework.data.generator.action.datasets.action_sft_dataset.ActionIterableShuffleDataset object at 0x7f4d88cfde50> was reported to be 127(when accessing len(dataloader)), but 363 samples have been fetched. For multiprocessing data-loading, this could be caused by not properly configuring the IterableDataset replica at each worker. Please see https://pytorch.org/docs/stable/data.html#torch.utils.data.IterableDataset for examples.
  batch = next(self.dataloaders[index_id])
/disk/rl/psm_wma/cosmos-framework/cosmos_framework/data/generator/joint_dataloader.py:831: UserWarning: Length of IterableDataset <cosmos_framework.data.generator.action.datasets.action_sft_dataset.ActionIterableShuffleDataset object at 0x7f4d88cfde50> was reported to be 127(when accessing len(dataloader)), but 364 samples have been fetched. For multiprocessing data-loading, this could be caused by not properly configuring the IterableDataset replica at each worker. Please see https://pytorch.org/docs/stable/data.html#torch.utils.data.IterableDataset for examples.
  batch = next(self.dataloaders[index_id])
/disk/rl/psm_wma/cosmos-framework/cosmos_framework/data/generator/joint_dataloader.py:831: UserWarning: Length of IterableDataset <cosmos_framework.data.generator.action.datasets.action_sft_dataset.ActionIterableShuffleDataset object at 0x7f4d88cfde50> was reported to be 127(when accessing len(dataloader)), but 365 samples have been fetched. For multiprocessing data-loading, this could be caused by not properly configuring the IterableDataset replica at each worker. Please see https://pytorch.org/docs/stable/data.html#torch.utils.data.IterableDataset for examples.
  batch = next(self.dataloaders[index_id])
/disk/rl/psm_wma/cosmos-framework/cosmos_framework/data/generator/joint_dataloader.py:831: UserWarning: Length of IterableDataset <cosmos_framework.data.generator.action.datasets.action_sft_dataset.ActionIterableShuffleDataset object at 0x7f4d88cfde50> was reported to be 127(when accessing len(dataloader)), but 366 samples have been fetched. For multiprocessing data-loading, this could be caused by not properly configuring the IterableDataset replica at each worker. Please see https://pytorch.org/docs/stable/data.html#torch.utils.data.IterableDataset for examples.
  batch = next(self.dataloaders[index_id])
/disk/rl/psm_wma/cosmos-framework/cosmos_framework/data/generator/joint_dataloader.py:831: UserWarning: Length of IterableDataset <cosmos_framework.data.generator.action.datasets.action_sft_dataset.ActionIterableShuffleDataset object at 0x7f4d88cfde50> was reported to be 127(when accessing len(dataloader)), but 367 samples have been fetched. For multiprocessing data-loading, this could be caused by not properly configuring the IterableDataset replica at each worker. Please see https://pytorch.org/docs/stable/data.html#torch.utils.data.IterableDataset for examples.
  batch = next(self.dataloaders[index_id])
/disk/rl/psm_wma/cosmos-framework/cosmos_framework/data/generator/joint_dataloader.py:831: UserWarning: Length of IterableDataset <cosmos_framework.data.generator.action.datasets.action_sft_dataset.ActionIterableShuffleDataset object at 0x7f4d88cfde50> was reported to be 127(when accessing len(dataloader)), but 368 samples have been fetched. For multiprocessing data-loading, this could be caused by not properly configuring the IterableDataset replica at each worker. Please see https://pytorch.org/docs/stable/data.html#torch.utils.data.IterableDataset for examples.
  batch = next(self.dataloaders[index_id])
/disk/rl/psm_wma/cosmos-framework/cosmos_framework/data/generator/joint_dataloader.py:831: UserWarning: Length of IterableDataset <cosmos_framework.data.generator.action.datasets.action_sft_dataset.ActionIterableShuffleDataset object at 0x7f4d88cfde50> was reported to be 127(when accessing len(dataloader)), but 369 samples have been fetched. For multiprocessing data-loading, this could be caused by not properly configuring the IterableDataset replica at each worker. Please see https://pytorch.org/docs/stable/data.html#torch.utils.data.IterableDataset for examples.
  batch = next(self.dataloaders[index_id])
/disk/rl/psm_wma/cosmos-framework/cosmos_framework/data/generator/joint_dataloader.py:831: UserWarning: Length of IterableDataset <cosmos_framework.data.generator.action.datasets.action_sft_dataset.ActionIterableShuffleDataset object at 0x7f4d88cfde50> was reported to be 127(when accessing len(dataloader)), but 370 samples have been fetched. For multiprocessing data-loading, this could be caused by not properly configuring the IterableDataset replica at each worker. Please see https://pytorch.org/docs/stable/data.html#torch.utils.data.IterableDataset for examples.
  batch = next(self.dataloaders[index_id])
/disk/rl/psm_wma/cosmos-framework/cosmos_framework/data/generator/joint_dataloader.py:831: UserWarning: Length of IterableDataset <cosmos_framework.data.generator.action.datasets.action_sft_dataset.ActionIterableShuffleDataset object at 0x7f4d88cfde50> was reported to be 127(when accessing len(dataloader)), but 371 samples have been fetched. For multiprocessing data-loading, this could be caused by not properly configuring the IterableDataset replica at each worker. Please see https://pytorch.org/docs/stable/data.html#torch.utils.data.IterableDataset for examples.
  batch = next(self.dataloaders[index_id])
/disk/rl/psm_wma/cosmos-framework/cosmos_framework/data/generator/joint_dataloader.py:831: UserWarning: Length of IterableDataset <cosmos_framework.data.generator.action.datasets.action_sft_dataset.ActionIterableShuffleDataset object at 0x7f4d88cfde50> was reported to be 127(when accessing len(dataloader)), but 372 samples have been fetched. For multiprocessing data-loading, this could be caused by not properly configuring the IterableDataset replica at each worker. Please see https://pytorch.org/docs/stable/data.html#torch.utils.data.IterableDataset for examples.
  batch = next(self.dataloaders[index_id])
/disk/rl/psm_wma/cosmos-framework/cosmos_framework/data/generator/joint_dataloader.py:831: UserWarning: Length of IterableDataset <cosmos_framework.data.generator.action.datasets.action_sft_dataset.ActionIterableShuffleDataset object at 0x7f4d88cfde50> was reported to be 127(when accessing len(dataloader)), but 373 samples have been fetched. For multiprocessing data-loading, this could be caused by not properly configuring the IterableDataset replica at each worker. Please see https://pytorch.org/docs/stable/data.html#torch.utils.data.IterableDataset for examples.
  batch = next(self.dataloaders[index_id])
/disk/rl/psm_wma/cosmos-framework/cosmos_framework/data/generator/joint_dataloader.py:831: UserWarning: Length of IterableDataset <cosmos_framework.data.generator.action.datasets.action_sft_dataset.ActionIterableShuffleDataset object at 0x7f4d88cfde50> was reported to be 127(when accessing len(dataloader)), but 374 samples have been fetched. For multiprocessing data-loading, this could be caused by not properly configuring the IterableDataset replica at each worker. Please see https://pytorch.org/docs/stable/data.html#torch.utils.data.IterableDataset for examples.
  batch = next(self.dataloaders[index_id])
/disk/rl/psm_wma/cosmos-framework/cosmos_framework/data/generator/joint_dataloader.py:831: UserWarning: Length of IterableDataset <cosmos_framework.data.generator.action.datasets.action_sft_dataset.ActionIterableShuffleDataset object at 0x7f4d88cfde50> was reported to be 127(when accessing len(dataloader)), but 375 samples have been fetched. For multiprocessing data-loading, this could be caused by not properly configuring the IterableDataset replica at each worker. Please see https://pytorch.org/docs/stable/data.html#torch.utils.data.IterableDataset for examples.
  batch = next(self.dataloaders[index_id])
/disk/rl/psm_wma/cosmos-framework/cosmos_framework/data/generator/joint_dataloader.py:831: UserWarning: Length of IterableDataset <cosmos_framework.data.generator.action.datasets.action_sft_dataset.ActionIterableShuffleDataset object at 0x7f4d88cfde50> was reported to be 127(when accessing len(dataloader)), but 376 samples have been fetched. For multiprocessing data-loading, this could be caused by not properly configuring the IterableDataset replica at each worker. Please see https://pytorch.org/docs/stable/data.html#torch.utils.data.IterableDataset for examples.
  batch = next(self.dataloaders[index_id])
/disk/rl/psm_wma/cosmos-framework/cosmos_framework/data/generator/joint_dataloader.py:831: UserWarning: Length of IterableDataset <cosmos_framework.data.generator.action.datasets.action_sft_dataset.ActionIterableShuffleDataset object at 0x7f4d88cfde50> was reported to be 127(when accessing len(dataloader)), but 377 samples have been fetched. For multiprocessing data-loading, this could be caused by not properly configuring the IterableDataset replica at each worker. Please see https://pytorch.org/docs/stable/data.html#torch.utils.data.IterableDataset for examples.
  batch = next(self.dataloaders[index_id])
/disk/rl/psm_wma/cosmos-framework/cosmos_framework/data/generator/joint_dataloader.py:831: UserWarning: Length of IterableDataset <cosmos_framework.data.generator.action.datasets.action_sft_dataset.ActionIterableShuffleDataset object at 0x7f4d88cfde50> was reported to be 127(when accessing len(dataloader)), but 378 samples have been fetched. For multiprocessing data-loading, this could be caused by not properly configuring the IterableDataset replica at each worker. Please see https://pytorch.org/docs/stable/data.html#torch.utils.data.IterableDataset for examples.
  batch = next(self.dataloaders[index_id])
/disk/rl/psm_wma/cosmos-framework/cosmos_framework/data/generator/joint_dataloader.py:831: UserWarning: Length of IterableDataset <cosmos_framework.data.generator.action.datasets.action_sft_dataset.ActionIterableShuffleDataset object at 0x7f4d88cfde50> was reported to be 127(when accessing len(dataloader)), but 379 samples have been fetched. For multiprocessing data-loading, this could be caused by not properly configuring the IterableDataset replica at each worker. Please see https://pytorch.org/docs/stable/data.html#torch.utils.data.IterableDataset for examples.
  batch = next(self.dataloaders[index_id])
/disk/rl/psm_wma/cosmos-framework/cosmos_framework/data/generator/joint_dataloader.py:831: UserWarning: Length of IterableDataset <cosmos_framework.data.generator.action.datasets.action_sft_dataset.ActionIterableShuffleDataset object at 0x7f4d88cfde50> was reported to be 127(when accessing len(dataloader)), but 380 samples have been fetched. For multiprocessing data-loading, this could be caused by not properly configuring the IterableDataset replica at each worker. Please see https://pytorch.org/docs/stable/data.html#torch.utils.data.IterableDataset for examples.
  batch = next(self.dataloaders[index_id])
/disk/rl/psm_wma/cosmos-framework/cosmos_framework/data/generator/joint_dataloader.py:831: UserWarning: Length of IterableDataset <cosmos_framework.data.generator.action.datasets.action_sft_dataset.ActionIterableShuffleDataset object at 0x7f4d88cfde50> was reported to be 127(when accessing len(dataloader)), but 381 samples have been fetched. For multiprocessing data-loading, this could be caused by not properly configuring the IterableDataset replica at each worker. Please see https://pytorch.org/docs/stable/data.html#torch.utils.data.IterableDataset for examples.
  batch = next(self.dataloaders[index_id])
/disk/rl/psm_wma/cosmos-framework/cosmos_framework/data/generator/joint_dataloader.py:831: UserWarning: Length of IterableDataset <cosmos_framework.data.generator.action.datasets.action_sft_dataset.ActionIterableShuffleDataset object at 0x7f4d88cfde50> was reported to be 127(when accessing len(dataloader)), but 382 samples have been fetched. For multiprocessing data-loading, this could be caused by not properly configuring the IterableDataset replica at each worker. Please see https://pytorch.org/docs/stable/data.html#torch.utils.data.IterableDataset for examples.
  batch = next(self.dataloaders[index_id])
/disk/rl/psm_wma/cosmos-framework/cosmos_framework/data/generator/joint_dataloader.py:831: UserWarning: Length of IterableDataset <cosmos_framework.data.generator.action.datasets.action_sft_dataset.ActionIterableShuffleDataset object at 0x7f4d88cfde50> was reported to be 127(when accessing len(dataloader)), but 383 samples have been fetched. For multiprocessing data-loading, this could be caused by not properly configuring the IterableDataset replica at each worker. Please see https://pytorch.org/docs/stable/data.html#torch.utils.data.IterableDataset for examples.
  batch = next(self.dataloaders[index_id])
/disk/rl/psm_wma/cosmos-framework/cosmos_framework/data/generator/joint_dataloader.py:831: UserWarning: Length of IterableDataset <cosmos_framework.data.generator.action.datasets.action_sft_dataset.ActionIterableShuffleDataset object at 0x7f4d88cfde50> was reported to be 127(when accessing len(dataloader)), but 384 samples have been fetched. For multiprocessing data-loading, this could be caused by not properly configuring the IterableDataset replica at each worker. Please see https://pytorch.org/docs/stable/data.html#torch.utils.data.IterableDataset for examples.
  batch = next(self.dataloaders[index_id])
/disk/rl/psm_wma/cosmos-framework/cosmos_framework/data/generator/joint_dataloader.py:831: UserWarning: Length of IterableDataset <cosmos_framework.data.generator.action.datasets.action_sft_dataset.ActionIterableShuffleDataset object at 0x7f4d88cfee90> was reported to be 96(when accessing len(dataloader)), but 257 samples have been fetched. For multiprocessing data-loading, this could be caused by not properly configuring the IterableDataset replica at each worker. Please see https://pytorch.org/docs/stable/data.html#torch.utils.data.IterableDataset for examples.
  batch = next(self.dataloaders[index_id])
/disk/rl/psm_wma/cosmos-framework/cosmos_framework/data/generator/joint_dataloader.py:831: UserWarning: Length of IterableDataset <cosmos_framework.data.generator.action.datasets.action_sft_dataset.ActionIterableShuffleDataset object at 0x7f4d88cfee90> was reported to be 96(when accessing len(dataloader)), but 258 samples have been fetched. For multiprocessing data-loading, this could be caused by not properly configuring the IterableDataset replica at each worker. Please see https://pytorch.org/docs/stable/data.html#torch.utils.data.IterableDataset for examples.
  batch = next(self.dataloaders[index_id])
/disk/rl/psm_wma/cosmos-framework/cosmos_framework/data/generator/joint_dataloader.py:831: UserWarning: Length of IterableDataset <cosmos_framework.data.generator.action.datasets.action_sft_dataset.ActionIterableShuffleDataset object at 0x7f4d88cfee90> was reported to be 96(when accessing len(dataloader)), but 259 samples have been fetched. For multiprocessing data-loading, this could be caused by not properly configuring the IterableDataset replica at each worker. Please see https://pytorch.org/docs/stable/data.html#torch.utils.data.IterableDataset for examples.
  batch = next(self.dataloaders[index_id])
/disk/rl/psm_wma/cosmos-framework/cosmos_framework/data/generator/joint_dataloader.py:831: UserWarning: Length of IterableDataset <cosmos_framework.data.generator.action.datasets.action_sft_dataset.ActionIterableShuffleDataset object at 0x7f4d88cfee90> was reported to be 96(when accessing len(dataloader)), but 260 samples have been fetched. For multiprocessing data-loading, this could be caused by not properly configuring the IterableDataset replica at each worker. Please see https://pytorch.org/docs/stable/data.html#torch.utils.data.IterableDataset for examples.
  batch = next(self.dataloaders[index_id])
/disk/rl/psm_wma/cosmos-framework/cosmos_framework/data/generator/joint_dataloader.py:831: UserWarning: Length of IterableDataset <cosmos_framework.data.generator.action.datasets.action_sft_dataset.ActionIterableShuffleDataset object at 0x7f4d88cfee90> was reported to be 96(when accessing len(dataloader)), but 261 samples have been fetched. For multiprocessing data-loading, this could be caused by not properly configuring the IterableDataset replica at each worker. Please see https://pytorch.org/docs/stable/data.html#torch.utils.data.IterableDataset for examples.
  batch = next(self.dataloaders[index_id])
/disk/rl/psm_wma/cosmos-framework/cosmos_framework/data/generator/joint_dataloader.py:831: UserWarning: Length of IterableDataset <cosmos_framework.data.generator.action.datasets.action_sft_dataset.ActionIterableShuffleDataset object at 0x7f4d88cfee90> was reported to be 96(when accessing len(dataloader)), but 262 samples have been fetched. For multiprocessing data-loading, this could be caused by not properly configuring the IterableDataset replica at each worker. Please see https://pytorch.org/docs/stable/data.html#torch.utils.data.IterableDataset for examples.
  batch = next(self.dataloaders[index_id])
/disk/rl/psm_wma/cosmos-framework/cosmos_framework/data/generator/joint_dataloader.py:831: UserWarning: Length of IterableDataset <cosmos_framework.data.generator.action.datasets.action_sft_dataset.ActionIterableShuffleDataset object at 0x7f4d88cfee90> was reported to be 96(when accessing len(dataloader)), but 263 samples have been fetched. For multiprocessing data-loading, this could be caused by not properly configuring the IterableDataset replica at each worker. Please see https://pytorch.org/docs/stable/data.html#torch.utils.data.IterableDataset for examples.
  batch = next(self.dataloaders[index_id])
/disk/rl/psm_wma/cosmos-framework/cosmos_framework/data/generator/joint_dataloader.py:831: UserWarning: Length of IterableDataset <cosmos_framework.data.generator.action.datasets.action_sft_dataset.ActionIterableShuffleDataset object at 0x7f4d88cfee90> was reported to be 96(when accessing len(dataloader)), but 264 samples have been fetched. For multiprocessing data-loading, this could be caused by not properly configuring the IterableDataset replica at each worker. Please see https://pytorch.org/docs/stable/data.html#torch.utils.data.IterableDataset for examples.
  batch = next(self.dataloaders[index_id])
/disk/rl/psm_wma/cosmos-framework/cosmos_framework/data/generator/joint_dataloader.py:831: UserWarning: Length of IterableDataset <cosmos_framework.data.generator.action.datasets.action_sft_dataset.ActionIterableShuffleDataset object at 0x7f4d88cfee90> was reported to be 96(when accessing len(dataloader)), but 265 samples have been fetched. For multiprocessing data-loading, this could be caused by not properly configuring the IterableDataset replica at each worker. Please see https://pytorch.org/docs/stable/data.html#torch.utils.data.IterableDataset for examples.
  batch = next(self.dataloaders[index_id])
/disk/rl/psm_wma/cosmos-framework/cosmos_framework/data/generator/joint_dataloader.py:831: UserWarning: Length of IterableDataset <cosmos_framework.data.generator.action.datasets.action_sft_dataset.ActionIterableShuffleDataset object at 0x7f4d88cfee90> was reported to be 96(when accessing len(dataloader)), but 266 samples have been fetched. For multiprocessing data-loading, this could be caused by not properly configuring the IterableDataset replica at each worker. Please see https://pytorch.org/docs/stable/data.html#torch.utils.data.IterableDataset for examples.
  batch = next(self.dataloaders[index_id])
/disk/rl/psm_wma/cosmos-framework/cosmos_framework/data/generator/joint_dataloader.py:831: UserWarning: Length of IterableDataset <cosmos_framework.data.generator.action.datasets.action_sft_dataset.ActionIterableShuffleDataset object at 0x7f4d88cfee90> was reported to be 96(when accessing len(dataloader)), but 267 samples have been fetched. For multiprocessing data-loading, this could be caused by not properly configuring the IterableDataset replica at each worker. Please see https://pytorch.org/docs/stable/data.html#torch.utils.data.IterableDataset for examples.
  batch = next(self.dataloaders[index_id])
/disk/rl/psm_wma/cosmos-framework/cosmos_framework/data/generator/joint_dataloader.py:831: UserWarning: Length of IterableDataset <cosmos_framework.data.generator.action.datasets.action_sft_dataset.ActionIterableShuffleDataset object at 0x7f4d88cfee90> was reported to be 96(when accessing len(dataloader)), but 268 samples have been fetched. For multiprocessing data-loading, this could be caused by not properly configuring the IterableDataset replica at each worker. Please see https://pytorch.org/docs/stable/data.html#torch.utils.data.IterableDataset for examples.
  batch = next(self.dataloaders[index_id])
/disk/rl/psm_wma/cosmos-framework/cosmos_framework/data/generator/joint_dataloader.py:831: UserWarning: Length of IterableDataset <cosmos_framework.data.generator.action.datasets.action_sft_dataset.ActionIterableShuffleDataset object at 0x7f4d88cfee90> was reported to be 96(when accessing len(dataloader)), but 269 samples have been fetched. For multiprocessing data-loading, this could be caused by not properly configuring the IterableDataset replica at each worker. Please see https://pytorch.org/docs/stable/data.html#torch.utils.data.IterableDataset for examples.
  batch = next(self.dataloaders[index_id])
/disk/rl/psm_wma/cosmos-framework/cosmos_framework/data/generator/joint_dataloader.py:831: UserWarning: Length of IterableDataset <cosmos_framework.data.generator.action.datasets.action_sft_dataset.ActionIterableShuffleDataset object at 0x7f4d88cfee90> was reported to be 96(when accessing len(dataloader)), but 270 samples have been fetched. For multiprocessing data-loading, this could be caused by not properly configuring the IterableDataset replica at each worker. Please see https://pytorch.org/docs/stable/data.html#torch.utils.data.IterableDataset for examples.
  batch = next(self.dataloaders[index_id])
/disk/rl/psm_wma/cosmos-framework/cosmos_framework/data/generator/joint_dataloader.py:831: UserWarning: Length of IterableDataset <cosmos_framework.data.generator.action.datasets.action_sft_dataset.ActionIterableShuffleDataset object at 0x7f4d88cfee90> was reported to be 96(when accessing len(dataloader)), but 271 samples have been fetched. For multiprocessing data-loading, this could be caused by not properly configuring the IterableDataset replica at each worker. Please see https://pytorch.org/docs/stable/data.html#torch.utils.data.IterableDataset for examples.
  batch = next(self.dataloaders[index_id])
/disk/rl/psm_wma/cosmos-framework/cosmos_framework/data/generator/joint_dataloader.py:831: UserWarning: Length of IterableDataset <cosmos_framework.data.generator.action.datasets.action_sft_dataset.ActionIterableShuffleDataset object at 0x7f4d88cfee90> was reported to be 96(when accessing len(dataloader)), but 272 samples have been fetched. For multiprocessing data-loading, this could be caused by not properly configuring the IterableDataset replica at each worker. Please see https://pytorch.org/docs/stable/data.html#torch.utils.data.IterableDataset for examples.
  batch = next(self.dataloaders[index_id])
/disk/rl/psm_wma/cosmos-framework/cosmos_framework/data/generator/joint_dataloader.py:831: UserWarning: Length of IterableDataset <cosmos_framework.data.generator.action.datasets.action_sft_dataset.ActionIterableShuffleDataset object at 0x7f4d88cfee90> was reported to be 96(when accessing len(dataloader)), but 273 samples have been fetched. For multiprocessing data-loading, this could be caused by not properly configuring the IterableDataset replica at each worker. Please see https://pytorch.org/docs/stable/data.html#torch.utils.data.IterableDataset for examples.
  batch = next(self.dataloaders[index_id])
/disk/rl/psm_wma/cosmos-framework/cosmos_framework/data/generator/joint_dataloader.py:831: UserWarning: Length of IterableDataset <cosmos_framework.data.generator.action.datasets.action_sft_dataset.ActionIterableShuffleDataset object at 0x7f4d88cfee90> was reported to be 96(when accessing len(dataloader)), but 274 samples have been fetched. For multiprocessing data-loading, this could be caused by not properly configuring the IterableDataset replica at each worker. Please see https://pytorch.org/docs/stable/data.html#torch.utils.data.IterableDataset for examples.
  batch = next(self.dataloaders[index_id])
/disk/rl/psm_wma/cosmos-framework/cosmos_framework/data/generator/joint_dataloader.py:831: UserWarning: Length of IterableDataset <cosmos_framework.data.generator.action.datasets.action_sft_dataset.ActionIterableShuffleDataset object at 0x7f4d88cfee90> was reported to be 96(when accessing len(dataloader)), but 275 samples have been fetched. For multiprocessing data-loading, this could be caused by not properly configuring the IterableDataset replica at each worker. Please see https://pytorch.org/docs/stable/data.html#torch.utils.data.IterableDataset for examples.
  batch = next(self.dataloaders[index_id])
/disk/rl/psm_wma/cosmos-framework/cosmos_framework/data/generator/joint_dataloader.py:831: UserWarning: Length of IterableDataset <cosmos_framework.data.generator.action.datasets.action_sft_dataset.ActionIterableShuffleDataset object at 0x7f4d88cfee90> was reported to be 96(when accessing len(dataloader)), but 276 samples have been fetched. For multiprocessing data-loading, this could be caused by not properly configuring the IterableDataset replica at each worker. Please see https://pytorch.org/docs/stable/data.html#torch.utils.data.IterableDataset for examples.
  batch = next(self.dataloaders[index_id])
/disk/rl/psm_wma/cosmos-framework/cosmos_framework/data/generator/joint_dataloader.py:831: UserWarning: Length of IterableDataset <cosmos_framework.data.generator.action.datasets.action_sft_dataset.ActionIterableShuffleDataset object at 0x7f4d88cfee90> was reported to be 96(when accessing len(dataloader)), but 277 samples have been fetched. For multiprocessing data-loading, this could be caused by not properly configuring the IterableDataset replica at each worker. Please see https://pytorch.org/docs/stable/data.html#torch.utils.data.IterableDataset for examples.
  batch = next(self.dataloaders[index_id])
/disk/rl/psm_wma/cosmos-framework/cosmos_framework/data/generator/joint_dataloader.py:831: UserWarning: Length of IterableDataset <cosmos_framework.data.generator.action.datasets.action_sft_dataset.ActionIterableShuffleDataset object at 0x7f4d88cfee90> was reported to be 96(when accessing len(dataloader)), but 278 samples have been fetched. For multiprocessing data-loading, this could be caused by not properly configuring the IterableDataset replica at each worker. Please see https://pytorch.org/docs/stable/data.html#torch.utils.data.IterableDataset for examples.
  batch = next(self.dataloaders[index_id])
/disk/rl/psm_wma/cosmos-framework/cosmos_framework/data/generator/joint_dataloader.py:831: UserWarning: Length of IterableDataset <cosmos_framework.data.generator.action.datasets.action_sft_dataset.ActionIterableShuffleDataset object at 0x7f4d88cfee90> was reported to be 96(when accessing len(dataloader)), but 279 samples have been fetched. For multiprocessing data-loading, this could be caused by not properly configuring the IterableDataset replica at each worker. Please see https://pytorch.org/docs/stable/data.html#torch.utils.data.IterableDataset for examples.
  batch = next(self.dataloaders[index_id])
/disk/rl/psm_wma/cosmos-framework/cosmos_framework/data/generator/joint_dataloader.py:831: UserWarning: Length of IterableDataset <cosmos_framework.data.generator.action.datasets.action_sft_dataset.ActionIterableShuffleDataset object at 0x7f4d88cfee90> was reported to be 96(when accessing len(dataloader)), but 280 samples have been fetched. For multiprocessing data-loading, this could be caused by not properly configuring the IterableDataset replica at each worker. Please see https://pytorch.org/docs/stable/data.html#torch.utils.data.IterableDataset for examples.
  batch = next(self.dataloaders[index_id])
/disk/rl/psm_wma/cosmos-framework/cosmos_framework/data/generator/joint_dataloader.py:831: UserWarning: Length of IterableDataset <cosmos_framework.data.generator.action.datasets.action_sft_dataset.ActionIterableShuffleDataset object at 0x7f4d88cfee90> was reported to be 96(when accessing len(dataloader)), but 281 samples have been fetched. For multiprocessing data-loading, this could be caused by not properly configuring the IterableDataset replica at each worker. Please see https://pytorch.org/docs/stable/data.html#torch.utils.data.IterableDataset for examples.
  batch = next(self.dataloaders[index_id])
/disk/rl/psm_wma/cosmos-framework/cosmos_framework/data/generator/joint_dataloader.py:831: UserWarning: Length of IterableDataset <cosmos_framework.data.generator.action.datasets.action_sft_dataset.ActionIterableShuffleDataset object at 0x7f4d88cfee90> was reported to be 96(when accessing len(dataloader)), but 282 samples have been fetched. For multiprocessing data-loading, this could be caused by not properly configuring the IterableDataset replica at each worker. Please see https://pytorch.org/docs/stable/data.html#torch.utils.data.IterableDataset for examples.
  batch = next(self.dataloaders[index_id])
/disk/rl/psm_wma/cosmos-framework/cosmos_framework/data/generator/joint_dataloader.py:831: UserWarning: Length of IterableDataset <cosmos_framework.data.generator.action.datasets.action_sft_dataset.ActionIterableShuffleDataset object at 0x7f4d88cfee90> was reported to be 96(when accessing len(dataloader)), but 283 samples have been fetched. For multiprocessing data-loading, this could be caused by not properly configuring the IterableDataset replica at each worker. Please see https://pytorch.org/docs/stable/data.html#torch.utils.data.IterableDataset for examples.
  batch = next(self.dataloaders[index_id])
/disk/rl/psm_wma/cosmos-framework/cosmos_framework/data/generator/joint_dataloader.py:831: UserWarning: Length of IterableDataset <cosmos_framework.data.generator.action.datasets.action_sft_dataset.ActionIterableShuffleDataset object at 0x7f4d88cfee90> was reported to be 96(when accessing len(dataloader)), but 284 samples have been fetched. For multiprocessing data-loading, this could be caused by not properly configuring the IterableDataset replica at each worker. Please see https://pytorch.org/docs/stable/data.html#torch.utils.data.IterableDataset for examples.
  batch = next(self.dataloaders[index_id])
/disk/rl/psm_wma/cosmos-framework/cosmos_framework/data/generator/joint_dataloader.py:831: UserWarning: Length of IterableDataset <cosmos_framework.data.generator.action.datasets.action_sft_dataset.ActionIterableShuffleDataset object at 0x7f4d88cfee90> was reported to be 96(when accessing len(dataloader)), but 285 samples have been fetched. For multiprocessing data-loading, this could be caused by not properly configuring the IterableDataset replica at each worker. Please see https://pytorch.org/docs/stable/data.html#torch.utils.data.IterableDataset for examples.
  batch = next(self.dataloaders[index_id])
/disk/rl/psm_wma/cosmos-framework/cosmos_framework/data/generator/joint_dataloader.py:831: UserWarning: Length of IterableDataset <cosmos_framework.data.generator.action.datasets.action_sft_dataset.ActionIterableShuffleDataset object at 0x7f4d88cfee90> was reported to be 96(when accessing len(dataloader)), but 286 samples have been fetched. For multiprocessing data-loading, this could be caused by not properly configuring the IterableDataset replica at each worker. Please see https://pytorch.org/docs/stable/data.html#torch.utils.data.IterableDataset for examples.
  batch = next(self.dataloaders[index_id])
/disk/rl/psm_wma/cosmos-framework/cosmos_framework/data/generator/joint_dataloader.py:831: UserWarning: Length of IterableDataset <cosmos_framework.data.generator.action.datasets.action_sft_dataset.ActionIterableShuffleDataset object at 0x7f4d88cfee90> was reported to be 96(when accessing len(dataloader)), but 287 samples have been fetched. For multiprocessing data-loading, this could be caused by not properly configuring the IterableDataset replica at each worker. Please see https://pytorch.org/docs/stable/data.html#torch.utils.data.IterableDataset for examples.
  batch = next(self.dataloaders[index_id])
/disk/rl/psm_wma/cosmos-framework/cosmos_framework/data/generator/joint_dataloader.py:831: UserWarning: Length of IterableDataset <cosmos_framework.data.generator.action.datasets.action_sft_dataset.ActionIterableShuffleDataset object at 0x7f4d88cfee90> was reported to be 96(when accessing len(dataloader)), but 288 samples have been fetched. For multiprocessing data-loading, this could be caused by not properly configuring the IterableDataset replica at each worker. Please see https://pytorch.org/docs/stable/data.html#torch.utils.data.IterableDataset for examples.
  batch = next(self.dataloaders[index_id])
/disk/rl/psm_wma/cosmos-framework/cosmos_framework/data/generator/joint_dataloader.py:831: UserWarning: Length of IterableDataset <cosmos_framework.data.generator.action.datasets.action_sft_dataset.ActionIterableShuffleDataset object at 0x7f4d88cfee90> was reported to be 96(when accessing len(dataloader)), but 289 samples have been fetched. For multiprocessing data-loading, this could be caused by not properly configuring the IterableDataset replica at each worker. Please see https://pytorch.org/docs/stable/data.html#torch.utils.data.IterableDataset for examples.
  batch = next(self.dataloaders[index_id])
/disk/rl/psm_wma/cosmos-framework/cosmos_framework/data/generator/joint_dataloader.py:831: UserWarning: Length of IterableDataset <cosmos_framework.data.generator.action.datasets.action_sft_dataset.ActionIterableShuffleDataset object at 0x7f4d88cfee90> was reported to be 96(when accessing len(dataloader)), but 290 samples have been fetched. For multiprocessing data-loading, this could be caused by not properly configuring the IterableDataset replica at each worker. Please see https://pytorch.org/docs/stable/data.html#torch.utils.data.IterableDataset for examples.
  batch = next(self.dataloaders[index_id])
/disk/rl/psm_wma/cosmos-framework/cosmos_framework/data/generator/joint_dataloader.py:831: UserWarning: Length of IterableDataset <cosmos_framework.data.generator.action.datasets.action_sft_dataset.ActionIterableShuffleDataset object at 0x7f4d88cfee90> was reported to be 96(when accessing len(dataloader)), but 291 samples have been fetched. For multiprocessing data-loading, this could be caused by not properly configuring the IterableDataset replica at each worker. Please see https://pytorch.org/docs/stable/data.html#torch.utils.data.IterableDataset for examples.
  batch = next(self.dataloaders[index_id])
/disk/rl/psm_wma/cosmos-framework/cosmos_framework/data/generator/joint_dataloader.py:831: UserWarning: Length of IterableDataset <cosmos_framework.data.generator.action.datasets.action_sft_dataset.ActionIterableShuffleDataset object at 0x7f4d88cfee90> was reported to be 96(when accessing len(dataloader)), but 292 samples have been fetched. For multiprocessing data-loading, this could be caused by not properly configuring the IterableDataset replica at each worker. Please see https://pytorch.org/docs/stable/data.html#torch.utils.data.IterableDataset for examples.
  batch = next(self.dataloaders[index_id])
/disk/rl/psm_wma/cosmos-framework/cosmos_framework/data/generator/joint_dataloader.py:831: UserWarning: Length of IterableDataset <cosmos_framework.data.generator.action.datasets.action_sft_dataset.ActionIterableShuffleDataset object at 0x7f4d88cfee90> was reported to be 96(when accessing len(dataloader)), but 293 samples have been fetched. For multiprocessing data-loading, this could be caused by not properly configuring the IterableDataset replica at each worker. Please see https://pytorch.org/docs/stable/data.html#torch.utils.data.IterableDataset for examples.
  batch = next(self.dataloaders[index_id])
/disk/rl/psm_wma/cosmos-framework/cosmos_framework/data/generator/joint_dataloader.py:831: UserWarning: Length of IterableDataset <cosmos_framework.data.generator.action.datasets.action_sft_dataset.ActionIterableShuffleDataset object at 0x7f4d88cfee90> was reported to be 96(when accessing len(dataloader)), but 294 samples have been fetched. For multiprocessing data-loading, this could be caused by not properly configuring the IterableDataset replica at each worker. Please see https://pytorch.org/docs/stable/data.html#torch.utils.data.IterableDataset for examples.
  batch = next(self.dataloaders[index_id])
/disk/rl/psm_wma/cosmos-framework/cosmos_framework/data/generator/joint_dataloader.py:831: UserWarning: Length of IterableDataset <cosmos_framework.data.generator.action.datasets.action_sft_dataset.ActionIterableShuffleDataset object at 0x7f4d88cfee90> was reported to be 96(when accessing len(dataloader)), but 295 samples have been fetched. For multiprocessing data-loading, this could be caused by not properly configuring the IterableDataset replica at each worker. Please see https://pytorch.org/docs/stable/data.html#torch.utils.data.IterableDataset for examples.
  batch = next(self.dataloaders[index_id])
/disk/rl/psm_wma/cosmos-framework/cosmos_framework/data/generator/joint_dataloader.py:831: UserWarning: Length of IterableDataset <cosmos_framework.data.generator.action.datasets.action_sft_dataset.ActionIterableShuffleDataset object at 0x7f4d88cfee90> was reported to be 96(when accessing len(dataloader)), but 296 samples have been fetched. For multiprocessing data-loading, this could be caused by not properly configuring the IterableDataset replica at each worker. Please see https://pytorch.org/docs/stable/data.html#torch.utils.data.IterableDataset for examples.
  batch = next(self.dataloaders[index_id])
/disk/rl/psm_wma/cosmos-framework/cosmos_framework/data/generator/joint_dataloader.py:831: UserWarning: Length of IterableDataset <cosmos_framework.data.generator.action.datasets.action_sft_dataset.ActionIterableShuffleDataset object at 0x7f4d88cfee90> was reported to be 96(when accessing len(dataloader)), but 297 samples have been fetched. For multiprocessing data-loading, this could be caused by not properly configuring the IterableDataset replica at each worker. Please see https://pytorch.org/docs/stable/data.html#torch.utils.data.IterableDataset for examples.
  batch = next(self.dataloaders[index_id])
/disk/rl/psm_wma/cosmos-framework/cosmos_framework/data/generator/joint_dataloader.py:831: UserWarning: Length of IterableDataset <cosmos_framework.data.generator.action.datasets.action_sft_dataset.ActionIterableShuffleDataset object at 0x7f4d88cfee90> was reported to be 96(when accessing len(dataloader)), but 298 samples have been fetched. For multiprocessing data-loading, this could be caused by not properly configuring the IterableDataset replica at each worker. Please see https://pytorch.org/docs/stable/data.html#torch.utils.data.IterableDataset for examples.
  batch = next(self.dataloaders[index_id])
/disk/rl/psm_wma/cosmos-framework/cosmos_framework/data/generator/joint_dataloader.py:831: UserWarning: Length of IterableDataset <cosmos_framework.data.generator.action.datasets.action_sft_dataset.ActionIterableShuffleDataset object at 0x7f4d88cfee90> was reported to be 96(when accessing len(dataloader)), but 299 samples have been fetched. For multiprocessing data-loading, this could be caused by not properly configuring the IterableDataset replica at each worker. Please see https://pytorch.org/docs/stable/data.html#torch.utils.data.IterableDataset for examples.
  batch = next(self.dataloaders[index_id])
/disk/rl/psm_wma/cosmos-framework/cosmos_framework/data/generator/joint_dataloader.py:831: UserWarning: Length of IterableDataset <cosmos_framework.data.generator.action.datasets.action_sft_dataset.ActionIterableShuffleDataset object at 0x7f4d88cfee90> was reported to be 96(when accessing len(dataloader)), but 300 samples have been fetched. For multiprocessing data-loading, this could be caused by not properly configuring the IterableDataset replica at each worker. Please see https://pytorch.org/docs/stable/data.html#torch.utils.data.IterableDataset for examples.
  batch = next(self.dataloaders[index_id])
/disk/rl/psm_wma/cosmos-framework/cosmos_framework/data/generator/joint_dataloader.py:831: UserWarning: Length of IterableDataset <cosmos_framework.data.generator.action.datasets.action_sft_dataset.ActionIterableShuffleDataset object at 0x7f4d88cfee90> was reported to be 96(when accessing len(dataloader)), but 301 samples have been fetched. For multiprocessing data-loading, this could be caused by not properly configuring the IterableDataset replica at each worker. Please see https://pytorch.org/docs/stable/data.html#torch.utils.data.IterableDataset for examples.
  batch = next(self.dataloaders[index_id])
/disk/rl/psm_wma/cosmos-framework/cosmos_framework/data/generator/joint_dataloader.py:831: UserWarning: Length of IterableDataset <cosmos_framework.data.generator.action.datasets.action_sft_dataset.ActionIterableShuffleDataset object at 0x7f4d88cfee90> was reported to be 96(when accessing len(dataloader)), but 302 samples have been fetched. For multiprocessing data-loading, this could be caused by not properly configuring the IterableDataset replica at each worker. Please see https://pytorch.org/docs/stable/data.html#torch.utils.data.IterableDataset for examples.
  batch = next(self.dataloaders[index_id])
/disk/rl/psm_wma/cosmos-framework/cosmos_framework/data/generator/joint_dataloader.py:831: UserWarning: Length of IterableDataset <cosmos_framework.data.generator.action.datasets.action_sft_dataset.ActionIterableShuffleDataset object at 0x7f4d88cfee90> was reported to be 96(when accessing len(dataloader)), but 303 samples have been fetched. For multiprocessing data-loading, this could be caused by not properly configuring the IterableDataset replica at each worker. Please see https://pytorch.org/docs/stable/data.html#torch.utils.data.IterableDataset for examples.
  batch = next(self.dataloaders[index_id])
/disk/rl/psm_wma/cosmos-framework/cosmos_framework/data/generator/joint_dataloader.py:831: UserWarning: Length of IterableDataset <cosmos_framework.data.generator.action.datasets.action_sft_dataset.ActionIterableShuffleDataset object at 0x7f4d88cfee90> was reported to be 96(when accessing len(dataloader)), but 304 samples have been fetched. For multiprocessing data-loading, this could be caused by not properly configuring the IterableDataset replica at each worker. Please see https://pytorch.org/docs/stable/data.html#torch.utils.data.IterableDataset for examples.
  batch = next(self.dataloaders[index_id])
/disk/rl/psm_wma/cosmos-framework/cosmos_framework/data/generator/joint_dataloader.py:831: UserWarning: Length of IterableDataset <cosmos_framework.data.generator.action.datasets.action_sft_dataset.ActionIterableShuffleDataset object at 0x7f4d88cfee90> was reported to be 96(when accessing len(dataloader)), but 305 samples have been fetched. For multiprocessing data-loading, this could be caused by not properly configuring the IterableDataset replica at each worker. Please see https://pytorch.org/docs/stable/data.html#torch.utils.data.IterableDataset for examples.
  batch = next(self.dataloaders[index_id])
/disk/rl/psm_wma/cosmos-framework/cosmos_framework/data/generator/joint_dataloader.py:831: UserWarning: Length of IterableDataset <cosmos_framework.data.generator.action.datasets.action_sft_dataset.ActionIterableShuffleDataset object at 0x7f4d88cfee90> was reported to be 96(when accessing len(dataloader)), but 306 samples have been fetched. For multiprocessing data-loading, this could be caused by not properly configuring the IterableDataset replica at each worker. Please see https://pytorch.org/docs/stable/data.html#torch.utils.data.IterableDataset for examples.
  batch = next(self.dataloaders[index_id])
/disk/rl/psm_wma/cosmos-framework/cosmos_framework/data/generator/joint_dataloader.py:831: UserWarning: Length of IterableDataset <cosmos_framework.data.generator.action.datasets.action_sft_dataset.ActionIterableShuffleDataset object at 0x7f4d88cfee90> was reported to be 96(when accessing len(dataloader)), but 307 samples have been fetched. For multiprocessing data-loading, this could be caused by not properly configuring the IterableDataset replica at each worker. Please see https://pytorch.org/docs/stable/data.html#torch.utils.data.IterableDataset for examples.
  batch = next(self.dataloaders[index_id])
/disk/rl/psm_wma/cosmos-framework/cosmos_framework/data/generator/joint_dataloader.py:831: UserWarning: Length of IterableDataset <cosmos_framework.data.generator.action.datasets.action_sft_dataset.ActionIterableShuffleDataset object at 0x7f4d88cfee90> was reported to be 96(when accessing len(dataloader)), but 308 samples have been fetched. For multiprocessing data-loading, this could be caused by not properly configuring the IterableDataset replica at each worker. Please see https://pytorch.org/docs/stable/data.html#torch.utils.data.IterableDataset for examples.
  batch = next(self.dataloaders[index_id])
/disk/rl/psm_wma/cosmos-framework/cosmos_framework/data/generator/joint_dataloader.py:831: UserWarning: Length of IterableDataset <cosmos_framework.data.generator.action.datasets.action_sft_dataset.ActionIterableShuffleDataset object at 0x7f4d88cfee90> was reported to be 96(when accessing len(dataloader)), but 309 samples have been fetched. For multiprocessing data-loading, this could be caused by not properly configuring the IterableDataset replica at each worker. Please see https://pytorch.org/docs/stable/data.html#torch.utils.data.IterableDataset for examples.
  batch = next(self.dataloaders[index_id])
/disk/rl/psm_wma/cosmos-framework/cosmos_framework/data/generator/joint_dataloader.py:831: UserWarning: Length of IterableDataset <cosmos_framework.data.generator.action.datasets.action_sft_dataset.ActionIterableShuffleDataset object at 0x7f4d88cfee90> was reported to be 96(when accessing len(dataloader)), but 310 samples have been fetched. For multiprocessing data-loading, this could be caused by not properly configuring the IterableDataset replica at each worker. Please see https://pytorch.org/docs/stable/data.html#torch.utils.data.IterableDataset for examples.
  batch = next(self.dataloaders[index_id])
/disk/rl/psm_wma/cosmos-framework/cosmos_framework/data/generator/joint_dataloader.py:831: UserWarning: Length of IterableDataset <cosmos_framework.data.generator.action.datasets.action_sft_dataset.ActionIterableShuffleDataset object at 0x7f4d88cfee90> was reported to be 96(when accessing len(dataloader)), but 311 samples have been fetched. For multiprocessing data-loading, this could be caused by not properly configuring the IterableDataset replica at each worker. Please see https://pytorch.org/docs/stable/data.html#torch.utils.data.IterableDataset for examples.
  batch = next(self.dataloaders[index_id])
/disk/rl/psm_wma/cosmos-framework/cosmos_framework/data/generator/joint_dataloader.py:831: UserWarning: Length of IterableDataset <cosmos_framework.data.generator.action.datasets.action_sft_dataset.ActionIterableShuffleDataset object at 0x7f4d88cfee90> was reported to be 96(when accessing len(dataloader)), but 312 samples have been fetched. For multiprocessing data-loading, this could be caused by not properly configuring the IterableDataset replica at each worker. Please see https://pytorch.org/docs/stable/data.html#torch.utils.data.IterableDataset for examples.
  batch = next(self.dataloaders[index_id])
/disk/rl/psm_wma/cosmos-framework/cosmos_framework/data/generator/joint_dataloader.py:831: UserWarning: Length of IterableDataset <cosmos_framework.data.generator.action.datasets.action_sft_dataset.ActionIterableShuffleDataset object at 0x7f4d88cfee90> was reported to be 96(when accessing len(dataloader)), but 313 samples have been fetched. For multiprocessing data-loading, this could be caused by not properly configuring the IterableDataset replica at each worker. Please see https://pytorch.org/docs/stable/data.html#torch.utils.data.IterableDataset for examples.
  batch = next(self.dataloaders[index_id])
/disk/rl/psm_wma/cosmos-framework/cosmos_framework/data/generator/joint_dataloader.py:831: UserWarning: Length of IterableDataset <cosmos_framework.data.generator.action.datasets.action_sft_dataset.ActionIterableShuffleDataset object at 0x7f4d88cfee90> was reported to be 96(when accessing len(dataloader)), but 314 samples have been fetched. For multiprocessing data-loading, this could be caused by not properly configuring the IterableDataset replica at each worker. Please see https://pytorch.org/docs/stable/data.html#torch.utils.data.IterableDataset for examples.
  batch = next(self.dataloaders[index_id])
/disk/rl/psm_wma/cosmos-framework/cosmos_framework/data/generator/joint_dataloader.py:831: UserWarning: Length of IterableDataset <cosmos_framework.data.generator.action.datasets.action_sft_dataset.ActionIterableShuffleDataset object at 0x7f4d88cfee90> was reported to be 96(when accessing len(dataloader)), but 315 samples have been fetched. For multiprocessing data-loading, this could be caused by not properly configuring the IterableDataset replica at each worker. Please see https://pytorch.org/docs/stable/data.html#torch.utils.data.IterableDataset for examples.
  batch = next(self.dataloaders[index_id])
/disk/rl/psm_wma/cosmos-framework/cosmos_framework/data/generator/joint_dataloader.py:831: UserWarning: Length of IterableDataset <cosmos_framework.data.generator.action.datasets.action_sft_dataset.ActionIterableShuffleDataset object at 0x7f4d88cfee90> was reported to be 96(when accessing len(dataloader)), but 316 samples have been fetched. For multiprocessing data-loading, this could be caused by not properly configuring the IterableDataset replica at each worker. Please see https://pytorch.org/docs/stable/data.html#torch.utils.data.IterableDataset for examples.
  batch = next(self.dataloaders[index_id])
/disk/rl/psm_wma/cosmos-framework/cosmos_framework/data/generator/joint_dataloader.py:831: UserWarning: Length of IterableDataset <cosmos_framework.data.generator.action.datasets.action_sft_dataset.ActionIterableShuffleDataset object at 0x7f4d88cfee90> was reported to be 96(when accessing len(dataloader)), but 317 samples have been fetched. For multiprocessing data-loading, this could be caused by not properly configuring the IterableDataset replica at each worker. Please see https://pytorch.org/docs/stable/data.html#torch.utils.data.IterableDataset for examples.
  batch = next(self.dataloaders[index_id])
/disk/rl/psm_wma/cosmos-framework/cosmos_framework/data/generator/joint_dataloader.py:831: UserWarning: Length of IterableDataset <cosmos_framework.data.generator.action.datasets.action_sft_dataset.ActionIterableShuffleDataset object at 0x7f4d88cfee90> was reported to be 96(when accessing len(dataloader)), but 318 samples have been fetched. For multiprocessing data-loading, this could be caused by not properly configuring the IterableDataset replica at each worker. Please see https://pytorch.org/docs/stable/data.html#torch.utils.data.IterableDataset for examples.
  batch = next(self.dataloaders[index_id])
/disk/rl/psm_wma/cosmos-framework/cosmos_framework/data/generator/joint_dataloader.py:831: UserWarning: Length of IterableDataset <cosmos_framework.data.generator.action.datasets.action_sft_dataset.ActionIterableShuffleDataset object at 0x7f4d88cfee90> was reported to be 96(when accessing len(dataloader)), but 319 samples have been fetched. For multiprocessing data-loading, this could be caused by not properly configuring the IterableDataset replica at each worker. Please see https://pytorch.org/docs/stable/data.html#torch.utils.data.IterableDataset for examples.
  batch = next(self.dataloaders[index_id])
/disk/rl/psm_wma/cosmos-framework/cosmos_framework/data/generator/joint_dataloader.py:831: UserWarning: Length of IterableDataset <cosmos_framework.data.generator.action.datasets.action_sft_dataset.ActionIterableShuffleDataset object at 0x7f4d88cfee90> was reported to be 96(when accessing len(dataloader)), but 320 samples have been fetched. For multiprocessing data-loading, this could be caused by not properly configuring the IterableDataset replica at each worker. Please see https://pytorch.org/docs/stable/data.html#torch.utils.data.IterableDataset for examples.
  batch = next(self.dataloaders[index_id])
/disk/rl/psm_wma/cosmos-framework/cosmos_framework/data/generator/joint_dataloader.py:831: UserWarning: Length of IterableDataset <cosmos_framework.data.generator.action.datasets.action_sft_dataset.ActionIterableShuffleDataset object at 0x7f4d88cfee90> was reported to be 96(when accessing len(dataloader)), but 321 samples have been fetched. For multiprocessing data-loading, this could be caused by not properly configuring the IterableDataset replica at each worker. Please see https://pytorch.org/docs/stable/data.html#torch.utils.data.IterableDataset for examples.
  batch = next(self.dataloaders[index_id])
/disk/rl/psm_wma/cosmos-framework/cosmos_framework/data/generator/joint_dataloader.py:831: UserWarning: Length of IterableDataset <cosmos_framework.data.generator.action.datasets.action_sft_dataset.ActionIterableShuffleDataset object at 0x7f4d88cfee90> was reported to be 96(when accessing len(dataloader)), but 322 samples have been fetched. For multiprocessing data-loading, this could be caused by not properly configuring the IterableDataset replica at each worker. Please see https://pytorch.org/docs/stable/data.html#torch.utils.data.IterableDataset for examples.
  batch = next(self.dataloaders[index_id])
/disk/rl/psm_wma/cosmos-framework/cosmos_framework/data/generator/joint_dataloader.py:831: UserWarning: Length of IterableDataset <cosmos_framework.data.generator.action.datasets.action_sft_dataset.ActionIterableShuffleDataset object at 0x7f4d88cfee90> was reported to be 96(when accessing len(dataloader)), but 323 samples have been fetched. For multiprocessing data-loading, this could be caused by not properly configuring the IterableDataset replica at each worker. Please see https://pytorch.org/docs/stable/data.html#torch.utils.data.IterableDataset for examples.
  batch = next(self.dataloaders[index_id])
/disk/rl/psm_wma/cosmos-framework/cosmos_framework/data/generator/joint_dataloader.py:831: UserWarning: Length of IterableDataset <cosmos_framework.data.generator.action.datasets.action_sft_dataset.ActionIterableShuffleDataset object at 0x7f4d88cfee90> was reported to be 96(when accessing len(dataloader)), but 324 samples have been fetched. For multiprocessing data-loading, this could be caused by not properly configuring the IterableDataset replica at each worker. Please see https://pytorch.org/docs/stable/data.html#torch.utils.data.IterableDataset for examples.
  batch = next(self.dataloaders[index_id])
/disk/rl/psm_wma/cosmos-framework/cosmos_framework/data/generator/joint_dataloader.py:831: UserWarning: Length of IterableDataset <cosmos_framework.data.generator.action.datasets.action_sft_dataset.ActionIterableShuffleDataset object at 0x7f4d88cfee90> was reported to be 96(when accessing len(dataloader)), but 325 samples have been fetched. For multiprocessing data-loading, this could be caused by not properly configuring the IterableDataset replica at each worker. Please see https://pytorch.org/docs/stable/data.html#torch.utils.data.IterableDataset for examples.
  batch = next(self.dataloaders[index_id])
/disk/rl/psm_wma/cosmos-framework/cosmos_framework/data/generator/joint_dataloader.py:831: UserWarning: Length of IterableDataset <cosmos_framework.data.generator.action.datasets.action_sft_dataset.ActionIterableShuffleDataset object at 0x7f4d88cfee90> was reported to be 96(when accessing len(dataloader)), but 326 samples have been fetched. For multiprocessing data-loading, this could be caused by not properly configuring the IterableDataset replica at each worker. Please see https://pytorch.org/docs/stable/data.html#torch.utils.data.IterableDataset for examples.
  batch = next(self.dataloaders[index_id])
/disk/rl/psm_wma/cosmos-framework/cosmos_framework/data/generator/joint_dataloader.py:831: UserWarning: Length of IterableDataset <cosmos_framework.data.generator.action.datasets.action_sft_dataset.ActionIterableShuffleDataset object at 0x7f4d88cfee90> was reported to be 96(when accessing len(dataloader)), but 327 samples have been fetched. For multiprocessing data-loading, this could be caused by not properly configuring the IterableDataset replica at each worker. Please see https://pytorch.org/docs/stable/data.html#torch.utils.data.IterableDataset for examples.
  batch = next(self.dataloaders[index_id])
/disk/rl/psm_wma/cosmos-framework/cosmos_framework/data/generator/joint_dataloader.py:831: UserWarning: Length of IterableDataset <cosmos_framework.data.generator.action.datasets.action_sft_dataset.ActionIterableShuffleDataset object at 0x7f4d88cfee90> was reported to be 96(when accessing len(dataloader)), but 328 samples have been fetched. For multiprocessing data-loading, this could be caused by not properly configuring the IterableDataset replica at each worker. Please see https://pytorch.org/docs/stable/data.html#torch.utils.data.IterableDataset for examples.
  batch = next(self.dataloaders[index_id])
/disk/rl/psm_wma/cosmos-framework/cosmos_framework/data/generator/joint_dataloader.py:831: UserWarning: Length of IterableDataset <cosmos_framework.data.generator.action.datasets.action_sft_dataset.ActionIterableShuffleDataset object at 0x7f4d88cfee90> was reported to be 96(when accessing len(dataloader)), but 329 samples have been fetched. For multiprocessing data-loading, this could be caused by not properly configuring the IterableDataset replica at each worker. Please see https://pytorch.org/docs/stable/data.html#torch.utils.data.IterableDataset for examples.
  batch = next(self.dataloaders[index_id])
/disk/rl/psm_wma/cosmos-framework/cosmos_framework/data/generator/joint_dataloader.py:831: UserWarning: Length of IterableDataset <cosmos_framework.data.generator.action.datasets.action_sft_dataset.ActionIterableShuffleDataset object at 0x7f4d88cfee90> was reported to be 96(when accessing len(dataloader)), but 330 samples have been fetched. For multiprocessing data-loading, this could be caused by not properly configuring the IterableDataset replica at each worker. Please see https://pytorch.org/docs/stable/data.html#torch.utils.data.IterableDataset for examples.
  batch = next(self.dataloaders[index_id])
/disk/rl/psm_wma/cosmos-framework/cosmos_framework/data/generator/joint_dataloader.py:831: UserWarning: Length of IterableDataset <cosmos_framework.data.generator.action.datasets.action_sft_dataset.ActionIterableShuffleDataset object at 0x7f4d88cfee90> was reported to be 96(when accessing len(dataloader)), but 331 samples have been fetched. For multiprocessing data-loading, this could be caused by not properly configuring the IterableDataset replica at each worker. Please see https://pytorch.org/docs/stable/data.html#torch.utils.data.IterableDataset for examples.
  batch = next(self.dataloaders[index_id])
/disk/rl/psm_wma/cosmos-framework/cosmos_framework/data/generator/joint_dataloader.py:831: UserWarning: Length of IterableDataset <cosmos_framework.data.generator.action.datasets.action_sft_dataset.ActionIterableShuffleDataset object at 0x7f4d88cfee90> was reported to be 96(when accessing len(dataloader)), but 332 samples have been fetched. For multiprocessing data-loading, this could be caused by not properly configuring the IterableDataset replica at each worker. Please see https://pytorch.org/docs/stable/data.html#torch.utils.data.IterableDataset for examples.
  batch = next(self.dataloaders[index_id])
/disk/rl/psm_wma/cosmos-framework/cosmos_framework/data/generator/joint_dataloader.py:831: UserWarning: Length of IterableDataset <cosmos_framework.data.generator.action.datasets.action_sft_dataset.ActionIterableShuffleDataset object at 0x7f4d88cfee90> was reported to be 96(when accessing len(dataloader)), but 333 samples have been fetched. For multiprocessing data-loading, this could be caused by not properly configuring the IterableDataset replica at each worker. Please see https://pytorch.org/docs/stable/data.html#torch.utils.data.IterableDataset for examples.
  batch = next(self.dataloaders[index_id])
/disk/rl/psm_wma/cosmos-framework/cosmos_framework/data/generator/joint_dataloader.py:831: UserWarning: Length of IterableDataset <cosmos_framework.data.generator.action.datasets.action_sft_dataset.ActionIterableShuffleDataset object at 0x7f4d88cfee90> was reported to be 96(when accessing len(dataloader)), but 334 samples have been fetched. For multiprocessing data-loading, this could be caused by not properly configuring the IterableDataset replica at each worker. Please see https://pytorch.org/docs/stable/data.html#torch.utils.data.IterableDataset for examples.
  batch = next(self.dataloaders[index_id])
/disk/rl/psm_wma/cosmos-framework/cosmos_framework/data/generator/joint_dataloader.py:831: UserWarning: Length of IterableDataset <cosmos_framework.data.generator.action.datasets.action_sft_dataset.ActionIterableShuffleDataset object at 0x7f4d88cfee90> was reported to be 96(when accessing len(dataloader)), but 335 samples have been fetched. For multiprocessing data-loading, this could be caused by not properly configuring the IterableDataset replica at each worker. Please see https://pytorch.org/docs/stable/data.html#torch.utils.data.IterableDataset for examples.
  batch = next(self.dataloaders[index_id])
/disk/rl/psm_wma/cosmos-framework/cosmos_framework/data/generator/joint_dataloader.py:831: UserWarning: Length of IterableDataset <cosmos_framework.data.generator.action.datasets.action_sft_dataset.ActionIterableShuffleDataset object at 0x7f4d88cfee90> was reported to be 96(when accessing len(dataloader)), but 336 samples have been fetched. For multiprocessing data-loading, this could be caused by not properly configuring the IterableDataset replica at each worker. Please see https://pytorch.org/docs/stable/data.html#torch.utils.data.IterableDataset for examples.
  batch = next(self.dataloaders[index_id])
/disk/rl/psm_wma/cosmos-framework/cosmos_framework/data/generator/joint_dataloader.py:831: UserWarning: Length of IterableDataset <cosmos_framework.data.generator.action.datasets.action_sft_dataset.ActionIterableShuffleDataset object at 0x7f4d88cfee90> was reported to be 96(when accessing len(dataloader)), but 337 samples have been fetched. For multiprocessing data-loading, this could be caused by not properly configuring the IterableDataset replica at each worker. Please see https://pytorch.org/docs/stable/data.html#torch.utils.data.IterableDataset for examples.
  batch = next(self.dataloaders[index_id])
/disk/rl/psm_wma/cosmos-framework/cosmos_framework/data/generator/joint_dataloader.py:831: UserWarning: Length of IterableDataset <cosmos_framework.data.generator.action.datasets.action_sft_dataset.ActionIterableShuffleDataset object at 0x7f4d88cfee90> was reported to be 96(when accessing len(dataloader)), but 338 samples have been fetched. For multiprocessing data-loading, this could be caused by not properly configuring the IterableDataset replica at each worker. Please see https://pytorch.org/docs/stable/data.html#torch.utils.data.IterableDataset for examples.
  batch = next(self.dataloaders[index_id])
/disk/rl/psm_wma/cosmos-framework/cosmos_framework/data/generator/joint_dataloader.py:831: UserWarning: Length of IterableDataset <cosmos_framework.data.generator.action.datasets.action_sft_dataset.ActionIterableShuffleDataset object at 0x7f4d88cfee90> was reported to be 96(when accessing len(dataloader)), but 339 samples have been fetched. For multiprocessing data-loading, this could be caused by not properly configuring the IterableDataset replica at each worker. Please see https://pytorch.org/docs/stable/data.html#torch.utils.data.IterableDataset for examples.
  batch = next(self.dataloaders[index_id])
/disk/rl/psm_wma/cosmos-framework/cosmos_framework/data/generator/joint_dataloader.py:831: UserWarning: Length of IterableDataset <cosmos_framework.data.generator.action.datasets.action_sft_dataset.ActionIterableShuffleDataset object at 0x7f4d88cfee90> was reported to be 96(when accessing len(dataloader)), but 340 samples have been fetched. For multiprocessing data-loading, this could be caused by not properly configuring the IterableDataset replica at each worker. Please see https://pytorch.org/docs/stable/data.html#torch.utils.data.IterableDataset for examples.
  batch = next(self.dataloaders[index_id])
/disk/rl/psm_wma/cosmos-framework/cosmos_framework/data/generator/joint_dataloader.py:831: UserWarning: Length of IterableDataset <cosmos_framework.data.generator.action.datasets.action_sft_dataset.ActionIterableShuffleDataset object at 0x7f4d88cfee90> was reported to be 96(when accessing len(dataloader)), but 341 samples have been fetched. For multiprocessing data-loading, this could be caused by not properly configuring the IterableDataset replica at each worker. Please see https://pytorch.org/docs/stable/data.html#torch.utils.data.IterableDataset for examples.
  batch = next(self.dataloaders[index_id])
/disk/rl/psm_wma/cosmos-framework/cosmos_framework/data/generator/joint_dataloader.py:831: UserWarning: Length of IterableDataset <cosmos_framework.data.generator.action.datasets.action_sft_dataset.ActionIterableShuffleDataset object at 0x7f4d88cfee90> was reported to be 96(when accessing len(dataloader)), but 342 samples have been fetched. For multiprocessing data-loading, this could be caused by not properly configuring the IterableDataset replica at each worker. Please see https://pytorch.org/docs/stable/data.html#torch.utils.data.IterableDataset for examples.
  batch = next(self.dataloaders[index_id])
/disk/rl/psm_wma/cosmos-framework/cosmos_framework/data/generator/joint_dataloader.py:831: UserWarning: Length of IterableDataset <cosmos_framework.data.generator.action.datasets.action_sft_dataset.ActionIterableShuffleDataset object at 0x7f4d88cfee90> was reported to be 96(when accessing len(dataloader)), but 343 samples have been fetched. For multiprocessing data-loading, this could be caused by not properly configuring the IterableDataset replica at each worker. Please see https://pytorch.org/docs/stable/data.html#torch.utils.data.IterableDataset for examples.
  batch = next(self.dataloaders[index_id])
/disk/rl/psm_wma/cosmos-framework/cosmos_framework/data/generator/joint_dataloader.py:831: UserWarning: Length of IterableDataset <cosmos_framework.data.generator.action.datasets.action_sft_dataset.ActionIterableShuffleDataset object at 0x7f4d88cfee90> was reported to be 96(when accessing len(dataloader)), but 344 samples have been fetched. For multiprocessing data-loading, this could be caused by not properly configuring the IterableDataset replica at each worker. Please see https://pytorch.org/docs/stable/data.html#torch.utils.data.IterableDataset for examples.
  batch = next(self.dataloaders[index_id])
/disk/rl/psm_wma/cosmos-framework/cosmos_framework/data/generator/joint_dataloader.py:831: UserWarning: Length of IterableDataset <cosmos_framework.data.generator.action.datasets.action_sft_dataset.ActionIterableShuffleDataset object at 0x7f4d88cfee90> was reported to be 96(when accessing len(dataloader)), but 345 samples have been fetched. For multiprocessing data-loading, this could be caused by not properly configuring the IterableDataset replica at each worker. Please see https://pytorch.org/docs/stable/data.html#torch.utils.data.IterableDataset for examples.
  batch = next(self.dataloaders[index_id])
/disk/rl/psm_wma/cosmos-framework/cosmos_framework/data/generator/joint_dataloader.py:831: UserWarning: Length of IterableDataset <cosmos_framework.data.generator.action.datasets.action_sft_dataset.ActionIterableShuffleDataset object at 0x7f4d88cfee90> was reported to be 96(when accessing len(dataloader)), but 346 samples have been fetched. For multiprocessing data-loading, this could be caused by not properly configuring the IterableDataset replica at each worker. Please see https://pytorch.org/docs/stable/data.html#torch.utils.data.IterableDataset for examples.
  batch = next(self.dataloaders[index_id])
/disk/rl/psm_wma/cosmos-framework/cosmos_framework/data/generator/joint_dataloader.py:831: UserWarning: Length of IterableDataset <cosmos_framework.data.generator.action.datasets.action_sft_dataset.ActionIterableShuffleDataset object at 0x7f4d88cfee90> was reported to be 96(when accessing len(dataloader)), but 347 samples have been fetched. For multiprocessing data-loading, this could be caused by not properly configuring the IterableDataset replica at each worker. Please see https://pytorch.org/docs/stable/data.html#torch.utils.data.IterableDataset for examples.
  batch = next(self.dataloaders[index_id])
/disk/rl/psm_wma/cosmos-framework/cosmos_framework/data/generator/joint_dataloader.py:831: UserWarning: Length of IterableDataset <cosmos_framework.data.generator.action.datasets.action_sft_dataset.ActionIterableShuffleDataset object at 0x7f4d88cfee90> was reported to be 96(when accessing len(dataloader)), but 348 samples have been fetched. For multiprocessing data-loading, this could be caused by not properly configuring the IterableDataset replica at each worker. Please see https://pytorch.org/docs/stable/data.html#torch.utils.data.IterableDataset for examples.
  batch = next(self.dataloaders[index_id])
/disk/rl/psm_wma/cosmos-framework/cosmos_framework/data/generator/joint_dataloader.py:831: UserWarning: Length of IterableDataset <cosmos_framework.data.generator.action.datasets.action_sft_dataset.ActionIterableShuffleDataset object at 0x7f4d88cfee90> was reported to be 96(when accessing len(dataloader)), but 349 samples have been fetched. For multiprocessing data-loading, this could be caused by not properly configuring the IterableDataset replica at each worker. Please see https://pytorch.org/docs/stable/data.html#torch.utils.data.IterableDataset for examples.
  batch = next(self.dataloaders[index_id])
/disk/rl/psm_wma/cosmos-framework/cosmos_framework/data/generator/joint_dataloader.py:831: UserWarning: Length of IterableDataset <cosmos_framework.data.generator.action.datasets.action_sft_dataset.ActionIterableShuffleDataset object at 0x7f4d88cfee90> was reported to be 96(when accessing len(dataloader)), but 350 samples have been fetched. For multiprocessing data-loading, this could be caused by not properly configuring the IterableDataset replica at each worker. Please see https://pytorch.org/docs/stable/data.html#torch.utils.data.IterableDataset for examples.
  batch = next(self.dataloaders[index_id])
/disk/rl/psm_wma/cosmos-framework/cosmos_framework/data/generator/joint_dataloader.py:831: UserWarning: Length of IterableDataset <cosmos_framework.data.generator.action.datasets.action_sft_dataset.ActionIterableShuffleDataset object at 0x7f4d88cfee90> was reported to be 96(when accessing len(dataloader)), but 351 samples have been fetched. For multiprocessing data-loading, this could be caused by not properly configuring the IterableDataset replica at each worker. Please see https://pytorch.org/docs/stable/data.html#torch.utils.data.IterableDataset for examples.
  batch = next(self.dataloaders[index_id])
/disk/rl/psm_wma/cosmos-framework/cosmos_framework/data/generator/joint_dataloader.py:831: UserWarning: Length of IterableDataset <cosmos_framework.data.generator.action.datasets.action_sft_dataset.ActionIterableShuffleDataset object at 0x7f4d88cfee90> was reported to be 96(when accessing len(dataloader)), but 352 samples have been fetched. For multiprocessing data-loading, this could be caused by not properly configuring the IterableDataset replica at each worker. Please see https://pytorch.org/docs/stable/data.html#torch.utils.data.IterableDataset for examples.
  batch = next(self.dataloaders[index_id])
/disk/rl/psm_wma/cosmos-framework/cosmos_framework/data/generator/joint_dataloader.py:831: UserWarning: Length of IterableDataset <cosmos_framework.data.generator.action.datasets.action_sft_dataset.ActionIterableShuffleDataset object at 0x7f4d88cfee90> was reported to be 96(when accessing len(dataloader)), but 353 samples have been fetched. For multiprocessing data-loading, this could be caused by not properly configuring the IterableDataset replica at each worker. Please see https://pytorch.org/docs/stable/data.html#torch.utils.data.IterableDataset for examples.
  batch = next(self.dataloaders[index_id])
/disk/rl/psm_wma/cosmos-framework/cosmos_framework/data/generator/joint_dataloader.py:831: UserWarning: Length of IterableDataset <cosmos_framework.data.generator.action.datasets.action_sft_dataset.ActionIterableShuffleDataset object at 0x7f4d88cfee90> was reported to be 96(when accessing len(dataloader)), but 354 samples have been fetched. For multiprocessing data-loading, this could be caused by not properly configuring the IterableDataset replica at each worker. Please see https://pytorch.org/docs/stable/data.html#torch.utils.data.IterableDataset for examples.
  batch = next(self.dataloaders[index_id])
/disk/rl/psm_wma/cosmos-framework/cosmos_framework/data/generator/joint_dataloader.py:831: UserWarning: Length of IterableDataset <cosmos_framework.data.generator.action.datasets.action_sft_dataset.ActionIterableShuffleDataset object at 0x7f4d88cfee90> was reported to be 96(when accessing len(dataloader)), but 355 samples have been fetched. For multiprocessing data-loading, this could be caused by not properly configuring the IterableDataset replica at each worker. Please see https://pytorch.org/docs/stable/data.html#torch.utils.data.IterableDataset for examples.
  batch = next(self.dataloaders[index_id])
/disk/rl/psm_wma/cosmos-framework/cosmos_framework/data/generator/joint_dataloader.py:831: UserWarning: Length of IterableDataset <cosmos_framework.data.generator.action.datasets.action_sft_dataset.ActionIterableShuffleDataset object at 0x7f4d88cfee90> was reported to be 96(when accessing len(dataloader)), but 356 samples have been fetched. For multiprocessing data-loading, this could be caused by not properly configuring the IterableDataset replica at each worker. Please see https://pytorch.org/docs/stable/data.html#torch.utils.data.IterableDataset for examples.
  batch = next(self.dataloaders[index_id])
/disk/rl/psm_wma/cosmos-framework/cosmos_framework/data/generator/joint_dataloader.py:831: UserWarning: Length of IterableDataset <cosmos_framework.data.generator.action.datasets.action_sft_dataset.ActionIterableShuffleDataset object at 0x7f4d88cfee90> was reported to be 96(when accessing len(dataloader)), but 357 samples have been fetched. For multiprocessing data-loading, this could be caused by not properly configuring the IterableDataset replica at each worker. Please see https://pytorch.org/docs/stable/data.html#torch.utils.data.IterableDataset for examples.
  batch = next(self.dataloaders[index_id])
/disk/rl/psm_wma/cosmos-framework/cosmos_framework/data/generator/joint_dataloader.py:831: UserWarning: Length of IterableDataset <cosmos_framework.data.generator.action.datasets.action_sft_dataset.ActionIterableShuffleDataset object at 0x7f4d88cfee90> was reported to be 96(when accessing len(dataloader)), but 358 samples have been fetched. For multiprocessing data-loading, this could be caused by not properly configuring the IterableDataset replica at each worker. Please see https://pytorch.org/docs/stable/data.html#torch.utils.data.IterableDataset for examples.
  batch = next(self.dataloaders[index_id])
/disk/rl/psm_wma/cosmos-framework/cosmos_framework/data/generator/joint_dataloader.py:831: UserWarning: Length of IterableDataset <cosmos_framework.data.generator.action.datasets.action_sft_dataset.ActionIterableShuffleDataset object at 0x7f4d88cfee90> was reported to be 96(when accessing len(dataloader)), but 359 samples have been fetched. For multiprocessing data-loading, this could be caused by not properly configuring the IterableDataset replica at each worker. Please see https://pytorch.org/docs/stable/data.html#torch.utils.data.IterableDataset for examples.
  batch = next(self.dataloaders[index_id])
/disk/rl/psm_wma/cosmos-framework/cosmos_framework/data/generator/joint_dataloader.py:831: UserWarning: Length of IterableDataset <cosmos_framework.data.generator.action.datasets.action_sft_dataset.ActionIterableShuffleDataset object at 0x7f4d88cfee90> was reported to be 96(when accessing len(dataloader)), but 360 samples have been fetched. For multiprocessing data-loading, this could be caused by not properly configuring the IterableDataset replica at each worker. Please see https://pytorch.org/docs/stable/data.html#torch.utils.data.IterableDataset for examples.
  batch = next(self.dataloaders[index_id])
/disk/rl/psm_wma/cosmos-framework/cosmos_framework/data/generator/joint_dataloader.py:831: UserWarning: Length of IterableDataset <cosmos_framework.data.generator.action.datasets.action_sft_dataset.ActionIterableShuffleDataset object at 0x7f4d88cfee90> was reported to be 96(when accessing len(dataloader)), but 361 samples have been fetched. For multiprocessing data-loading, this could be caused by not properly configuring the IterableDataset replica at each worker. Please see https://pytorch.org/docs/stable/data.html#torch.utils.data.IterableDataset for examples.
  batch = next(self.dataloaders[index_id])
/disk/rl/psm_wma/cosmos-framework/cosmos_framework/data/generator/joint_dataloader.py:831: UserWarning: Length of IterableDataset <cosmos_framework.data.generator.action.datasets.action_sft_dataset.ActionIterableShuffleDataset object at 0x7f4d88cfee90> was reported to be 96(when accessing len(dataloader)), but 362 samples have been fetched. For multiprocessing data-loading, this could be caused by not properly configuring the IterableDataset replica at each worker. Please see https://pytorch.org/docs/stable/data.html#torch.utils.data.IterableDataset for examples.
  batch = next(self.dataloaders[index_id])
/disk/rl/psm_wma/cosmos-framework/cosmos_framework/data/generator/joint_dataloader.py:831: UserWarning: Length of IterableDataset <cosmos_framework.data.generator.action.datasets.action_sft_dataset.ActionIterableShuffleDataset object at 0x7f4d88cfee90> was reported to be 96(when accessing len(dataloader)), but 363 samples have been fetched. For multiprocessing data-loading, this could be caused by not properly configuring the IterableDataset replica at each worker. Please see https://pytorch.org/docs/stable/data.html#torch.utils.data.IterableDataset for examples.
  batch = next(self.dataloaders[index_id])
/disk/rl/psm_wma/cosmos-framework/cosmos_framework/data/generator/joint_dataloader.py:831: UserWarning: Length of IterableDataset <cosmos_framework.data.generator.action.datasets.action_sft_dataset.ActionIterableShuffleDataset object at 0x7f4d88cfee90> was reported to be 96(when accessing len(dataloader)), but 364 samples have been fetched. For multiprocessing data-loading, this could be caused by not properly configuring the IterableDataset replica at each worker. Please see https://pytorch.org/docs/stable/data.html#torch.utils.data.IterableDataset for examples.
  batch = next(self.dataloaders[index_id])
/disk/rl/psm_wma/cosmos-framework/cosmos_framework/data/generator/joint_dataloader.py:831: UserWarning: Length of IterableDataset <cosmos_framework.data.generator.action.datasets.action_sft_dataset.ActionIterableShuffleDataset object at 0x7f4d88cfee90> was reported to be 96(when accessing len(dataloader)), but 365 samples have been fetched. For multiprocessing data-loading, this could be caused by not properly configuring the IterableDataset replica at each worker. Please see https://pytorch.org/docs/stable/data.html#torch.utils.data.IterableDataset for examples.
  batch = next(self.dataloaders[index_id])
/disk/rl/psm_wma/cosmos-framework/cosmos_framework/data/generator/joint_dataloader.py:831: UserWarning: Length of IterableDataset <cosmos_framework.data.generator.action.datasets.action_sft_dataset.ActionIterableShuffleDataset object at 0x7f4d88cfee90> was reported to be 96(when accessing len(dataloader)), but 366 samples have been fetched. For multiprocessing data-loading, this could be caused by not properly configuring the IterableDataset replica at each worker. Please see https://pytorch.org/docs/stable/data.html#torch.utils.data.IterableDataset for examples.
  batch = next(self.dataloaders[index_id])
/disk/rl/psm_wma/cosmos-framework/cosmos_framework/data/generator/joint_dataloader.py:831: UserWarning: Length of IterableDataset <cosmos_framework.data.generator.action.datasets.action_sft_dataset.ActionIterableShuffleDataset object at 0x7f4d88cfee90> was reported to be 96(when accessing len(dataloader)), but 367 samples have been fetched. For multiprocessing data-loading, this could be caused by not properly configuring the IterableDataset replica at each worker. Please see https://pytorch.org/docs/stable/data.html#torch.utils.data.IterableDataset for examples.
  batch = next(self.dataloaders[index_id])
/disk/rl/psm_wma/cosmos-framework/cosmos_framework/data/generator/joint_dataloader.py:831: UserWarning: Length of IterableDataset <cosmos_framework.data.generator.action.datasets.action_sft_dataset.ActionIterableShuffleDataset object at 0x7f4d88cfee90> was reported to be 96(when accessing len(dataloader)), but 368 samples have been fetched. For multiprocessing data-loading, this could be caused by not properly configuring the IterableDataset replica at each worker. Please see https://pytorch.org/docs/stable/data.html#torch.utils.data.IterableDataset for examples.
  batch = next(self.dataloaders[index_id])
/disk/rl/psm_wma/cosmos-framework/cosmos_framework/data/generator/joint_dataloader.py:831: UserWarning: Length of IterableDataset <cosmos_framework.data.generator.action.datasets.action_sft_dataset.ActionIterableShuffleDataset object at 0x7f4d88cfee90> was reported to be 96(when accessing len(dataloader)), but 369 samples have been fetched. For multiprocessing data-loading, this could be caused by not properly configuring the IterableDataset replica at each worker. Please see https://pytorch.org/docs/stable/data.html#torch.utils.data.IterableDataset for examples.
  batch = next(self.dataloaders[index_id])
/disk/rl/psm_wma/cosmos-framework/cosmos_framework/data/generator/joint_dataloader.py:831: UserWarning: Length of IterableDataset <cosmos_framework.data.generator.action.datasets.action_sft_dataset.ActionIterableShuffleDataset object at 0x7f4d88cfee90> was reported to be 96(when accessing len(dataloader)), but 370 samples have been fetched. For multiprocessing data-loading, this could be caused by not properly configuring the IterableDataset replica at each worker. Please see https://pytorch.org/docs/stable/data.html#torch.utils.data.IterableDataset for examples.
  batch = next(self.dataloaders[index_id])
/disk/rl/psm_wma/cosmos-framework/cosmos_framework/data/generator/joint_dataloader.py:831: UserWarning: Length of IterableDataset <cosmos_framework.data.generator.action.datasets.action_sft_dataset.ActionIterableShuffleDataset object at 0x7f4d88cfee90> was reported to be 96(when accessing len(dataloader)), but 371 samples have been fetched. For multiprocessing data-loading, this could be caused by not properly configuring the IterableDataset replica at each worker. Please see https://pytorch.org/docs/stable/data.html#torch.utils.data.IterableDataset for examples.
  batch = next(self.dataloaders[index_id])
/disk/rl/psm_wma/cosmos-framework/cosmos_framework/data/generator/joint_dataloader.py:831: UserWarning: Length of IterableDataset <cosmos_framework.data.generator.action.datasets.action_sft_dataset.ActionIterableShuffleDataset object at 0x7f4d88cfee90> was reported to be 96(when accessing len(dataloader)), but 372 samples have been fetched. For multiprocessing data-loading, this could be caused by not properly configuring the IterableDataset replica at each worker. Please see https://pytorch.org/docs/stable/data.html#torch.utils.data.IterableDataset for examples.
  batch = next(self.dataloaders[index_id])
/disk/rl/psm_wma/cosmos-framework/cosmos_framework/data/generator/joint_dataloader.py:831: UserWarning: Length of IterableDataset <cosmos_framework.data.generator.action.datasets.action_sft_dataset.ActionIterableShuffleDataset object at 0x7f4d88cfee90> was reported to be 96(when accessing len(dataloader)), but 373 samples have been fetched. For multiprocessing data-loading, this could be caused by not properly configuring the IterableDataset replica at each worker. Please see https://pytorch.org/docs/stable/data.html#torch.utils.data.IterableDataset for examples.
  batch = next(self.dataloaders[index_id])
/disk/rl/psm_wma/cosmos-framework/cosmos_framework/data/generator/joint_dataloader.py:831: UserWarning: Length of IterableDataset <cosmos_framework.data.generator.action.datasets.action_sft_dataset.ActionIterableShuffleDataset object at 0x7f4d88cfee90> was reported to be 96(when accessing len(dataloader)), but 374 samples have been fetched. For multiprocessing data-loading, this could be caused by not properly configuring the IterableDataset replica at each worker. Please see https://pytorch.org/docs/stable/data.html#torch.utils.data.IterableDataset for examples.
  batch = next(self.dataloaders[index_id])
/disk/rl/psm_wma/cosmos-framework/cosmos_framework/data/generator/joint_dataloader.py:831: UserWarning: Length of IterableDataset <cosmos_framework.data.generator.action.datasets.action_sft_dataset.ActionIterableShuffleDataset object at 0x7f4d88cfee90> was reported to be 96(when accessing len(dataloader)), but 375 samples have been fetched. For multiprocessing data-loading, this could be caused by not properly configuring the IterableDataset replica at each worker. Please see https://pytorch.org/docs/stable/data.html#torch.utils.data.IterableDataset for examples.
  batch = next(self.dataloaders[index_id])
/disk/rl/psm_wma/cosmos-framework/cosmos_framework/data/generator/joint_dataloader.py:831: UserWarning: Length of IterableDataset <cosmos_framework.data.generator.action.datasets.action_sft_dataset.ActionIterableShuffleDataset object at 0x7f4d88cfee90> was reported to be 96(when accessing len(dataloader)), but 376 samples have been fetched. For multiprocessing data-loading, this could be caused by not properly configuring the IterableDataset replica at each worker. Please see https://pytorch.org/docs/stable/data.html#torch.utils.data.IterableDataset for examples.
  batch = next(self.dataloaders[index_id])
/disk/rl/psm_wma/cosmos-framework/cosmos_framework/data/generator/joint_dataloader.py:831: UserWarning: Length of IterableDataset <cosmos_framework.data.generator.action.datasets.action_sft_dataset.ActionIterableShuffleDataset object at 0x7f4d88cfee90> was reported to be 96(when accessing len(dataloader)), but 377 samples have been fetched. For multiprocessing data-loading, this could be caused by not properly configuring the IterableDataset replica at each worker. Please see https://pytorch.org/docs/stable/data.html#torch.utils.data.IterableDataset for examples.
  batch = next(self.dataloaders[index_id])
/disk/rl/psm_wma/cosmos-framework/cosmos_framework/data/generator/joint_dataloader.py:831: UserWarning: Length of IterableDataset <cosmos_framework.data.generator.action.datasets.action_sft_dataset.ActionIterableShuffleDataset object at 0x7f4d88cfee90> was reported to be 96(when accessing len(dataloader)), but 378 samples have been fetched. For multiprocessing data-loading, this could be caused by not properly configuring the IterableDataset replica at each worker. Please see https://pytorch.org/docs/stable/data.html#torch.utils.data.IterableDataset for examples.
  batch = next(self.dataloaders[index_id])
/disk/rl/psm_wma/cosmos-framework/cosmos_framework/data/generator/joint_dataloader.py:831: UserWarning: Length of IterableDataset <cosmos_framework.data.generator.action.datasets.action_sft_dataset.ActionIterableShuffleDataset object at 0x7f4d88cfee90> was reported to be 96(when accessing len(dataloader)), but 379 samples have been fetched. For multiprocessing data-loading, this could be caused by not properly configuring the IterableDataset replica at each worker. Please see https://pytorch.org/docs/stable/data.html#torch.utils.data.IterableDataset for examples.
  batch = next(self.dataloaders[index_id])
/disk/rl/psm_wma/cosmos-framework/cosmos_framework/data/generator/joint_dataloader.py:831: UserWarning: Length of IterableDataset <cosmos_framework.data.generator.action.datasets.action_sft_dataset.ActionIterableShuffleDataset object at 0x7f4d88cfee90> was reported to be 96(when accessing len(dataloader)), but 380 samples have been fetched. For multiprocessing data-loading, this could be caused by not properly configuring the IterableDataset replica at each worker. Please see https://pytorch.org/docs/stable/data.html#torch.utils.data.IterableDataset for examples.
  batch = next(self.dataloaders[index_id])
/disk/rl/psm_wma/cosmos-framework/cosmos_framework/data/generator/joint_dataloader.py:831: UserWarning: Length of IterableDataset <cosmos_framework.data.generator.action.datasets.action_sft_dataset.ActionIterableShuffleDataset object at 0x7f4d88cfee90> was reported to be 96(when accessing len(dataloader)), but 381 samples have been fetched. For multiprocessing data-loading, this could be caused by not properly configuring the IterableDataset replica at each worker. Please see https://pytorch.org/docs/stable/data.html#torch.utils.data.IterableDataset for examples.
  batch = next(self.dataloaders[index_id])
/disk/rl/psm_wma/cosmos-framework/cosmos_framework/data/generator/joint_dataloader.py:831: UserWarning: Length of IterableDataset <cosmos_framework.data.generator.action.datasets.action_sft_dataset.ActionIterableShuffleDataset object at 0x7f4d88cfee90> was reported to be 96(when accessing len(dataloader)), but 382 samples have been fetched. For multiprocessing data-loading, this could be caused by not properly configuring the IterableDataset replica at each worker. Please see https://pytorch.org/docs/stable/data.html#torch.utils.data.IterableDataset for examples.
  batch = next(self.dataloaders[index_id])
/disk/rl/psm_wma/cosmos-framework/cosmos_framework/data/generator/joint_dataloader.py:831: UserWarning: Length of IterableDataset <cosmos_framework.data.generator.action.datasets.action_sft_dataset.ActionIterableShuffleDataset object at 0x7f4d88cfee90> was reported to be 96(when accessing len(dataloader)), but 383 samples have been fetched. For multiprocessing data-loading, this could be caused by not properly configuring the IterableDataset replica at each worker. Please see https://pytorch.org/docs/stable/data.html#torch.utils.data.IterableDataset for examples.
  batch = next(self.dataloaders[index_id])
/disk/rl/psm_wma/cosmos-framework/cosmos_framework/data/generator/joint_dataloader.py:831: UserWarning: Length of IterableDataset <cosmos_framework.data.generator.action.datasets.action_sft_dataset.ActionIterableShuffleDataset object at 0x7f4d88cfee90> was reported to be 96(when accessing len(dataloader)), but 384 samples have been fetched. For multiprocessing data-loading, this could be caused by not properly configuring the IterableDataset replica at each worker. Please see https://pytorch.org/docs/stable/data.html#torch.utils.data.IterableDataset for examples.
  batch = next(self.dataloaders[index_id])
/disk/rl/psm_wma/cosmos-framework/cosmos_framework/data/generator/joint_dataloader.py:831: UserWarning: Length of IterableDataset <cosmos_framework.data.generator.action.datasets.action_sft_dataset.ActionIterableShuffleDataset object at 0x7f4d88ebbce0> was reported to be 198(when accessing len(dataloader)), but 257 samples have been fetched. For multiprocessing data-loading, this could be caused by not properly configuring the IterableDataset replica at each worker. Please see https://pytorch.org/docs/stable/data.html#torch.utils.data.IterableDataset for examples.
  batch = next(self.dataloaders[index_id])
/disk/rl/psm_wma/cosmos-framework/cosmos_framework/data/generator/joint_dataloader.py:831: UserWarning: Length of IterableDataset <cosmos_framework.data.generator.action.datasets.action_sft_dataset.ActionIterableShuffleDataset object at 0x7f4d88ebbce0> was reported to be 198(when accessing len(dataloader)), but 258 samples have been fetched. For multiprocessing data-loading, this could be caused by not properly configuring the IterableDataset replica at each worker. Please see https://pytorch.org/docs/stable/data.html#torch.utils.data.IterableDataset for examples.
  batch = next(self.dataloaders[index_id])
/disk/rl/psm_wma/cosmos-framework/cosmos_framework/data/generator/joint_dataloader.py:831: UserWarning: Length of IterableDataset <cosmos_framework.data.generator.action.datasets.action_sft_dataset.ActionIterableShuffleDataset object at 0x7f4d88ebbce0> was reported to be 198(when accessing len(dataloader)), but 259 samples have been fetched. For multiprocessing data-loading, this could be caused by not properly configuring the IterableDataset replica at each worker. Please see https://pytorch.org/docs/stable/data.html#torch.utils.data.IterableDataset for examples.
  batch = next(self.dataloaders[index_id])
/disk/rl/psm_wma/cosmos-framework/cosmos_framework/data/generator/joint_dataloader.py:831: UserWarning: Length of IterableDataset <cosmos_framework.data.generator.action.datasets.action_sft_dataset.ActionIterableShuffleDataset object at 0x7f4d88ebbce0> was reported to be 198(when accessing len(dataloader)), but 260 samples have been fetched. For multiprocessing data-loading, this could be caused by not properly configuring the IterableDataset replica at each worker. Please see https://pytorch.org/docs/stable/data.html#torch.utils.data.IterableDataset for examples.
  batch = next(self.dataloaders[index_id])
/disk/rl/psm_wma/cosmos-framework/cosmos_framework/data/generator/joint_dataloader.py:831: UserWarning: Length of IterableDataset <cosmos_framework.data.generator.action.datasets.action_sft_dataset.ActionIterableShuffleDataset object at 0x7f4d88ebbce0> was reported to be 198(when accessing len(dataloader)), but 261 samples have been fetched. For multiprocessing data-loading, this could be caused by not properly configuring the IterableDataset replica at each worker. Please see https://pytorch.org/docs/stable/data.html#torch.utils.data.IterableDataset for examples.
  batch = next(self.dataloaders[index_id])
/disk/rl/psm_wma/cosmos-framework/cosmos_framework/data/generator/joint_dataloader.py:831: UserWarning: Length of IterableDataset <cosmos_framework.data.generator.action.datasets.action_sft_dataset.ActionIterableShuffleDataset object at 0x7f4d88ebbce0> was reported to be 198(when accessing len(dataloader)), but 262 samples have been fetched. For multiprocessing data-loading, this could be caused by not properly configuring the IterableDataset replica at each worker. Please see https://pytorch.org/docs/stable/data.html#torch.utils.data.IterableDataset for examples.
  batch = next(self.dataloaders[index_id])
/disk/rl/psm_wma/cosmos-framework/cosmos_framework/data/generator/joint_dataloader.py:831: UserWarning: Length of IterableDataset <cosmos_framework.data.generator.action.datasets.action_sft_dataset.ActionIterableShuffleDataset object at 0x7f4d88ebbce0> was reported to be 198(when accessing len(dataloader)), but 263 samples have been fetched. For multiprocessing data-loading, this could be caused by not properly configuring the IterableDataset replica at each worker. Please see https://pytorch.org/docs/stable/data.html#torch.utils.data.IterableDataset for examples.
  batch = next(self.dataloaders[index_id])
/disk/rl/psm_wma/cosmos-framework/cosmos_framework/data/generator/joint_dataloader.py:831: UserWarning: Length of IterableDataset <cosmos_framework.data.generator.action.datasets.action_sft_dataset.ActionIterableShuffleDataset object at 0x7f4d88ebbce0> was reported to be 198(when accessing len(dataloader)), but 264 samples have been fetched. For multiprocessing data-loading, this could be caused by not properly configuring the IterableDataset replica at each worker. Please see https://pytorch.org/docs/stable/data.html#torch.utils.data.IterableDataset for examples.
  batch = next(self.dataloaders[index_id])
/disk/rl/psm_wma/cosmos-framework/cosmos_framework/data/generator/joint_dataloader.py:831: UserWarning: Length of IterableDataset <cosmos_framework.data.generator.action.datasets.action_sft_dataset.ActionIterableShuffleDataset object at 0x7f4d88ebbce0> was reported to be 198(when accessing len(dataloader)), but 265 samples have been fetched. For multiprocessing data-loading, this could be caused by not properly configuring the IterableDataset replica at each worker. Please see https://pytorch.org/docs/stable/data.html#torch.utils.data.IterableDataset for examples.
  batch = next(self.dataloaders[index_id])
/disk/rl/psm_wma/cosmos-framework/cosmos_framework/data/generator/joint_dataloader.py:831: UserWarning: Length of IterableDataset <cosmos_framework.data.generator.action.datasets.action_sft_dataset.ActionIterableShuffleDataset object at 0x7f4d88ebbce0> was reported to be 198(when accessing len(dataloader)), but 266 samples have been fetched. For multiprocessing data-loading, this could be caused by not properly configuring the IterableDataset replica at each worker. Please see https://pytorch.org/docs/stable/data.html#torch.utils.data.IterableDataset for examples.
  batch = next(self.dataloaders[index_id])
/disk/rl/psm_wma/cosmos-framework/cosmos_framework/data/generator/joint_dataloader.py:831: UserWarning: Length of IterableDataset <cosmos_framework.data.generator.action.datasets.action_sft_dataset.ActionIterableShuffleDataset object at 0x7f4d88ebbce0> was reported to be 198(when accessing len(dataloader)), but 267 samples have been fetched. For multiprocessing data-loading, this could be caused by not properly configuring the IterableDataset replica at each worker. Please see https://pytorch.org/docs/stable/data.html#torch.utils.data.IterableDataset for examples.
  batch = next(self.dataloaders[index_id])
/disk/rl/psm_wma/cosmos-framework/cosmos_framework/data/generator/joint_dataloader.py:831: UserWarning: Length of IterableDataset <cosmos_framework.data.generator.action.datasets.action_sft_dataset.ActionIterableShuffleDataset object at 0x7f4d88ebbce0> was reported to be 198(when accessing len(dataloader)), but 268 samples have been fetched. For multiprocessing data-loading, this could be caused by not properly configuring the IterableDataset replica at each worker. Please see https://pytorch.org/docs/stable/data.html#torch.utils.data.IterableDataset for examples.
  batch = next(self.dataloaders[index_id])
/disk/rl/psm_wma/cosmos-framework/cosmos_framework/data/generator/joint_dataloader.py:831: UserWarning: Length of IterableDataset <cosmos_framework.data.generator.action.datasets.action_sft_dataset.ActionIterableShuffleDataset object at 0x7f4d88ebbce0> was reported to be 198(when accessing len(dataloader)), but 269 samples have been fetched. For multiprocessing data-loading, this could be caused by not properly configuring the IterableDataset replica at each worker. Please see https://pytorch.org/docs/stable/data.html#torch.utils.data.IterableDataset for examples.
  batch = next(self.dataloaders[index_id])
/disk/rl/psm_wma/cosmos-framework/cosmos_framework/data/generator/joint_dataloader.py:831: UserWarning: Length of IterableDataset <cosmos_framework.data.generator.action.datasets.action_sft_dataset.ActionIterableShuffleDataset object at 0x7f4d88ebbce0> was reported to be 198(when accessing len(dataloader)), but 270 samples have been fetched. For multiprocessing data-loading, this could be caused by not properly configuring the IterableDataset replica at each worker. Please see https://pytorch.org/docs/stable/data.html#torch.utils.data.IterableDataset for examples.
  batch = next(self.dataloaders[index_id])
/disk/rl/psm_wma/cosmos-framework/cosmos_framework/data/generator/joint_dataloader.py:831: UserWarning: Length of IterableDataset <cosmos_framework.data.generator.action.datasets.action_sft_dataset.ActionIterableShuffleDataset object at 0x7f4d88ebbce0> was reported to be 198(when accessing len(dataloader)), but 271 samples have been fetched. For multiprocessing data-loading, this could be caused by not properly configuring the IterableDataset replica at each worker. Please see https://pytorch.org/docs/stable/data.html#torch.utils.data.IterableDataset for examples.
  batch = next(self.dataloaders[index_id])
/disk/rl/psm_wma/cosmos-framework/cosmos_framework/data/generator/joint_dataloader.py:831: UserWarning: Length of IterableDataset <cosmos_framework.data.generator.action.datasets.action_sft_dataset.ActionIterableShuffleDataset object at 0x7f4d88ebbce0> was reported to be 198(when accessing len(dataloader)), but 272 samples have been fetched. For multiprocessing data-loading, this could be caused by not properly configuring the IterableDataset replica at each worker. Please see https://pytorch.org/docs/stable/data.html#torch.utils.data.IterableDataset for examples.
  batch = next(self.dataloaders[index_id])
/disk/rl/psm_wma/cosmos-framework/cosmos_framework/data/generator/joint_dataloader.py:831: UserWarning: Length of IterableDataset <cosmos_framework.data.generator.action.datasets.action_sft_dataset.ActionIterableShuffleDataset object at 0x7f4d88ebbce0> was reported to be 198(when accessing len(dataloader)), but 273 samples have been fetched. For multiprocessing data-loading, this could be caused by not properly configuring the IterableDataset replica at each worker. Please see https://pytorch.org/docs/stable/data.html#torch.utils.data.IterableDataset for examples.
  batch = next(self.dataloaders[index_id])
/disk/rl/psm_wma/cosmos-framework/cosmos_framework/data/generator/joint_dataloader.py:831: UserWarning: Length of IterableDataset <cosmos_framework.data.generator.action.datasets.action_sft_dataset.ActionIterableShuffleDataset object at 0x7f4d88ebbce0> was reported to be 198(when accessing len(dataloader)), but 274 samples have been fetched. For multiprocessing data-loading, this could be caused by not properly configuring the IterableDataset replica at each worker. Please see https://pytorch.org/docs/stable/data.html#torch.utils.data.IterableDataset for examples.
  batch = next(self.dataloaders[index_id])
/disk/rl/psm_wma/cosmos-framework/cosmos_framework/data/generator/joint_dataloader.py:831: UserWarning: Length of IterableDataset <cosmos_framework.data.generator.action.datasets.action_sft_dataset.ActionIterableShuffleDataset object at 0x7f4d88ebbce0> was reported to be 198(when accessing len(dataloader)), but 275 samples have been fetched. For multiprocessing data-loading, this could be caused by not properly configuring the IterableDataset replica at each worker. Please see https://pytorch.org/docs/stable/data.html#torch.utils.data.IterableDataset for examples.
  batch = next(self.dataloaders[index_id])
/disk/rl/psm_wma/cosmos-framework/cosmos_framework/data/generator/joint_dataloader.py:831: UserWarning: Length of IterableDataset <cosmos_framework.data.generator.action.datasets.action_sft_dataset.ActionIterableShuffleDataset object at 0x7f4d88ebbce0> was reported to be 198(when accessing len(dataloader)), but 276 samples have been fetched. For multiprocessing data-loading, this could be caused by not properly configuring the IterableDataset replica at each worker. Please see https://pytorch.org/docs/stable/data.html#torch.utils.data.IterableDataset for examples.
  batch = next(self.dataloaders[index_id])
/disk/rl/psm_wma/cosmos-framework/cosmos_framework/data/generator/joint_dataloader.py:831: UserWarning: Length of IterableDataset <cosmos_framework.data.generator.action.datasets.action_sft_dataset.ActionIterableShuffleDataset object at 0x7f4d88ebbce0> was reported to be 198(when accessing len(dataloader)), but 277 samples have been fetched. For multiprocessing data-loading, this could be caused by not properly configuring the IterableDataset replica at each worker. Please see https://pytorch.org/docs/stable/data.html#torch.utils.data.IterableDataset for examples.
  batch = next(self.dataloaders[index_id])
/disk/rl/psm_wma/cosmos-framework/cosmos_framework/data/generator/joint_dataloader.py:831: UserWarning: Length of IterableDataset <cosmos_framework.data.generator.action.datasets.action_sft_dataset.ActionIterableShuffleDataset object at 0x7f4d88ebbce0> was reported to be 198(when accessing len(dataloader)), but 278 samples have been fetched. For multiprocessing data-loading, this could be caused by not properly configuring the IterableDataset replica at each worker. Please see https://pytorch.org/docs/stable/data.html#torch.utils.data.IterableDataset for examples.
  batch = next(self.dataloaders[index_id])
/disk/rl/psm_wma/cosmos-framework/cosmos_framework/data/generator/joint_dataloader.py:831: UserWarning: Length of IterableDataset <cosmos_framework.data.generator.action.datasets.action_sft_dataset.ActionIterableShuffleDataset object at 0x7f4d88ebbce0> was reported to be 198(when accessing len(dataloader)), but 279 samples have been fetched. For multiprocessing data-loading, this could be caused by not properly configuring the IterableDataset replica at each worker. Please see https://pytorch.org/docs/stable/data.html#torch.utils.data.IterableDataset for examples.
  batch = next(self.dataloaders[index_id])
/disk/rl/psm_wma/cosmos-framework/cosmos_framework/data/generator/joint_dataloader.py:831: UserWarning: Length of IterableDataset <cosmos_framework.data.generator.action.datasets.action_sft_dataset.ActionIterableShuffleDataset object at 0x7f4d88ebbce0> was reported to be 198(when accessing len(dataloader)), but 280 samples have been fetched. For multiprocessing data-loading, this could be caused by not properly configuring the IterableDataset replica at each worker. Please see https://pytorch.org/docs/stable/data.html#torch.utils.data.IterableDataset for examples.
  batch = next(self.dataloaders[index_id])
/disk/rl/psm_wma/cosmos-framework/cosmos_framework/data/generator/joint_dataloader.py:831: UserWarning: Length of IterableDataset <cosmos_framework.data.generator.action.datasets.action_sft_dataset.ActionIterableShuffleDataset object at 0x7f4d88ebbce0> was reported to be 198(when accessing len(dataloader)), but 281 samples have been fetched. For multiprocessing data-loading, this could be caused by not properly configuring the IterableDataset replica at each worker. Please see https://pytorch.org/docs/stable/data.html#torch.utils.data.IterableDataset for examples.
  batch = next(self.dataloaders[index_id])
/disk/rl/psm_wma/cosmos-framework/cosmos_framework/data/generator/joint_dataloader.py:831: UserWarning: Length of IterableDataset <cosmos_framework.data.generator.action.datasets.action_sft_dataset.ActionIterableShuffleDataset object at 0x7f4d88ebbce0> was reported to be 198(when accessing len(dataloader)), but 282 samples have been fetched. For multiprocessing data-loading, this could be caused by not properly configuring the IterableDataset replica at each worker. Please see https://pytorch.org/docs/stable/data.html#torch.utils.data.IterableDataset for examples.
  batch = next(self.dataloaders[index_id])
/disk/rl/psm_wma/cosmos-framework/cosmos_framework/data/generator/joint_dataloader.py:831: UserWarning: Length of IterableDataset <cosmos_framework.data.generator.action.datasets.action_sft_dataset.ActionIterableShuffleDataset object at 0x7f4d88ebbce0> was reported to be 198(when accessing len(dataloader)), but 283 samples have been fetched. For multiprocessing data-loading, this could be caused by not properly configuring the IterableDataset replica at each worker. Please see https://pytorch.org/docs/stable/data.html#torch.utils.data.IterableDataset for examples.
  batch = next(self.dataloaders[index_id])
/disk/rl/psm_wma/cosmos-framework/cosmos_framework/data/generator/joint_dataloader.py:831: UserWarning: Length of IterableDataset <cosmos_framework.data.generator.action.datasets.action_sft_dataset.ActionIterableShuffleDataset object at 0x7f4d88ebbce0> was reported to be 198(when accessing len(dataloader)), but 284 samples have been fetched. For multiprocessing data-loading, this could be caused by not properly configuring the IterableDataset replica at each worker. Please see https://pytorch.org/docs/stable/data.html#torch.utils.data.IterableDataset for examples.
  batch = next(self.dataloaders[index_id])
/disk/rl/psm_wma/cosmos-framework/cosmos_framework/data/generator/joint_dataloader.py:831: UserWarning: Length of IterableDataset <cosmos_framework.data.generator.action.datasets.action_sft_dataset.ActionIterableShuffleDataset object at 0x7f4d88ebbce0> was reported to be 198(when accessing len(dataloader)), but 285 samples have been fetched. For multiprocessing data-loading, this could be caused by not properly configuring the IterableDataset replica at each worker. Please see https://pytorch.org/docs/stable/data.html#torch.utils.data.IterableDataset for examples.
  batch = next(self.dataloaders[index_id])
/disk/rl/psm_wma/cosmos-framework/cosmos_framework/data/generator/joint_dataloader.py:831: UserWarning: Length of IterableDataset <cosmos_framework.data.generator.action.datasets.action_sft_dataset.ActionIterableShuffleDataset object at 0x7f4d88ebbce0> was reported to be 198(when accessing len(dataloader)), but 286 samples have been fetched. For multiprocessing data-loading, this could be caused by not properly configuring the IterableDataset replica at each worker. Please see https://pytorch.org/docs/stable/data.html#torch.utils.data.IterableDataset for examples.
  batch = next(self.dataloaders[index_id])
/disk/rl/psm_wma/cosmos-framework/cosmos_framework/data/generator/joint_dataloader.py:831: UserWarning: Length of IterableDataset <cosmos_framework.data.generator.action.datasets.action_sft_dataset.ActionIterableShuffleDataset object at 0x7f4d88ebbce0> was reported to be 198(when accessing len(dataloader)), but 287 samples have been fetched. For multiprocessing data-loading, this could be caused by not properly configuring the IterableDataset replica at each worker. Please see https://pytorch.org/docs/stable/data.html#torch.utils.data.IterableDataset for examples.
  batch = next(self.dataloaders[index_id])
/disk/rl/psm_wma/cosmos-framework/cosmos_framework/data/generator/joint_dataloader.py:831: UserWarning: Length of IterableDataset <cosmos_framework.data.generator.action.datasets.action_sft_dataset.ActionIterableShuffleDataset object at 0x7f4d88ebbce0> was reported to be 198(when accessing len(dataloader)), but 288 samples have been fetched. For multiprocessing data-loading, this could be caused by not properly configuring the IterableDataset replica at each worker. Please see https://pytorch.org/docs/stable/data.html#torch.utils.data.IterableDataset for examples.
  batch = next(self.dataloaders[index_id])
/disk/rl/psm_wma/cosmos-framework/cosmos_framework/data/generator/joint_dataloader.py:831: UserWarning: Length of IterableDataset <cosmos_framework.data.generator.action.datasets.action_sft_dataset.ActionIterableShuffleDataset object at 0x7f4d88ebbce0> was reported to be 198(when accessing len(dataloader)), but 289 samples have been fetched. For multiprocessing data-loading, this could be caused by not properly configuring the IterableDataset replica at each worker. Please see https://pytorch.org/docs/stable/data.html#torch.utils.data.IterableDataset for examples.
  batch = next(self.dataloaders[index_id])
/disk/rl/psm_wma/cosmos-framework/cosmos_framework/data/generator/joint_dataloader.py:831: UserWarning: Length of IterableDataset <cosmos_framework.data.generator.action.datasets.action_sft_dataset.ActionIterableShuffleDataset object at 0x7f4d88ebbce0> was reported to be 198(when accessing len(dataloader)), but 290 samples have been fetched. For multiprocessing data-loading, this could be caused by not properly configuring the IterableDataset replica at each worker. Please see https://pytorch.org/docs/stable/data.html#torch.utils.data.IterableDataset for examples.
  batch = next(self.dataloaders[index_id])
/disk/rl/psm_wma/cosmos-framework/cosmos_framework/data/generator/joint_dataloader.py:831: UserWarning: Length of IterableDataset <cosmos_framework.data.generator.action.datasets.action_sft_dataset.ActionIterableShuffleDataset object at 0x7f4d88ebbce0> was reported to be 198(when accessing len(dataloader)), but 291 samples have been fetched. For multiprocessing data-loading, this could be caused by not properly configuring the IterableDataset replica at each worker. Please see https://pytorch.org/docs/stable/data.html#torch.utils.data.IterableDataset for examples.
  batch = next(self.dataloaders[index_id])
/disk/rl/psm_wma/cosmos-framework/cosmos_framework/data/generator/joint_dataloader.py:831: UserWarning: Length of IterableDataset <cosmos_framework.data.generator.action.datasets.action_sft_dataset.ActionIterableShuffleDataset object at 0x7f4d88ebbce0> was reported to be 198(when accessing len(dataloader)), but 292 samples have been fetched. For multiprocessing data-loading, this could be caused by not properly configuring the IterableDataset replica at each worker. Please see https://pytorch.org/docs/stable/data.html#torch.utils.data.IterableDataset for examples.
  batch = next(self.dataloaders[index_id])
/disk/rl/psm_wma/cosmos-framework/cosmos_framework/data/generator/joint_dataloader.py:831: UserWarning: Length of IterableDataset <cosmos_framework.data.generator.action.datasets.action_sft_dataset.ActionIterableShuffleDataset object at 0x7f4d88ebbce0> was reported to be 198(when accessing len(dataloader)), but 293 samples have been fetched. For multiprocessing data-loading, this could be caused by not properly configuring the IterableDataset replica at each worker. Please see https://pytorch.org/docs/stable/data.html#torch.utils.data.IterableDataset for examples.
  batch = next(self.dataloaders[index_id])
/disk/rl/psm_wma/cosmos-framework/cosmos_framework/data/generator/joint_dataloader.py:831: UserWarning: Length of IterableDataset <cosmos_framework.data.generator.action.datasets.action_sft_dataset.ActionIterableShuffleDataset object at 0x7f4d88ebbce0> was reported to be 198(when accessing len(dataloader)), but 294 samples have been fetched. For multiprocessing data-loading, this could be caused by not properly configuring the IterableDataset replica at each worker. Please see https://pytorch.org/docs/stable/data.html#torch.utils.data.IterableDataset for examples.
  batch = next(self.dataloaders[index_id])
/disk/rl/psm_wma/cosmos-framework/cosmos_framework/data/generator/joint_dataloader.py:831: UserWarning: Length of IterableDataset <cosmos_framework.data.generator.action.datasets.action_sft_dataset.ActionIterableShuffleDataset object at 0x7f4d88ebbce0> was reported to be 198(when accessing len(dataloader)), but 295 samples have been fetched. For multiprocessing data-loading, this could be caused by not properly configuring the IterableDataset replica at each worker. Please see https://pytorch.org/docs/stable/data.html#torch.utils.data.IterableDataset for examples.
  batch = next(self.dataloaders[index_id])
/disk/rl/psm_wma/cosmos-framework/cosmos_framework/data/generator/joint_dataloader.py:831: UserWarning: Length of IterableDataset <cosmos_framework.data.generator.action.datasets.action_sft_dataset.ActionIterableShuffleDataset object at 0x7f4d88ebbce0> was reported to be 198(when accessing len(dataloader)), but 296 samples have been fetched. For multiprocessing data-loading, this could be caused by not properly configuring the IterableDataset replica at each worker. Please see https://pytorch.org/docs/stable/data.html#torch.utils.data.IterableDataset for examples.
  batch = next(self.dataloaders[index_id])
/disk/rl/psm_wma/cosmos-framework/cosmos_framework/data/generator/joint_dataloader.py:831: UserWarning: Length of IterableDataset <cosmos_framework.data.generator.action.datasets.action_sft_dataset.ActionIterableShuffleDataset object at 0x7f4d88ebbce0> was reported to be 198(when accessing len(dataloader)), but 297 samples have been fetched. For multiprocessing data-loading, this could be caused by not properly configuring the IterableDataset replica at each worker. Please see https://pytorch.org/docs/stable/data.html#torch.utils.data.IterableDataset for examples.
  batch = next(self.dataloaders[index_id])
/disk/rl/psm_wma/cosmos-framework/cosmos_framework/data/generator/joint_dataloader.py:831: UserWarning: Length of IterableDataset <cosmos_framework.data.generator.action.datasets.action_sft_dataset.ActionIterableShuffleDataset object at 0x7f4d88ebbce0> was reported to be 198(when accessing len(dataloader)), but 298 samples have been fetched. For multiprocessing data-loading, this could be caused by not properly configuring the IterableDataset replica at each worker. Please see https://pytorch.org/docs/stable/data.html#torch.utils.data.IterableDataset for examples.
  batch = next(self.dataloaders[index_id])
/disk/rl/psm_wma/cosmos-framework/cosmos_framework/data/generator/joint_dataloader.py:831: UserWarning: Length of IterableDataset <cosmos_framework.data.generator.action.datasets.action_sft_dataset.ActionIterableShuffleDataset object at 0x7f4d88ebbce0> was reported to be 198(when accessing len(dataloader)), but 299 samples have been fetched. For multiprocessing data-loading, this could be caused by not properly configuring the IterableDataset replica at each worker. Please see https://pytorch.org/docs/stable/data.html#torch.utils.data.IterableDataset for examples.
  batch = next(self.dataloaders[index_id])
/disk/rl/psm_wma/cosmos-framework/cosmos_framework/data/generator/joint_dataloader.py:831: UserWarning: Length of IterableDataset <cosmos_framework.data.generator.action.datasets.action_sft_dataset.ActionIterableShuffleDataset object at 0x7f4d88ebbce0> was reported to be 198(when accessing len(dataloader)), but 300 samples have been fetched. For multiprocessing data-loading, this could be caused by not properly configuring the IterableDataset replica at each worker. Please see https://pytorch.org/docs/stable/data.html#torch.utils.data.IterableDataset for examples.
  batch = next(self.dataloaders[index_id])
/disk/rl/psm_wma/cosmos-framework/cosmos_framework/data/generator/joint_dataloader.py:831: UserWarning: Length of IterableDataset <cosmos_framework.data.generator.action.datasets.action_sft_dataset.ActionIterableShuffleDataset object at 0x7f4d88ebbce0> was reported to be 198(when accessing len(dataloader)), but 301 samples have been fetched. For multiprocessing data-loading, this could be caused by not properly configuring the IterableDataset replica at each worker. Please see https://pytorch.org/docs/stable/data.html#torch.utils.data.IterableDataset for examples.
  batch = next(self.dataloaders[index_id])
/disk/rl/psm_wma/cosmos-framework/cosmos_framework/data/generator/joint_dataloader.py:831: UserWarning: Length of IterableDataset <cosmos_framework.data.generator.action.datasets.action_sft_dataset.ActionIterableShuffleDataset object at 0x7f4d88ebbce0> was reported to be 198(when accessing len(dataloader)), but 302 samples have been fetched. For multiprocessing data-loading, this could be caused by not properly configuring the IterableDataset replica at each worker. Please see https://pytorch.org/docs/stable/data.html#torch.utils.data.IterableDataset for examples.
  batch = next(self.dataloaders[index_id])
/disk/rl/psm_wma/cosmos-framework/cosmos_framework/data/generator/joint_dataloader.py:831: UserWarning: Length of IterableDataset <cosmos_framework.data.generator.action.datasets.action_sft_dataset.ActionIterableShuffleDataset object at 0x7f4d88ebbce0> was reported to be 198(when accessing len(dataloader)), but 303 samples have been fetched. For multiprocessing data-loading, this could be caused by not properly configuring the IterableDataset replica at each worker. Please see https://pytorch.org/docs/stable/data.html#torch.utils.data.IterableDataset for examples.
  batch = next(self.dataloaders[index_id])
/disk/rl/psm_wma/cosmos-framework/cosmos_framework/data/generator/joint_dataloader.py:831: UserWarning: Length of IterableDataset <cosmos_framework.data.generator.action.datasets.action_sft_dataset.ActionIterableShuffleDataset object at 0x7f4d88ebbce0> was reported to be 198(when accessing len(dataloader)), but 304 samples have been fetched. For multiprocessing data-loading, this could be caused by not properly configuring the IterableDataset replica at each worker. Please see https://pytorch.org/docs/stable/data.html#torch.utils.data.IterableDataset for examples.
  batch = next(self.dataloaders[index_id])
/disk/rl/psm_wma/cosmos-framework/cosmos_framework/data/generator/joint_dataloader.py:831: UserWarning: Length of IterableDataset <cosmos_framework.data.generator.action.datasets.action_sft_dataset.ActionIterableShuffleDataset object at 0x7f4d88ebbce0> was reported to be 198(when accessing len(dataloader)), but 305 samples have been fetched. For multiprocessing data-loading, this could be caused by not properly configuring the IterableDataset replica at each worker. Please see https://pytorch.org/docs/stable/data.html#torch.utils.data.IterableDataset for examples.
  batch = next(self.dataloaders[index_id])
/disk/rl/psm_wma/cosmos-framework/cosmos_framework/data/generator/joint_dataloader.py:831: UserWarning: Length of IterableDataset <cosmos_framework.data.generator.action.datasets.action_sft_dataset.ActionIterableShuffleDataset object at 0x7f4d88ebbce0> was reported to be 198(when accessing len(dataloader)), but 306 samples have been fetched. For multiprocessing data-loading, this could be caused by not properly configuring the IterableDataset replica at each worker. Please see https://pytorch.org/docs/stable/data.html#torch.utils.data.IterableDataset for examples.
  batch = next(self.dataloaders[index_id])
/disk/rl/psm_wma/cosmos-framework/cosmos_framework/data/generator/joint_dataloader.py:831: UserWarning: Length of IterableDataset <cosmos_framework.data.generator.action.datasets.action_sft_dataset.ActionIterableShuffleDataset object at 0x7f4d88ebbce0> was reported to be 198(when accessing len(dataloader)), but 307 samples have been fetched. For multiprocessing data-loading, this could be caused by not properly configuring the IterableDataset replica at each worker. Please see https://pytorch.org/docs/stable/data.html#torch.utils.data.IterableDataset for examples.
  batch = next(self.dataloaders[index_id])
/disk/rl/psm_wma/cosmos-framework/cosmos_framework/data/generator/joint_dataloader.py:831: UserWarning: Length of IterableDataset <cosmos_framework.data.generator.action.datasets.action_sft_dataset.ActionIterableShuffleDataset object at 0x7f4d88ebbce0> was reported to be 198(when accessing len(dataloader)), but 308 samples have been fetched. For multiprocessing data-loading, this could be caused by not properly configuring the IterableDataset replica at each worker. Please see https://pytorch.org/docs/stable/data.html#torch.utils.data.IterableDataset for examples.
  batch = next(self.dataloaders[index_id])
/disk/rl/psm_wma/cosmos-framework/cosmos_framework/data/generator/joint_dataloader.py:831: UserWarning: Length of IterableDataset <cosmos_framework.data.generator.action.datasets.action_sft_dataset.ActionIterableShuffleDataset object at 0x7f4d88ebbce0> was reported to be 198(when accessing len(dataloader)), but 309 samples have been fetched. For multiprocessing data-loading, this could be caused by not properly configuring the IterableDataset replica at each worker. Please see https://pytorch.org/docs/stable/data.html#torch.utils.data.IterableDataset for examples.
  batch = next(self.dataloaders[index_id])
/disk/rl/psm_wma/cosmos-framework/cosmos_framework/data/generator/joint_dataloader.py:831: UserWarning: Length of IterableDataset <cosmos_framework.data.generator.action.datasets.action_sft_dataset.ActionIterableShuffleDataset object at 0x7f4d88ebbce0> was reported to be 198(when accessing len(dataloader)), but 310 samples have been fetched. For multiprocessing data-loading, this could be caused by not properly configuring the IterableDataset replica at each worker. Please see https://pytorch.org/docs/stable/data.html#torch.utils.data.IterableDataset for examples.
  batch = next(self.dataloaders[index_id])
/disk/rl/psm_wma/cosmos-framework/cosmos_framework/data/generator/joint_dataloader.py:831: UserWarning: Length of IterableDataset <cosmos_framework.data.generator.action.datasets.action_sft_dataset.ActionIterableShuffleDataset object at 0x7f4d88ebbce0> was reported to be 198(when accessing len(dataloader)), but 311 samples have been fetched. For multiprocessing data-loading, this could be caused by not properly configuring the IterableDataset replica at each worker. Please see https://pytorch.org/docs/stable/data.html#torch.utils.data.IterableDataset for examples.
  batch = next(self.dataloaders[index_id])
/disk/rl/psm_wma/cosmos-framework/cosmos_framework/data/generator/joint_dataloader.py:831: UserWarning: Length of IterableDataset <cosmos_framework.data.generator.action.datasets.action_sft_dataset.ActionIterableShuffleDataset object at 0x7f4d88ebbce0> was reported to be 198(when accessing len(dataloader)), but 312 samples have been fetched. For multiprocessing data-loading, this could be caused by not properly configuring the IterableDataset replica at each worker. Please see https://pytorch.org/docs/stable/data.html#torch.utils.data.IterableDataset for examples.
  batch = next(self.dataloaders[index_id])
/disk/rl/psm_wma/cosmos-framework/cosmos_framework/data/generator/joint_dataloader.py:831: UserWarning: Length of IterableDataset <cosmos_framework.data.generator.action.datasets.action_sft_dataset.ActionIterableShuffleDataset object at 0x7f4d88ebbce0> was reported to be 198(when accessing len(dataloader)), but 313 samples have been fetched. For multiprocessing data-loading, this could be caused by not properly configuring the IterableDataset replica at each worker. Please see https://pytorch.org/docs/stable/data.html#torch.utils.data.IterableDataset for examples.
  batch = next(self.dataloaders[index_id])
/disk/rl/psm_wma/cosmos-framework/cosmos_framework/data/generator/joint_dataloader.py:831: UserWarning: Length of IterableDataset <cosmos_framework.data.generator.action.datasets.action_sft_dataset.ActionIterableShuffleDataset object at 0x7f4d88ebbce0> was reported to be 198(when accessing len(dataloader)), but 314 samples have been fetched. For multiprocessing data-loading, this could be caused by not properly configuring the IterableDataset replica at each worker. Please see https://pytorch.org/docs/stable/data.html#torch.utils.data.IterableDataset for examples.
  batch = next(self.dataloaders[index_id])
/disk/rl/psm_wma/cosmos-framework/cosmos_framework/data/generator/joint_dataloader.py:831: UserWarning: Length of IterableDataset <cosmos_framework.data.generator.action.datasets.action_sft_dataset.ActionIterableShuffleDataset object at 0x7f4d88ebbce0> was reported to be 198(when accessing len(dataloader)), but 315 samples have been fetched. For multiprocessing data-loading, this could be caused by not properly configuring the IterableDataset replica at each worker. Please see https://pytorch.org/docs/stable/data.html#torch.utils.data.IterableDataset for examples.
  batch = next(self.dataloaders[index_id])
/disk/rl/psm_wma/cosmos-framework/cosmos_framework/data/generator/joint_dataloader.py:831: UserWarning: Length of IterableDataset <cosmos_framework.data.generator.action.datasets.action_sft_dataset.ActionIterableShuffleDataset object at 0x7f4d88ebbce0> was reported to be 198(when accessing len(dataloader)), but 316 samples have been fetched. For multiprocessing data-loading, this could be caused by not properly configuring the IterableDataset replica at each worker. Please see https://pytorch.org/docs/stable/data.html#torch.utils.data.IterableDataset for examples.
  batch = next(self.dataloaders[index_id])
/disk/rl/psm_wma/cosmos-framework/cosmos_framework/data/generator/joint_dataloader.py:831: UserWarning: Length of IterableDataset <cosmos_framework.data.generator.action.datasets.action_sft_dataset.ActionIterableShuffleDataset object at 0x7f4d88ebbce0> was reported to be 198(when accessing len(dataloader)), but 317 samples have been fetched. For multiprocessing data-loading, this could be caused by not properly configuring the IterableDataset replica at each worker. Please see https://pytorch.org/docs/stable/data.html#torch.utils.data.IterableDataset for examples.
  batch = next(self.dataloaders[index_id])
/disk/rl/psm_wma/cosmos-framework/cosmos_framework/data/generator/joint_dataloader.py:831: UserWarning: Length of IterableDataset <cosmos_framework.data.generator.action.datasets.action_sft_dataset.ActionIterableShuffleDataset object at 0x7f4d88ebbce0> was reported to be 198(when accessing len(dataloader)), but 318 samples have been fetched. For multiprocessing data-loading, this could be caused by not properly configuring the IterableDataset replica at each worker. Please see https://pytorch.org/docs/stable/data.html#torch.utils.data.IterableDataset for examples.
  batch = next(self.dataloaders[index_id])
/disk/rl/psm_wma/cosmos-framework/cosmos_framework/data/generator/joint_dataloader.py:831: UserWarning: Length of IterableDataset <cosmos_framework.data.generator.action.datasets.action_sft_dataset.ActionIterableShuffleDataset object at 0x7f4d88ebbce0> was reported to be 198(when accessing len(dataloader)), but 319 samples have been fetched. For multiprocessing data-loading, this could be caused by not properly configuring the IterableDataset replica at each worker. Please see https://pytorch.org/docs/stable/data.html#torch.utils.data.IterableDataset for examples.
  batch = next(self.dataloaders[index_id])
/disk/rl/psm_wma/cosmos-framework/cosmos_framework/data/generator/joint_dataloader.py:831: UserWarning: Length of IterableDataset <cosmos_framework.data.generator.action.datasets.action_sft_dataset.ActionIterableShuffleDataset object at 0x7f4d88ebbce0> was reported to be 198(when accessing len(dataloader)), but 320 samples have been fetched. For multiprocessing data-loading, this could be caused by not properly configuring the IterableDataset replica at each worker. Please see https://pytorch.org/docs/stable/data.html#torch.utils.data.IterableDataset for examples.
  batch = next(self.dataloaders[index_id])
/disk/rl/psm_wma/cosmos-framework/cosmos_framework/data/generator/joint_dataloader.py:831: UserWarning: Length of IterableDataset <cosmos_framework.data.generator.action.datasets.action_sft_dataset.ActionIterableShuffleDataset object at 0x7f4d88ebbce0> was reported to be 198(when accessing len(dataloader)), but 321 samples have been fetched. For multiprocessing data-loading, this could be caused by not properly configuring the IterableDataset replica at each worker. Please see https://pytorch.org/docs/stable/data.html#torch.utils.data.IterableDataset for examples.
  batch = next(self.dataloaders[index_id])
/disk/rl/psm_wma/cosmos-framework/cosmos_framework/data/generator/joint_dataloader.py:831: UserWarning: Length of IterableDataset <cosmos_framework.data.generator.action.datasets.action_sft_dataset.ActionIterableShuffleDataset object at 0x7f4d88ebbce0> was reported to be 198(when accessing len(dataloader)), but 322 samples have been fetched. For multiprocessing data-loading, this could be caused by not properly configuring the IterableDataset replica at each worker. Please see https://pytorch.org/docs/stable/data.html#torch.utils.data.IterableDataset for examples.
  batch = next(self.dataloaders[index_id])
/disk/rl/psm_wma/cosmos-framework/cosmos_framework/data/generator/joint_dataloader.py:831: UserWarning: Length of IterableDataset <cosmos_framework.data.generator.action.datasets.action_sft_dataset.ActionIterableShuffleDataset object at 0x7f4d88ebbce0> was reported to be 198(when accessing len(dataloader)), but 323 samples have been fetched. For multiprocessing data-loading, this could be caused by not properly configuring the IterableDataset replica at each worker. Please see https://pytorch.org/docs/stable/data.html#torch.utils.data.IterableDataset for examples.
  batch = next(self.dataloaders[index_id])
/disk/rl/psm_wma/cosmos-framework/cosmos_framework/data/generator/joint_dataloader.py:831: UserWarning: Length of IterableDataset <cosmos_framework.data.generator.action.datasets.action_sft_dataset.ActionIterableShuffleDataset object at 0x7f4d88ebbce0> was reported to be 198(when accessing len(dataloader)), but 324 samples have been fetched. For multiprocessing data-loading, this could be caused by not properly configuring the IterableDataset replica at each worker. Please see https://pytorch.org/docs/stable/data.html#torch.utils.data.IterableDataset for examples.
  batch = next(self.dataloaders[index_id])
/disk/rl/psm_wma/cosmos-framework/cosmos_framework/data/generator/joint_dataloader.py:831: UserWarning: Length of IterableDataset <cosmos_framework.data.generator.action.datasets.action_sft_dataset.ActionIterableShuffleDataset object at 0x7f4d88ebbce0> was reported to be 198(when accessing len(dataloader)), but 325 samples have been fetched. For multiprocessing data-loading, this could be caused by not properly configuring the IterableDataset replica at each worker. Please see https://pytorch.org/docs/stable/data.html#torch.utils.data.IterableDataset for examples.
  batch = next(self.dataloaders[index_id])
/disk/rl/psm_wma/cosmos-framework/cosmos_framework/data/generator/joint_dataloader.py:831: UserWarning: Length of IterableDataset <cosmos_framework.data.generator.action.datasets.action_sft_dataset.ActionIterableShuffleDataset object at 0x7f4d88ebbce0> was reported to be 198(when accessing len(dataloader)), but 326 samples have been fetched. For multiprocessing data-loading, this could be caused by not properly configuring the IterableDataset replica at each worker. Please see https://pytorch.org/docs/stable/data.html#torch.utils.data.IterableDataset for examples.
  batch = next(self.dataloaders[index_id])
/disk/rl/psm_wma/cosmos-framework/cosmos_framework/data/generator/joint_dataloader.py:831: UserWarning: Length of IterableDataset <cosmos_framework.data.generator.action.datasets.action_sft_dataset.ActionIterableShuffleDataset object at 0x7f4d88ebbce0> was reported to be 198(when accessing len(dataloader)), but 327 samples have been fetched. For multiprocessing data-loading, this could be caused by not properly configuring the IterableDataset replica at each worker. Please see https://pytorch.org/docs/stable/data.html#torch.utils.data.IterableDataset for examples.
  batch = next(self.dataloaders[index_id])
/disk/rl/psm_wma/cosmos-framework/cosmos_framework/data/generator/joint_dataloader.py:831: UserWarning: Length of IterableDataset <cosmos_framework.data.generator.action.datasets.action_sft_dataset.ActionIterableShuffleDataset object at 0x7f4d88ebbce0> was reported to be 198(when accessing len(dataloader)), but 328 samples have been fetched. For multiprocessing data-loading, this could be caused by not properly configuring the IterableDataset replica at each worker. Please see https://pytorch.org/docs/stable/data.html#torch.utils.data.IterableDataset for examples.
  batch = next(self.dataloaders[index_id])
/disk/rl/psm_wma/cosmos-framework/cosmos_framework/data/generator/joint_dataloader.py:831: UserWarning: Length of IterableDataset <cosmos_framework.data.generator.action.datasets.action_sft_dataset.ActionIterableShuffleDataset object at 0x7f4d88ebbce0> was reported to be 198(when accessing len(dataloader)), but 329 samples have been fetched. For multiprocessing data-loading, this could be caused by not properly configuring the IterableDataset replica at each worker. Please see https://pytorch.org/docs/stable/data.html#torch.utils.data.IterableDataset for examples.
  batch = next(self.dataloaders[index_id])
/disk/rl/psm_wma/cosmos-framework/cosmos_framework/data/generator/joint_dataloader.py:831: UserWarning: Length of IterableDataset <cosmos_framework.data.generator.action.datasets.action_sft_dataset.ActionIterableShuffleDataset object at 0x7f4d88ebbce0> was reported to be 198(when accessing len(dataloader)), but 330 samples have been fetched. For multiprocessing data-loading, this could be caused by not properly configuring the IterableDataset replica at each worker. Please see https://pytorch.org/docs/stable/data.html#torch.utils.data.IterableDataset for examples.
  batch = next(self.dataloaders[index_id])
/disk/rl/psm_wma/cosmos-framework/cosmos_framework/data/generator/joint_dataloader.py:831: UserWarning: Length of IterableDataset <cosmos_framework.data.generator.action.datasets.action_sft_dataset.ActionIterableShuffleDataset object at 0x7f4d88ebbce0> was reported to be 198(when accessing len(dataloader)), but 331 samples have been fetched. For multiprocessing data-loading, this could be caused by not properly configuring the IterableDataset replica at each worker. Please see https://pytorch.org/docs/stable/data.html#torch.utils.data.IterableDataset for examples.
  batch = next(self.dataloaders[index_id])
/disk/rl/psm_wma/cosmos-framework/cosmos_framework/data/generator/joint_dataloader.py:831: UserWarning: Length of IterableDataset <cosmos_framework.data.generator.action.datasets.action_sft_dataset.ActionIterableShuffleDataset object at 0x7f4d88ebbce0> was reported to be 198(when accessing len(dataloader)), but 332 samples have been fetched. For multiprocessing data-loading, this could be caused by not properly configuring the IterableDataset replica at each worker. Please see https://pytorch.org/docs/stable/data.html#torch.utils.data.IterableDataset for examples.
  batch = next(self.dataloaders[index_id])
/disk/rl/psm_wma/cosmos-framework/cosmos_framework/data/generator/joint_dataloader.py:831: UserWarning: Length of IterableDataset <cosmos_framework.data.generator.action.datasets.action_sft_dataset.ActionIterableShuffleDataset object at 0x7f4d88ebbce0> was reported to be 198(when accessing len(dataloader)), but 333 samples have been fetched. For multiprocessing data-loading, this could be caused by not properly configuring the IterableDataset replica at each worker. Please see https://pytorch.org/docs/stable/data.html#torch.utils.data.IterableDataset for examples.
  batch = next(self.dataloaders[index_id])
/disk/rl/psm_wma/cosmos-framework/cosmos_framework/data/generator/joint_dataloader.py:831: UserWarning: Length of IterableDataset <cosmos_framework.data.generator.action.datasets.action_sft_dataset.ActionIterableShuffleDataset object at 0x7f4d88ebbce0> was reported to be 198(when accessing len(dataloader)), but 334 samples have been fetched. For multiprocessing data-loading, this could be caused by not properly configuring the IterableDataset replica at each worker. Please see https://pytorch.org/docs/stable/data.html#torch.utils.data.IterableDataset for examples.
  batch = next(self.dataloaders[index_id])
/disk/rl/psm_wma/cosmos-framework/cosmos_framework/data/generator/joint_dataloader.py:831: UserWarning: Length of IterableDataset <cosmos_framework.data.generator.action.datasets.action_sft_dataset.ActionIterableShuffleDataset object at 0x7f4d88ebbce0> was reported to be 198(when accessing len(dataloader)), but 335 samples have been fetched. For multiprocessing data-loading, this could be caused by not properly configuring the IterableDataset replica at each worker. Please see https://pytorch.org/docs/stable/data.html#torch.utils.data.IterableDataset for examples.
  batch = next(self.dataloaders[index_id])
/disk/rl/psm_wma/cosmos-framework/cosmos_framework/data/generator/joint_dataloader.py:831: UserWarning: Length of IterableDataset <cosmos_framework.data.generator.action.datasets.action_sft_dataset.ActionIterableShuffleDataset object at 0x7f4d88ebbce0> was reported to be 198(when accessing len(dataloader)), but 336 samples have been fetched. For multiprocessing data-loading, this could be caused by not properly configuring the IterableDataset replica at each worker. Please see https://pytorch.org/docs/stable/data.html#torch.utils.data.IterableDataset for examples.
  batch = next(self.dataloaders[index_id])
/disk/rl/psm_wma/cosmos-framework/cosmos_framework/data/generator/joint_dataloader.py:831: UserWarning: Length of IterableDataset <cosmos_framework.data.generator.action.datasets.action_sft_dataset.ActionIterableShuffleDataset object at 0x7f4d88ebbce0> was reported to be 198(when accessing len(dataloader)), but 337 samples have been fetched. For multiprocessing data-loading, this could be caused by not properly configuring the IterableDataset replica at each worker. Please see https://pytorch.org/docs/stable/data.html#torch.utils.data.IterableDataset for examples.
  batch = next(self.dataloaders[index_id])
/disk/rl/psm_wma/cosmos-framework/cosmos_framework/data/generator/joint_dataloader.py:831: UserWarning: Length of IterableDataset <cosmos_framework.data.generator.action.datasets.action_sft_dataset.ActionIterableShuffleDataset object at 0x7f4d88ebbce0> was reported to be 198(when accessing len(dataloader)), but 338 samples have been fetched. For multiprocessing data-loading, this could be caused by not properly configuring the IterableDataset replica at each worker. Please see https://pytorch.org/docs/stable/data.html#torch.utils.data.IterableDataset for examples.
  batch = next(self.dataloaders[index_id])
/disk/rl/psm_wma/cosmos-framework/cosmos_framework/data/generator/joint_dataloader.py:831: UserWarning: Length of IterableDataset <cosmos_framework.data.generator.action.datasets.action_sft_dataset.ActionIterableShuffleDataset object at 0x7f4d88ebbce0> was reported to be 198(when accessing len(dataloader)), but 339 samples have been fetched. For multiprocessing data-loading, this could be caused by not properly configuring the IterableDataset replica at each worker. Please see https://pytorch.org/docs/stable/data.html#torch.utils.data.IterableDataset for examples.
  batch = next(self.dataloaders[index_id])
/disk/rl/psm_wma/cosmos-framework/cosmos_framework/data/generator/joint_dataloader.py:831: UserWarning: Length of IterableDataset <cosmos_framework.data.generator.action.datasets.action_sft_dataset.ActionIterableShuffleDataset object at 0x7f4d88ebbce0> was reported to be 198(when accessing len(dataloader)), but 340 samples have been fetched. For multiprocessing data-loading, this could be caused by not properly configuring the IterableDataset replica at each worker. Please see https://pytorch.org/docs/stable/data.html#torch.utils.data.IterableDataset for examples.
  batch = next(self.dataloaders[index_id])
/disk/rl/psm_wma/cosmos-framework/cosmos_framework/data/generator/joint_dataloader.py:831: UserWarning: Length of IterableDataset <cosmos_framework.data.generator.action.datasets.action_sft_dataset.ActionIterableShuffleDataset object at 0x7f4d88ebbce0> was reported to be 198(when accessing len(dataloader)), but 341 samples have been fetched. For multiprocessing data-loading, this could be caused by not properly configuring the IterableDataset replica at each worker. Please see https://pytorch.org/docs/stable/data.html#torch.utils.data.IterableDataset for examples.
  batch = next(self.dataloaders[index_id])
/disk/rl/psm_wma/cosmos-framework/cosmos_framework/data/generator/joint_dataloader.py:831: UserWarning: Length of IterableDataset <cosmos_framework.data.generator.action.datasets.action_sft_dataset.ActionIterableShuffleDataset object at 0x7f4d88ebbce0> was reported to be 198(when accessing len(dataloader)), but 342 samples have been fetched. For multiprocessing data-loading, this could be caused by not properly configuring the IterableDataset replica at each worker. Please see https://pytorch.org/docs/stable/data.html#torch.utils.data.IterableDataset for examples.
  batch = next(self.dataloaders[index_id])
/disk/rl/psm_wma/cosmos-framework/cosmos_framework/data/generator/joint_dataloader.py:831: UserWarning: Length of IterableDataset <cosmos_framework.data.generator.action.datasets.action_sft_dataset.ActionIterableShuffleDataset object at 0x7f4d88ebbce0> was reported to be 198(when accessing len(dataloader)), but 343 samples have been fetched. For multiprocessing data-loading, this could be caused by not properly configuring the IterableDataset replica at each worker. Please see https://pytorch.org/docs/stable/data.html#torch.utils.data.IterableDataset for examples.
  batch = next(self.dataloaders[index_id])
/disk/rl/psm_wma/cosmos-framework/cosmos_framework/data/generator/joint_dataloader.py:831: UserWarning: Length of IterableDataset <cosmos_framework.data.generator.action.datasets.action_sft_dataset.ActionIterableShuffleDataset object at 0x7f4d88ebbce0> was reported to be 198(when accessing len(dataloader)), but 344 samples have been fetched. For multiprocessing data-loading, this could be caused by not properly configuring the IterableDataset replica at each worker. Please see https://pytorch.org/docs/stable/data.html#torch.utils.data.IterableDataset for examples.
  batch = next(self.dataloaders[index_id])
/disk/rl/psm_wma/cosmos-framework/cosmos_framework/data/generator/joint_dataloader.py:831: UserWarning: Length of IterableDataset <cosmos_framework.data.generator.action.datasets.action_sft_dataset.ActionIterableShuffleDataset object at 0x7f4d88ebbce0> was reported to be 198(when accessing len(dataloader)), but 345 samples have been fetched. For multiprocessing data-loading, this could be caused by not properly configuring the IterableDataset replica at each worker. Please see https://pytorch.org/docs/stable/data.html#torch.utils.data.IterableDataset for examples.
  batch = next(self.dataloaders[index_id])
/disk/rl/psm_wma/cosmos-framework/cosmos_framework/data/generator/joint_dataloader.py:831: UserWarning: Length of IterableDataset <cosmos_framework.data.generator.action.datasets.action_sft_dataset.ActionIterableShuffleDataset object at 0x7f4d88ebbce0> was reported to be 198(when accessing len(dataloader)), but 346 samples have been fetched. For multiprocessing data-loading, this could be caused by not properly configuring the IterableDataset replica at each worker. Please see https://pytorch.org/docs/stable/data.html#torch.utils.data.IterableDataset for examples.
  batch = next(self.dataloaders[index_id])
/disk/rl/psm_wma/cosmos-framework/cosmos_framework/data/generator/joint_dataloader.py:831: UserWarning: Length of IterableDataset <cosmos_framework.data.generator.action.datasets.action_sft_dataset.ActionIterableShuffleDataset object at 0x7f4d88ebbce0> was reported to be 198(when accessing len(dataloader)), but 347 samples have been fetched. For multiprocessing data-loading, this could be caused by not properly configuring the IterableDataset replica at each worker. Please see https://pytorch.org/docs/stable/data.html#torch.utils.data.IterableDataset for examples.
  batch = next(self.dataloaders[index_id])
/disk/rl/psm_wma/cosmos-framework/cosmos_framework/data/generator/joint_dataloader.py:831: UserWarning: Length of IterableDataset <cosmos_framework.data.generator.action.datasets.action_sft_dataset.ActionIterableShuffleDataset object at 0x7f4d88ebbce0> was reported to be 198(when accessing len(dataloader)), but 348 samples have been fetched. For multiprocessing data-loading, this could be caused by not properly configuring the IterableDataset replica at each worker. Please see https://pytorch.org/docs/stable/data.html#torch.utils.data.IterableDataset for examples.
  batch = next(self.dataloaders[index_id])
/disk/rl/psm_wma/cosmos-framework/cosmos_framework/data/generator/joint_dataloader.py:831: UserWarning: Length of IterableDataset <cosmos_framework.data.generator.action.datasets.action_sft_dataset.ActionIterableShuffleDataset object at 0x7f4d88ebbce0> was reported to be 198(when accessing len(dataloader)), but 349 samples have been fetched. For multiprocessing data-loading, this could be caused by not properly configuring the IterableDataset replica at each worker. Please see https://pytorch.org/docs/stable/data.html#torch.utils.data.IterableDataset for examples.
  batch = next(self.dataloaders[index_id])
/disk/rl/psm_wma/cosmos-framework/cosmos_framework/data/generator/joint_dataloader.py:831: UserWarning: Length of IterableDataset <cosmos_framework.data.generator.action.datasets.action_sft_dataset.ActionIterableShuffleDataset object at 0x7f4d88ebbce0> was reported to be 198(when accessing len(dataloader)), but 350 samples have been fetched. For multiprocessing data-loading, this could be caused by not properly configuring the IterableDataset replica at each worker. Please see https://pytorch.org/docs/stable/data.html#torch.utils.data.IterableDataset for examples.
  batch = next(self.dataloaders[index_id])
/disk/rl/psm_wma/cosmos-framework/cosmos_framework/data/generator/joint_dataloader.py:831: UserWarning: Length of IterableDataset <cosmos_framework.data.generator.action.datasets.action_sft_dataset.ActionIterableShuffleDataset object at 0x7f4d88ebbce0> was reported to be 198(when accessing len(dataloader)), but 351 samples have been fetched. For multiprocessing data-loading, this could be caused by not properly configuring the IterableDataset replica at each worker. Please see https://pytorch.org/docs/stable/data.html#torch.utils.data.IterableDataset for examples.
  batch = next(self.dataloaders[index_id])
/disk/rl/psm_wma/cosmos-framework/cosmos_framework/data/generator/joint_dataloader.py:831: UserWarning: Length of IterableDataset <cosmos_framework.data.generator.action.datasets.action_sft_dataset.ActionIterableShuffleDataset object at 0x7f4d88ebbce0> was reported to be 198(when accessing len(dataloader)), but 352 samples have been fetched. For multiprocessing data-loading, this could be caused by not properly configuring the IterableDataset replica at each worker. Please see https://pytorch.org/docs/stable/data.html#torch.utils.data.IterableDataset for examples.
  batch = next(self.dataloaders[index_id])
/disk/rl/psm_wma/cosmos-framework/cosmos_framework/data/generator/joint_dataloader.py:831: UserWarning: Length of IterableDataset <cosmos_framework.data.generator.action.datasets.action_sft_dataset.ActionIterableShuffleDataset object at 0x7f4d88ebbce0> was reported to be 198(when accessing len(dataloader)), but 353 samples have been fetched. For multiprocessing data-loading, this could be caused by not properly configuring the IterableDataset replica at each worker. Please see https://pytorch.org/docs/stable/data.html#torch.utils.data.IterableDataset for examples.
  batch = next(self.dataloaders[index_id])
/disk/rl/psm_wma/cosmos-framework/cosmos_framework/data/generator/joint_dataloader.py:831: UserWarning: Length of IterableDataset <cosmos_framework.data.generator.action.datasets.action_sft_dataset.ActionIterableShuffleDataset object at 0x7f4d88ebbce0> was reported to be 198(when accessing len(dataloader)), but 354 samples have been fetched. For multiprocessing data-loading, this could be caused by not properly configuring the IterableDataset replica at each worker. Please see https://pytorch.org/docs/stable/data.html#torch.utils.data.IterableDataset for examples.
  batch = next(self.dataloaders[index_id])
/disk/rl/psm_wma/cosmos-framework/cosmos_framework/data/generator/joint_dataloader.py:831: UserWarning: Length of IterableDataset <cosmos_framework.data.generator.action.datasets.action_sft_dataset.ActionIterableShuffleDataset object at 0x7f4d88ebbce0> was reported to be 198(when accessing len(dataloader)), but 355 samples have been fetched. For multiprocessing data-loading, this could be caused by not properly configuring the IterableDataset replica at each worker. Please see https://pytorch.org/docs/stable/data.html#torch.utils.data.IterableDataset for examples.
  batch = next(self.dataloaders[index_id])
/disk/rl/psm_wma/cosmos-framework/cosmos_framework/data/generator/joint_dataloader.py:831: UserWarning: Length of IterableDataset <cosmos_framework.data.generator.action.datasets.action_sft_dataset.ActionIterableShuffleDataset object at 0x7f4d88ebbce0> was reported to be 198(when accessing len(dataloader)), but 356 samples have been fetched. For multiprocessing data-loading, this could be caused by not properly configuring the IterableDataset replica at each worker. Please see https://pytorch.org/docs/stable/data.html#torch.utils.data.IterableDataset for examples.
  batch = next(self.dataloaders[index_id])
/disk/rl/psm_wma/cosmos-framework/cosmos_framework/data/generator/joint_dataloader.py:831: UserWarning: Length of IterableDataset <cosmos_framework.data.generator.action.datasets.action_sft_dataset.ActionIterableShuffleDataset object at 0x7f4d88ebbce0> was reported to be 198(when accessing len(dataloader)), but 357 samples have been fetched. For multiprocessing data-loading, this could be caused by not properly configuring the IterableDataset replica at each worker. Please see https://pytorch.org/docs/stable/data.html#torch.utils.data.IterableDataset for examples.
  batch = next(self.dataloaders[index_id])
/disk/rl/psm_wma/cosmos-framework/cosmos_framework/data/generator/joint_dataloader.py:831: UserWarning: Length of IterableDataset <cosmos_framework.data.generator.action.datasets.action_sft_dataset.ActionIterableShuffleDataset object at 0x7f4d88ebbce0> was reported to be 198(when accessing len(dataloader)), but 358 samples have been fetched. For multiprocessing data-loading, this could be caused by not properly configuring the IterableDataset replica at each worker. Please see https://pytorch.org/docs/stable/data.html#torch.utils.data.IterableDataset for examples.
  batch = next(self.dataloaders[index_id])
/disk/rl/psm_wma/cosmos-framework/cosmos_framework/data/generator/joint_dataloader.py:831: UserWarning: Length of IterableDataset <cosmos_framework.data.generator.action.datasets.action_sft_dataset.ActionIterableShuffleDataset object at 0x7f4d88ebbce0> was reported to be 198(when accessing len(dataloader)), but 359 samples have been fetched. For multiprocessing data-loading, this could be caused by not properly configuring the IterableDataset replica at each worker. Please see https://pytorch.org/docs/stable/data.html#torch.utils.data.IterableDataset for examples.
  batch = next(self.dataloaders[index_id])
/disk/rl/psm_wma/cosmos-framework/cosmos_framework/data/generator/joint_dataloader.py:831: UserWarning: Length of IterableDataset <cosmos_framework.data.generator.action.datasets.action_sft_dataset.ActionIterableShuffleDataset object at 0x7f4d88ebbce0> was reported to be 198(when accessing len(dataloader)), but 360 samples have been fetched. For multiprocessing data-loading, this could be caused by not properly configuring the IterableDataset replica at each worker. Please see https://pytorch.org/docs/stable/data.html#torch.utils.data.IterableDataset for examples.
  batch = next(self.dataloaders[index_id])
/disk/rl/psm_wma/cosmos-framework/cosmos_framework/data/generator/joint_dataloader.py:831: UserWarning: Length of IterableDataset <cosmos_framework.data.generator.action.datasets.action_sft_dataset.ActionIterableShuffleDataset object at 0x7f4d88ebbce0> was reported to be 198(when accessing len(dataloader)), but 361 samples have been fetched. For multiprocessing data-loading, this could be caused by not properly configuring the IterableDataset replica at each worker. Please see https://pytorch.org/docs/stable/data.html#torch.utils.data.IterableDataset for examples.
  batch = next(self.dataloaders[index_id])
/disk/rl/psm_wma/cosmos-framework/cosmos_framework/data/generator/joint_dataloader.py:831: UserWarning: Length of IterableDataset <cosmos_framework.data.generator.action.datasets.action_sft_dataset.ActionIterableShuffleDataset object at 0x7f4d88ebbce0> was reported to be 198(when accessing len(dataloader)), but 362 samples have been fetched. For multiprocessing data-loading, this could be caused by not properly configuring the IterableDataset replica at each worker. Please see https://pytorch.org/docs/stable/data.html#torch.utils.data.IterableDataset for examples.
  batch = next(self.dataloaders[index_id])
/disk/rl/psm_wma/cosmos-framework/cosmos_framework/data/generator/joint_dataloader.py:831: UserWarning: Length of IterableDataset <cosmos_framework.data.generator.action.datasets.action_sft_dataset.ActionIterableShuffleDataset object at 0x7f4d88ebbce0> was reported to be 198(when accessing len(dataloader)), but 363 samples have been fetched. For multiprocessing data-loading, this could be caused by not properly configuring the IterableDataset replica at each worker. Please see https://pytorch.org/docs/stable/data.html#torch.utils.data.IterableDataset for examples.
  batch = next(self.dataloaders[index_id])
/disk/rl/psm_wma/cosmos-framework/cosmos_framework/data/generator/joint_dataloader.py:831: UserWarning: Length of IterableDataset <cosmos_framework.data.generator.action.datasets.action_sft_dataset.ActionIterableShuffleDataset object at 0x7f4d88ebbce0> was reported to be 198(when accessing len(dataloader)), but 364 samples have been fetched. For multiprocessing data-loading, this could be caused by not properly configuring the IterableDataset replica at each worker. Please see https://pytorch.org/docs/stable/data.html#torch.utils.data.IterableDataset for examples.
  batch = next(self.dataloaders[index_id])
/disk/rl/psm_wma/cosmos-framework/cosmos_framework/data/generator/joint_dataloader.py:831: UserWarning: Length of IterableDataset <cosmos_framework.data.generator.action.datasets.action_sft_dataset.ActionIterableShuffleDataset object at 0x7f4d88ebbce0> was reported to be 198(when accessing len(dataloader)), but 365 samples have been fetched. For multiprocessing data-loading, this could be caused by not properly configuring the IterableDataset replica at each worker. Please see https://pytorch.org/docs/stable/data.html#torch.utils.data.IterableDataset for examples.
  batch = next(self.dataloaders[index_id])
/disk/rl/psm_wma/cosmos-framework/cosmos_framework/data/generator/joint_dataloader.py:831: UserWarning: Length of IterableDataset <cosmos_framework.data.generator.action.datasets.action_sft_dataset.ActionIterableShuffleDataset object at 0x7f4d88ebbce0> was reported to be 198(when accessing len(dataloader)), but 366 samples have been fetched. For multiprocessing data-loading, this could be caused by not properly configuring the IterableDataset replica at each worker. Please see https://pytorch.org/docs/stable/data.html#torch.utils.data.IterableDataset for examples.
  batch = next(self.dataloaders[index_id])
/disk/rl/psm_wma/cosmos-framework/cosmos_framework/data/generator/joint_dataloader.py:831: UserWarning: Length of IterableDataset <cosmos_framework.data.generator.action.datasets.action_sft_dataset.ActionIterableShuffleDataset object at 0x7f4d88ebbce0> was reported to be 198(when accessing len(dataloader)), but 367 samples have been fetched. For multiprocessing data-loading, this could be caused by not properly configuring the IterableDataset replica at each worker. Please see https://pytorch.org/docs/stable/data.html#torch.utils.data.IterableDataset for examples.
  batch = next(self.dataloaders[index_id])
/disk/rl/psm_wma/cosmos-framework/cosmos_framework/data/generator/joint_dataloader.py:831: UserWarning: Length of IterableDataset <cosmos_framework.data.generator.action.datasets.action_sft_dataset.ActionIterableShuffleDataset object at 0x7f4d88ebbce0> was reported to be 198(when accessing len(dataloader)), but 368 samples have been fetched. For multiprocessing data-loading, this could be caused by not properly configuring the IterableDataset replica at each worker. Please see https://pytorch.org/docs/stable/data.html#torch.utils.data.IterableDataset for examples.
  batch = next(self.dataloaders[index_id])
/disk/rl/psm_wma/cosmos-framework/cosmos_framework/data/generator/joint_dataloader.py:831: UserWarning: Length of IterableDataset <cosmos_framework.data.generator.action.datasets.action_sft_dataset.ActionIterableShuffleDataset object at 0x7f4d88ebbce0> was reported to be 198(when accessing len(dataloader)), but 369 samples have been fetched. For multiprocessing data-loading, this could be caused by not properly configuring the IterableDataset replica at each worker. Please see https://pytorch.org/docs/stable/data.html#torch.utils.data.IterableDataset for examples.
  batch = next(self.dataloaders[index_id])
/disk/rl/psm_wma/cosmos-framework/cosmos_framework/data/generator/joint_dataloader.py:831: UserWarning: Length of IterableDataset <cosmos_framework.data.generator.action.datasets.action_sft_dataset.ActionIterableShuffleDataset object at 0x7f4d88ebbce0> was reported to be 198(when accessing len(dataloader)), but 370 samples have been fetched. For multiprocessing data-loading, this could be caused by not properly configuring the IterableDataset replica at each worker. Please see https://pytorch.org/docs/stable/data.html#torch.utils.data.IterableDataset for examples.
  batch = next(self.dataloaders[index_id])
/disk/rl/psm_wma/cosmos-framework/cosmos_framework/data/generator/joint_dataloader.py:831: UserWarning: Length of IterableDataset <cosmos_framework.data.generator.action.datasets.action_sft_dataset.ActionIterableShuffleDataset object at 0x7f4d88ebbce0> was reported to be 198(when accessing len(dataloader)), but 371 samples have been fetched. For multiprocessing data-loading, this could be caused by not properly configuring the IterableDataset replica at each worker. Please see https://pytorch.org/docs/stable/data.html#torch.utils.data.IterableDataset for examples.
  batch = next(self.dataloaders[index_id])
/disk/rl/psm_wma/cosmos-framework/cosmos_framework/data/generator/joint_dataloader.py:831: UserWarning: Length of IterableDataset <cosmos_framework.data.generator.action.datasets.action_sft_dataset.ActionIterableShuffleDataset object at 0x7f4d88ebbce0> was reported to be 198(when accessing len(dataloader)), but 372 samples have been fetched. For multiprocessing data-loading, this could be caused by not properly configuring the IterableDataset replica at each worker. Please see https://pytorch.org/docs/stable/data.html#torch.utils.data.IterableDataset for examples.
  batch = next(self.dataloaders[index_id])
/disk/rl/psm_wma/cosmos-framework/cosmos_framework/data/generator/joint_dataloader.py:831: UserWarning: Length of IterableDataset <cosmos_framework.data.generator.action.datasets.action_sft_dataset.ActionIterableShuffleDataset object at 0x7f4d88ebbce0> was reported to be 198(when accessing len(dataloader)), but 373 samples have been fetched. For multiprocessing data-loading, this could be caused by not properly configuring the IterableDataset replica at each worker. Please see https://pytorch.org/docs/stable/data.html#torch.utils.data.IterableDataset for examples.
  batch = next(self.dataloaders[index_id])
/disk/rl/psm_wma/cosmos-framework/cosmos_framework/data/generator/joint_dataloader.py:831: UserWarning: Length of IterableDataset <cosmos_framework.data.generator.action.datasets.action_sft_dataset.ActionIterableShuffleDataset object at 0x7f4d88ebbce0> was reported to be 198(when accessing len(dataloader)), but 374 samples have been fetched. For multiprocessing data-loading, this could be caused by not properly configuring the IterableDataset replica at each worker. Please see https://pytorch.org/docs/stable/data.html#torch.utils.data.IterableDataset for examples.
  batch = next(self.dataloaders[index_id])
/disk/rl/psm_wma/cosmos-framework/cosmos_framework/data/generator/joint_dataloader.py:831: UserWarning: Length of IterableDataset <cosmos_framework.data.generator.action.datasets.action_sft_dataset.ActionIterableShuffleDataset object at 0x7f4d88ebbce0> was reported to be 198(when accessing len(dataloader)), but 375 samples have been fetched. For multiprocessing data-loading, this could be caused by not properly configuring the IterableDataset replica at each worker. Please see https://pytorch.org/docs/stable/data.html#torch.utils.data.IterableDataset for examples.
  batch = next(self.dataloaders[index_id])
/disk/rl/psm_wma/cosmos-framework/cosmos_framework/data/generator/joint_dataloader.py:831: UserWarning: Length of IterableDataset <cosmos_framework.data.generator.action.datasets.action_sft_dataset.ActionIterableShuffleDataset object at 0x7f4d88ebbce0> was reported to be 198(when accessing len(dataloader)), but 376 samples have been fetched. For multiprocessing data-loading, this could be caused by not properly configuring the IterableDataset replica at each worker. Please see https://pytorch.org/docs/stable/data.html#torch.utils.data.IterableDataset for examples.
  batch = next(self.dataloaders[index_id])
/disk/rl/psm_wma/cosmos-framework/cosmos_framework/data/generator/joint_dataloader.py:831: UserWarning: Length of IterableDataset <cosmos_framework.data.generator.action.datasets.action_sft_dataset.ActionIterableShuffleDataset object at 0x7f4d88ebbce0> was reported to be 198(when accessing len(dataloader)), but 377 samples have been fetched. For multiprocessing data-loading, this could be caused by not properly configuring the IterableDataset replica at each worker. Please see https://pytorch.org/docs/stable/data.html#torch.utils.data.IterableDataset for examples.
  batch = next(self.dataloaders[index_id])
/disk/rl/psm_wma/cosmos-framework/cosmos_framework/data/generator/joint_dataloader.py:831: UserWarning: Length of IterableDataset <cosmos_framework.data.generator.action.datasets.action_sft_dataset.ActionIterableShuffleDataset object at 0x7f4d88ebbce0> was reported to be 198(when accessing len(dataloader)), but 378 samples have been fetched. For multiprocessing data-loading, this could be caused by not properly configuring the IterableDataset replica at each worker. Please see https://pytorch.org/docs/stable/data.html#torch.utils.data.IterableDataset for examples.
  batch = next(self.dataloaders[index_id])
/disk/rl/psm_wma/cosmos-framework/cosmos_framework/data/generator/joint_dataloader.py:831: UserWarning: Length of IterableDataset <cosmos_framework.data.generator.action.datasets.action_sft_dataset.ActionIterableShuffleDataset object at 0x7f4d88ebbce0> was reported to be 198(when accessing len(dataloader)), but 379 samples have been fetched. For multiprocessing data-loading, this could be caused by not properly configuring the IterableDataset replica at each worker. Please see https://pytorch.org/docs/stable/data.html#torch.utils.data.IterableDataset for examples.
  batch = next(self.dataloaders[index_id])
/disk/rl/psm_wma/cosmos-framework/cosmos_framework/data/generator/joint_dataloader.py:831: UserWarning: Length of IterableDataset <cosmos_framework.data.generator.action.datasets.action_sft_dataset.ActionIterableShuffleDataset object at 0x7f4d88ebbce0> was reported to be 198(when accessing len(dataloader)), but 380 samples have been fetched. For multiprocessing data-loading, this could be caused by not properly configuring the IterableDataset replica at each worker. Please see https://pytorch.org/docs/stable/data.html#torch.utils.data.IterableDataset for examples.
  batch = next(self.dataloaders[index_id])
/disk/rl/psm_wma/cosmos-framework/cosmos_framework/data/generator/joint_dataloader.py:831: UserWarning: Length of IterableDataset <cosmos_framework.data.generator.action.datasets.action_sft_dataset.ActionIterableShuffleDataset object at 0x7f4d88ebbce0> was reported to be 198(when accessing len(dataloader)), but 381 samples have been fetched. For multiprocessing data-loading, this could be caused by not properly configuring the IterableDataset replica at each worker. Please see https://pytorch.org/docs/stable/data.html#torch.utils.data.IterableDataset for examples.
  batch = next(self.dataloaders[index_id])
/disk/rl/psm_wma/cosmos-framework/cosmos_framework/data/generator/joint_dataloader.py:831: UserWarning: Length of IterableDataset <cosmos_framework.data.generator.action.datasets.action_sft_dataset.ActionIterableShuffleDataset object at 0x7f4d88ebbce0> was reported to be 198(when accessing len(dataloader)), but 382 samples have been fetched. For multiprocessing data-loading, this could be caused by not properly configuring the IterableDataset replica at each worker. Please see https://pytorch.org/docs/stable/data.html#torch.utils.data.IterableDataset for examples.
  batch = next(self.dataloaders[index_id])
/disk/rl/psm_wma/cosmos-framework/cosmos_framework/data/generator/joint_dataloader.py:831: UserWarning: Length of IterableDataset <cosmos_framework.data.generator.action.datasets.action_sft_dataset.ActionIterableShuffleDataset object at 0x7f4d88ebbce0> was reported to be 198(when accessing len(dataloader)), but 383 samples have been fetched. For multiprocessing data-loading, this could be caused by not properly configuring the IterableDataset replica at each worker. Please see https://pytorch.org/docs/stable/data.html#torch.utils.data.IterableDataset for examples.
  batch = next(self.dataloaders[index_id])
/disk/rl/psm_wma/cosmos-framework/cosmos_framework/data/generator/joint_dataloader.py:831: UserWarning: Length of IterableDataset <cosmos_framework.data.generator.action.datasets.action_sft_dataset.ActionIterableShuffleDataset object at 0x7f4d88ebbce0> was reported to be 198(when accessing len(dataloader)), but 384 samples have been fetched. For multiprocessing data-loading, this could be caused by not properly configuring the IterableDataset replica at each worker. Please see https://pytorch.org/docs/stable/data.html#torch.utils.data.IterableDataset for examples.
  batch = next(self.dataloaders[index_id])
/disk/rl/psm_wma/cosmos-framework/cosmos_framework/data/generator/joint_dataloader.py:831: UserWarning: Length of IterableDataset <cosmos_framework.data.generator.action.datasets.action_sft_dataset.ActionIterableShuffleDataset object at 0x7f4d88d00ad0> was reported to be 94(when accessing len(dataloader)), but 385 samples have been fetched. For multiprocessing data-loading, this could be caused by not properly configuring the IterableDataset replica at each worker. Please see https://pytorch.org/docs/stable/data.html#torch.utils.data.IterableDataset for examples.
  batch = next(self.dataloaders[index_id])
/disk/rl/psm_wma/cosmos-framework/cosmos_framework/data/generator/joint_dataloader.py:831: UserWarning: Length of IterableDataset <cosmos_framework.data.generator.action.datasets.action_sft_dataset.ActionIterableShuffleDataset object at 0x7f4d88d00ad0> was reported to be 94(when accessing len(dataloader)), but 386 samples have been fetched. For multiprocessing data-loading, this could be caused by not properly configuring the IterableDataset replica at each worker. Please see https://pytorch.org/docs/stable/data.html#torch.utils.data.IterableDataset for examples.
  batch = next(self.dataloaders[index_id])
/disk/rl/psm_wma/cosmos-framework/cosmos_framework/data/generator/joint_dataloader.py:831: UserWarning: Length of IterableDataset <cosmos_framework.data.generator.action.datasets.action_sft_dataset.ActionIterableShuffleDataset object at 0x7f4d88d00ad0> was reported to be 94(when accessing len(dataloader)), but 387 samples have been fetched. For multiprocessing data-loading, this could be caused by not properly configuring the IterableDataset replica at each worker. Please see https://pytorch.org/docs/stable/data.html#torch.utils.data.IterableDataset for examples.
  batch = next(self.dataloaders[index_id])
/disk/rl/psm_wma/cosmos-framework/cosmos_framework/data/generator/joint_dataloader.py:831: UserWarning: Length of IterableDataset <cosmos_framework.data.generator.action.datasets.action_sft_dataset.ActionIterableShuffleDataset object at 0x7f4d88d00ad0> was reported to be 94(when accessing len(dataloader)), but 388 samples have been fetched. For multiprocessing data-loading, this could be caused by not properly configuring the IterableDataset replica at each worker. Please see https://pytorch.org/docs/stable/data.html#torch.utils.data.IterableDataset for examples.
  batch = next(self.dataloaders[index_id])
/disk/rl/psm_wma/cosmos-framework/cosmos_framework/data/generator/joint_dataloader.py:831: UserWarning: Length of IterableDataset <cosmos_framework.data.generator.action.datasets.action_sft_dataset.ActionIterableShuffleDataset object at 0x7f4d88d00ad0> was reported to be 94(when accessing len(dataloader)), but 389 samples have been fetched. For multiprocessing data-loading, this could be caused by not properly configuring the IterableDataset replica at each worker. Please see https://pytorch.org/docs/stable/data.html#torch.utils.data.IterableDataset for examples.
  batch = next(self.dataloaders[index_id])
/disk/rl/psm_wma/cosmos-framework/cosmos_framework/data/generator/joint_dataloader.py:831: UserWarning: Length of IterableDataset <cosmos_framework.data.generator.action.datasets.action_sft_dataset.ActionIterableShuffleDataset object at 0x7f4d88d00ad0> was reported to be 94(when accessing len(dataloader)), but 390 samples have been fetched. For multiprocessing data-loading, this could be caused by not properly configuring the IterableDataset replica at each worker. Please see https://pytorch.org/docs/stable/data.html#torch.utils.data.IterableDataset for examples.
  batch = next(self.dataloaders[index_id])
/disk/rl/psm_wma/cosmos-framework/cosmos_framework/data/generator/joint_dataloader.py:831: UserWarning: Length of IterableDataset <cosmos_framework.data.generator.action.datasets.action_sft_dataset.ActionIterableShuffleDataset object at 0x7f4d88d00ad0> was reported to be 94(when accessing len(dataloader)), but 391 samples have been fetched. For multiprocessing data-loading, this could be caused by not properly configuring the IterableDataset replica at each worker. Please see https://pytorch.org/docs/stable/data.html#torch.utils.data.IterableDataset for examples.
  batch = next(self.dataloaders[index_id])
/disk/rl/psm_wma/cosmos-framework/cosmos_framework/data/generator/joint_dataloader.py:831: UserWarning: Length of IterableDataset <cosmos_framework.data.generator.action.datasets.action_sft_dataset.ActionIterableShuffleDataset object at 0x7f4d88d00ad0> was reported to be 94(when accessing len(dataloader)), but 392 samples have been fetched. For multiprocessing data-loading, this could be caused by not properly configuring the IterableDataset replica at each worker. Please see https://pytorch.org/docs/stable/data.html#torch.utils.data.IterableDataset for examples.
  batch = next(self.dataloaders[index_id])
/disk/rl/psm_wma/cosmos-framework/cosmos_framework/data/generator/joint_dataloader.py:831: UserWarning: Length of IterableDataset <cosmos_framework.data.generator.action.datasets.action_sft_dataset.ActionIterableShuffleDataset object at 0x7f4d88d00ad0> was reported to be 94(when accessing len(dataloader)), but 393 samples have been fetched. For multiprocessing data-loading, this could be caused by not properly configuring the IterableDataset replica at each worker. Please see https://pytorch.org/docs/stable/data.html#torch.utils.data.IterableDataset for examples.
  batch = next(self.dataloaders[index_id])
/disk/rl/psm_wma/cosmos-framework/cosmos_framework/data/generator/joint_dataloader.py:831: UserWarning: Length of IterableDataset <cosmos_framework.data.generator.action.datasets.action_sft_dataset.ActionIterableShuffleDataset object at 0x7f4d88d00ad0> was reported to be 94(when accessing len(dataloader)), but 394 samples have been fetched. For multiprocessing data-loading, this could be caused by not properly configuring the IterableDataset replica at each worker. Please see https://pytorch.org/docs/stable/data.html#torch.utils.data.IterableDataset for examples.
  batch = next(self.dataloaders[index_id])
/disk/rl/psm_wma/cosmos-framework/cosmos_framework/data/generator/joint_dataloader.py:831: UserWarning: Length of IterableDataset <cosmos_framework.data.generator.action.datasets.action_sft_dataset.ActionIterableShuffleDataset object at 0x7f4d88d00ad0> was reported to be 94(when accessing len(dataloader)), but 395 samples have been fetched. For multiprocessing data-loading, this could be caused by not properly configuring the IterableDataset replica at each worker. Please see https://pytorch.org/docs/stable/data.html#torch.utils.data.IterableDataset for examples.
  batch = next(self.dataloaders[index_id])
/disk/rl/psm_wma/cosmos-framework/cosmos_framework/data/generator/joint_dataloader.py:831: UserWarning: Length of IterableDataset <cosmos_framework.data.generator.action.datasets.action_sft_dataset.ActionIterableShuffleDataset object at 0x7f4d88d00ad0> was reported to be 94(when accessing len(dataloader)), but 396 samples have been fetched. For multiprocessing data-loading, this could be caused by not properly configuring the IterableDataset replica at each worker. Please see https://pytorch.org/docs/stable/data.html#torch.utils.data.IterableDataset for examples.
  batch = next(self.dataloaders[index_id])
/disk/rl/psm_wma/cosmos-framework/cosmos_framework/data/generator/joint_dataloader.py:831: UserWarning: Length of IterableDataset <cosmos_framework.data.generator.action.datasets.action_sft_dataset.ActionIterableShuffleDataset object at 0x7f4d88d00ad0> was reported to be 94(when accessing len(dataloader)), but 397 samples have been fetched. For multiprocessing data-loading, this could be caused by not properly configuring the IterableDataset replica at each worker. Please see https://pytorch.org/docs/stable/data.html#torch.utils.data.IterableDataset for examples.
  batch = next(self.dataloaders[index_id])
/disk/rl/psm_wma/cosmos-framework/cosmos_framework/data/generator/joint_dataloader.py:831: UserWarning: Length of IterableDataset <cosmos_framework.data.generator.action.datasets.action_sft_dataset.ActionIterableShuffleDataset object at 0x7f4d88d00ad0> was reported to be 94(when accessing len(dataloader)), but 398 samples have been fetched. For multiprocessing data-loading, this could be caused by not properly configuring the IterableDataset replica at each worker. Please see https://pytorch.org/docs/stable/data.html#torch.utils.data.IterableDataset for examples.
  batch = next(self.dataloaders[index_id])
/disk/rl/psm_wma/cosmos-framework/cosmos_framework/data/generator/joint_dataloader.py:831: UserWarning: Length of IterableDataset <cosmos_framework.data.generator.action.datasets.action_sft_dataset.ActionIterableShuffleDataset object at 0x7f4d88d00ad0> was reported to be 94(when accessing len(dataloader)), but 399 samples have been fetched. For multiprocessing data-loading, this could be caused by not properly configuring the IterableDataset replica at each worker. Please see https://pytorch.org/docs/stable/data.html#torch.utils.data.IterableDataset for examples.
  batch = next(self.dataloaders[index_id])
/disk/rl/psm_wma/cosmos-framework/cosmos_framework/data/generator/joint_dataloader.py:831: UserWarning: Length of IterableDataset <cosmos_framework.data.generator.action.datasets.action_sft_dataset.ActionIterableShuffleDataset object at 0x7f4d88d00ad0> was reported to be 94(when accessing len(dataloader)), but 400 samples have been fetched. For multiprocessing data-loading, this could be caused by not properly configuring the IterableDataset replica at each worker. Please see https://pytorch.org/docs/stable/data.html#torch.utils.data.IterableDataset for examples.
  batch = next(self.dataloaders[index_id])
/disk/rl/psm_wma/cosmos-framework/cosmos_framework/data/generator/joint_dataloader.py:831: UserWarning: Length of IterableDataset <cosmos_framework.data.generator.action.datasets.action_sft_dataset.ActionIterableShuffleDataset object at 0x7f4d88d00ad0> was reported to be 94(when accessing len(dataloader)), but 401 samples have been fetched. For multiprocessing data-loading, this could be caused by not properly configuring the IterableDataset replica at each worker. Please see https://pytorch.org/docs/stable/data.html#torch.utils.data.IterableDataset for examples.
  batch = next(self.dataloaders[index_id])
/disk/rl/psm_wma/cosmos-framework/cosmos_framework/data/generator/joint_dataloader.py:831: UserWarning: Length of IterableDataset <cosmos_framework.data.generator.action.datasets.action_sft_dataset.ActionIterableShuffleDataset object at 0x7f4d88d00ad0> was reported to be 94(when accessing len(dataloader)), but 402 samples have been fetched. For multiprocessing data-loading, this could be caused by not properly configuring the IterableDataset replica at each worker. Please see https://pytorch.org/docs/stable/data.html#torch.utils.data.IterableDataset for examples.
  batch = next(self.dataloaders[index_id])
/disk/rl/psm_wma/cosmos-framework/cosmos_framework/data/generator/joint_dataloader.py:831: UserWarning: Length of IterableDataset <cosmos_framework.data.generator.action.datasets.action_sft_dataset.ActionIterableShuffleDataset object at 0x7f4d88d00ad0> was reported to be 94(when accessing len(dataloader)), but 403 samples have been fetched. For multiprocessing data-loading, this could be caused by not properly configuring the IterableDataset replica at each worker. Please see https://pytorch.org/docs/stable/data.html#torch.utils.data.IterableDataset for examples.
  batch = next(self.dataloaders[index_id])
/disk/rl/psm_wma/cosmos-framework/cosmos_framework/data/generator/joint_dataloader.py:831: UserWarning: Length of IterableDataset <cosmos_framework.data.generator.action.datasets.action_sft_dataset.ActionIterableShuffleDataset object at 0x7f4d88d00ad0> was reported to be 94(when accessing len(dataloader)), but 404 samples have been fetched. For multiprocessing data-loading, this could be caused by not properly configuring the IterableDataset replica at each worker. Please see https://pytorch.org/docs/stable/data.html#torch.utils.data.IterableDataset for examples.
  batch = next(self.dataloaders[index_id])
/disk/rl/psm_wma/cosmos-framework/cosmos_framework/data/generator/joint_dataloader.py:831: UserWarning: Length of IterableDataset <cosmos_framework.data.generator.action.datasets.action_sft_dataset.ActionIterableShuffleDataset object at 0x7f4d88d00ad0> was reported to be 94(when accessing len(dataloader)), but 405 samples have been fetched. For multiprocessing data-loading, this could be caused by not properly configuring the IterableDataset replica at each worker. Please see https://pytorch.org/docs/stable/data.html#torch.utils.data.IterableDataset for examples.
  batch = next(self.dataloaders[index_id])
/disk/rl/psm_wma/cosmos-framework/cosmos_framework/data/generator/joint_dataloader.py:831: UserWarning: Length of IterableDataset <cosmos_framework.data.generator.action.datasets.action_sft_dataset.ActionIterableShuffleDataset object at 0x7f4d88d00ad0> was reported to be 94(when accessing len(dataloader)), but 406 samples have been fetched. For multiprocessing data-loading, this could be caused by not properly configuring the IterableDataset replica at each worker. Please see https://pytorch.org/docs/stable/data.html#torch.utils.data.IterableDataset for examples.
  batch = next(self.dataloaders[index_id])
/disk/rl/psm_wma/cosmos-framework/cosmos_framework/data/generator/joint_dataloader.py:831: UserWarning: Length of IterableDataset <cosmos_framework.data.generator.action.datasets.action_sft_dataset.ActionIterableShuffleDataset object at 0x7f4d88d00ad0> was reported to be 94(when accessing len(dataloader)), but 407 samples have been fetched. For multiprocessing data-loading, this could be caused by not properly configuring the IterableDataset replica at each worker. Please see https://pytorch.org/docs/stable/data.html#torch.utils.data.IterableDataset for examples.
  batch = next(self.dataloaders[index_id])
/disk/rl/psm_wma/cosmos-framework/cosmos_framework/data/generator/joint_dataloader.py:831: UserWarning: Length of IterableDataset <cosmos_framework.data.generator.action.datasets.action_sft_dataset.ActionIterableShuffleDataset object at 0x7f4d88d00ad0> was reported to be 94(when accessing len(dataloader)), but 408 samples have been fetched. For multiprocessing data-loading, this could be caused by not properly configuring the IterableDataset replica at each worker. Please see https://pytorch.org/docs/stable/data.html#torch.utils.data.IterableDataset for examples.
  batch = next(self.dataloaders[index_id])
/disk/rl/psm_wma/cosmos-framework/cosmos_framework/data/generator/joint_dataloader.py:831: UserWarning: Length of IterableDataset <cosmos_framework.data.generator.action.datasets.action_sft_dataset.ActionIterableShuffleDataset object at 0x7f4d88d00ad0> was reported to be 94(when accessing len(dataloader)), but 409 samples have been fetched. For multiprocessing data-loading, this could be caused by not properly configuring the IterableDataset replica at each worker. Please see https://pytorch.org/docs/stable/data.html#torch.utils.data.IterableDataset for examples.
  batch = next(self.dataloaders[index_id])
/disk/rl/psm_wma/cosmos-framework/cosmos_framework/data/generator/joint_dataloader.py:831: UserWarning: Length of IterableDataset <cosmos_framework.data.generator.action.datasets.action_sft_dataset.ActionIterableShuffleDataset object at 0x7f4d88d00ad0> was reported to be 94(when accessing len(dataloader)), but 410 samples have been fetched. For multiprocessing data-loading, this could be caused by not properly configuring the IterableDataset replica at each worker. Please see https://pytorch.org/docs/stable/data.html#torch.utils.data.IterableDataset for examples.
  batch = next(self.dataloaders[index_id])
/disk/rl/psm_wma/cosmos-framework/cosmos_framework/data/generator/joint_dataloader.py:831: UserWarning: Length of IterableDataset <cosmos_framework.data.generator.action.datasets.action_sft_dataset.ActionIterableShuffleDataset object at 0x7f4d88d00ad0> was reported to be 94(when accessing len(dataloader)), but 411 samples have been fetched. For multiprocessing data-loading, this could be caused by not properly configuring the IterableDataset replica at each worker. Please see https://pytorch.org/docs/stable/data.html#torch.utils.data.IterableDataset for examples.
  batch = next(self.dataloaders[index_id])
/disk/rl/psm_wma/cosmos-framework/cosmos_framework/data/generator/joint_dataloader.py:831: UserWarning: Length of IterableDataset <cosmos_framework.data.generator.action.datasets.action_sft_dataset.ActionIterableShuffleDataset object at 0x7f4d88d00ad0> was reported to be 94(when accessing len(dataloader)), but 412 samples have been fetched. For multiprocessing data-loading, this could be caused by not properly configuring the IterableDataset replica at each worker. Please see https://pytorch.org/docs/stable/data.html#torch.utils.data.IterableDataset for examples.
  batch = next(self.dataloaders[index_id])
/disk/rl/psm_wma/cosmos-framework/cosmos_framework/data/generator/joint_dataloader.py:831: UserWarning: Length of IterableDataset <cosmos_framework.data.generator.action.datasets.action_sft_dataset.ActionIterableShuffleDataset object at 0x7f4d88d00ad0> was reported to be 94(when accessing len(dataloader)), but 413 samples have been fetched. For multiprocessing data-loading, this could be caused by not properly configuring the IterableDataset replica at each worker. Please see https://pytorch.org/docs/stable/data.html#torch.utils.data.IterableDataset for examples.
  batch = next(self.dataloaders[index_id])
/disk/rl/psm_wma/cosmos-framework/cosmos_framework/data/generator/joint_dataloader.py:831: UserWarning: Length of IterableDataset <cosmos_framework.data.generator.action.datasets.action_sft_dataset.ActionIterableShuffleDataset object at 0x7f4d88d00ad0> was reported to be 94(when accessing len(dataloader)), but 414 samples have been fetched. For multiprocessing data-loading, this could be caused by not properly configuring the IterableDataset replica at each worker. Please see https://pytorch.org/docs/stable/data.html#torch.utils.data.IterableDataset for examples.
  batch = next(self.dataloaders[index_id])
/disk/rl/psm_wma/cosmos-framework/cosmos_framework/data/generator/joint_dataloader.py:831: UserWarning: Length of IterableDataset <cosmos_framework.data.generator.action.datasets.action_sft_dataset.ActionIterableShuffleDataset object at 0x7f4d88d00ad0> was reported to be 94(when accessing len(dataloader)), but 415 samples have been fetched. For multiprocessing data-loading, this could be caused by not properly configuring the IterableDataset replica at each worker. Please see https://pytorch.org/docs/stable/data.html#torch.utils.data.IterableDataset for examples.
  batch = next(self.dataloaders[index_id])
/disk/rl/psm_wma/cosmos-framework/cosmos_framework/data/generator/joint_dataloader.py:831: UserWarning: Length of IterableDataset <cosmos_framework.data.generator.action.datasets.action_sft_dataset.ActionIterableShuffleDataset object at 0x7f4d88d00ad0> was reported to be 94(when accessing len(dataloader)), but 416 samples have been fetched. For multiprocessing data-loading, this could be caused by not properly configuring the IterableDataset replica at each worker. Please see https://pytorch.org/docs/stable/data.html#torch.utils.data.IterableDataset for examples.
  batch = next(self.dataloaders[index_id])
/disk/rl/psm_wma/cosmos-framework/cosmos_framework/data/generator/joint_dataloader.py:831: UserWarning: Length of IterableDataset <cosmos_framework.data.generator.action.datasets.action_sft_dataset.ActionIterableShuffleDataset object at 0x7f4d88d00ad0> was reported to be 94(when accessing len(dataloader)), but 417 samples have been fetched. For multiprocessing data-loading, this could be caused by not properly configuring the IterableDataset replica at each worker. Please see https://pytorch.org/docs/stable/data.html#torch.utils.data.IterableDataset for examples.
  batch = next(self.dataloaders[index_id])
/disk/rl/psm_wma/cosmos-framework/cosmos_framework/data/generator/joint_dataloader.py:831: UserWarning: Length of IterableDataset <cosmos_framework.data.generator.action.datasets.action_sft_dataset.ActionIterableShuffleDataset object at 0x7f4d88d00ad0> was reported to be 94(when accessing len(dataloader)), but 418 samples have been fetched. For multiprocessing data-loading, this could be caused by not properly configuring the IterableDataset replica at each worker. Please see https://pytorch.org/docs/stable/data.html#torch.utils.data.IterableDataset for examples.
  batch = next(self.dataloaders[index_id])
/disk/rl/psm_wma/cosmos-framework/cosmos_framework/data/generator/joint_dataloader.py:831: UserWarning: Length of IterableDataset <cosmos_framework.data.generator.action.datasets.action_sft_dataset.ActionIterableShuffleDataset object at 0x7f4d88d00ad0> was reported to be 94(when accessing len(dataloader)), but 419 samples have been fetched. For multiprocessing data-loading, this could be caused by not properly configuring the IterableDataset replica at each worker. Please see https://pytorch.org/docs/stable/data.html#torch.utils.data.IterableDataset for examples.
  batch = next(self.dataloaders[index_id])
/disk/rl/psm_wma/cosmos-framework/cosmos_framework/data/generator/joint_dataloader.py:831: UserWarning: Length of IterableDataset <cosmos_framework.data.generator.action.datasets.action_sft_dataset.ActionIterableShuffleDataset object at 0x7f4d88d00ad0> was reported to be 94(when accessing len(dataloader)), but 420 samples have been fetched. For multiprocessing data-loading, this could be caused by not properly configuring the IterableDataset replica at each worker. Please see https://pytorch.org/docs/stable/data.html#torch.utils.data.IterableDataset for examples.
  batch = next(self.dataloaders[index_id])
/disk/rl/psm_wma/cosmos-framework/cosmos_framework/data/generator/joint_dataloader.py:831: UserWarning: Length of IterableDataset <cosmos_framework.data.generator.action.datasets.action_sft_dataset.ActionIterableShuffleDataset object at 0x7f4d88d00ad0> was reported to be 94(when accessing len(dataloader)), but 421 samples have been fetched. For multiprocessing data-loading, this could be caused by not properly configuring the IterableDataset replica at each worker. Please see https://pytorch.org/docs/stable/data.html#torch.utils.data.IterableDataset for examples.
  batch = next(self.dataloaders[index_id])
/disk/rl/psm_wma/cosmos-framework/cosmos_framework/data/generator/joint_dataloader.py:831: UserWarning: Length of IterableDataset <cosmos_framework.data.generator.action.datasets.action_sft_dataset.ActionIterableShuffleDataset object at 0x7f4d88d00ad0> was reported to be 94(when accessing len(dataloader)), but 422 samples have been fetched. For multiprocessing data-loading, this could be caused by not properly configuring the IterableDataset replica at each worker. Please see https://pytorch.org/docs/stable/data.html#torch.utils.data.IterableDataset for examples.
  batch = next(self.dataloaders[index_id])
/disk/rl/psm_wma/cosmos-framework/cosmos_framework/data/generator/joint_dataloader.py:831: UserWarning: Length of IterableDataset <cosmos_framework.data.generator.action.datasets.action_sft_dataset.ActionIterableShuffleDataset object at 0x7f4d88d00ad0> was reported to be 94(when accessing len(dataloader)), but 423 samples have been fetched. For multiprocessing data-loading, this could be caused by not properly configuring the IterableDataset replica at each worker. Please see https://pytorch.org/docs/stable/data.html#torch.utils.data.IterableDataset for examples.
  batch = next(self.dataloaders[index_id])
/disk/rl/psm_wma/cosmos-framework/cosmos_framework/data/generator/joint_dataloader.py:831: UserWarning: Length of IterableDataset <cosmos_framework.data.generator.action.datasets.action_sft_dataset.ActionIterableShuffleDataset object at 0x7f4d88d00ad0> was reported to be 94(when accessing len(dataloader)), but 424 samples have been fetched. For multiprocessing data-loading, this could be caused by not properly configuring the IterableDataset replica at each worker. Please see https://pytorch.org/docs/stable/data.html#torch.utils.data.IterableDataset for examples.
  batch = next(self.dataloaders[index_id])
/disk/rl/psm_wma/cosmos-framework/cosmos_framework/data/generator/joint_dataloader.py:831: UserWarning: Length of IterableDataset <cosmos_framework.data.generator.action.datasets.action_sft_dataset.ActionIterableShuffleDataset object at 0x7f4d88d00ad0> was reported to be 94(when accessing len(dataloader)), but 425 samples have been fetched. For multiprocessing data-loading, this could be caused by not properly configuring the IterableDataset replica at each worker. Please see https://pytorch.org/docs/stable/data.html#torch.utils.data.IterableDataset for examples.
  batch = next(self.dataloaders[index_id])
/disk/rl/psm_wma/cosmos-framework/cosmos_framework/data/generator/joint_dataloader.py:831: UserWarning: Length of IterableDataset <cosmos_framework.data.generator.action.datasets.action_sft_dataset.ActionIterableShuffleDataset object at 0x7f4d88d00ad0> was reported to be 94(when accessing len(dataloader)), but 426 samples have been fetched. For multiprocessing data-loading, this could be caused by not properly configuring the IterableDataset replica at each worker. Please see https://pytorch.org/docs/stable/data.html#torch.utils.data.IterableDataset for examples.
  batch = next(self.dataloaders[index_id])
/disk/rl/psm_wma/cosmos-framework/cosmos_framework/data/generator/joint_dataloader.py:831: UserWarning: Length of IterableDataset <cosmos_framework.data.generator.action.datasets.action_sft_dataset.ActionIterableShuffleDataset object at 0x7f4d88d00ad0> was reported to be 94(when accessing len(dataloader)), but 427 samples have been fetched. For multiprocessing data-loading, this could be caused by not properly configuring the IterableDataset replica at each worker. Please see https://pytorch.org/docs/stable/data.html#torch.utils.data.IterableDataset for examples.
  batch = next(self.dataloaders[index_id])
/disk/rl/psm_wma/cosmos-framework/cosmos_framework/data/generator/joint_dataloader.py:831: UserWarning: Length of IterableDataset <cosmos_framework.data.generator.action.datasets.action_sft_dataset.ActionIterableShuffleDataset object at 0x7f4d88d00ad0> was reported to be 94(when accessing len(dataloader)), but 428 samples have been fetched. For multiprocessing data-loading, this could be caused by not properly configuring the IterableDataset replica at each worker. Please see https://pytorch.org/docs/stable/data.html#torch.utils.data.IterableDataset for examples.
  batch = next(self.dataloaders[index_id])
/disk/rl/psm_wma/cosmos-framework/cosmos_framework/data/generator/joint_dataloader.py:831: UserWarning: Length of IterableDataset <cosmos_framework.data.generator.action.datasets.action_sft_dataset.ActionIterableShuffleDataset object at 0x7f4d88d00ad0> was reported to be 94(when accessing len(dataloader)), but 429 samples have been fetched. For multiprocessing data-loading, this could be caused by not properly configuring the IterableDataset replica at each worker. Please see https://pytorch.org/docs/stable/data.html#torch.utils.data.IterableDataset for examples.
  batch = next(self.dataloaders[index_id])
/disk/rl/psm_wma/cosmos-framework/cosmos_framework/data/generator/joint_dataloader.py:831: UserWarning: Length of IterableDataset <cosmos_framework.data.generator.action.datasets.action_sft_dataset.ActionIterableShuffleDataset object at 0x7f4d88d00ad0> was reported to be 94(when accessing len(dataloader)), but 430 samples have been fetched. For multiprocessing data-loading, this could be caused by not properly configuring the IterableDataset replica at each worker. Please see https://pytorch.org/docs/stable/data.html#torch.utils.data.IterableDataset for examples.
  batch = next(self.dataloaders[index_id])
/disk/rl/psm_wma/cosmos-framework/cosmos_framework/data/generator/joint_dataloader.py:831: UserWarning: Length of IterableDataset <cosmos_framework.data.generator.action.datasets.action_sft_dataset.ActionIterableShuffleDataset object at 0x7f4d88d00ad0> was reported to be 94(when accessing len(dataloader)), but 431 samples have been fetched. For multiprocessing data-loading, this could be caused by not properly configuring the IterableDataset replica at each worker. Please see https://pytorch.org/docs/stable/data.html#torch.utils.data.IterableDataset for examples.
  batch = next(self.dataloaders[index_id])
/disk/rl/psm_wma/cosmos-framework/cosmos_framework/data/generator/joint_dataloader.py:831: UserWarning: Length of IterableDataset <cosmos_framework.data.generator.action.datasets.action_sft_dataset.ActionIterableShuffleDataset object at 0x7f4d88d00ad0> was reported to be 94(when accessing len(dataloader)), but 432 samples have been fetched. For multiprocessing data-loading, this could be caused by not properly configuring the IterableDataset replica at each worker. Please see https://pytorch.org/docs/stable/data.html#torch.utils.data.IterableDataset for examples.
  batch = next(self.dataloaders[index_id])
/disk/rl/psm_wma/cosmos-framework/cosmos_framework/data/generator/joint_dataloader.py:831: UserWarning: Length of IterableDataset <cosmos_framework.data.generator.action.datasets.action_sft_dataset.ActionIterableShuffleDataset object at 0x7f4d88d00ad0> was reported to be 94(when accessing len(dataloader)), but 433 samples have been fetched. For multiprocessing data-loading, this could be caused by not properly configuring the IterableDataset replica at each worker. Please see https://pytorch.org/docs/stable/data.html#torch.utils.data.IterableDataset for examples.
  batch = next(self.dataloaders[index_id])
/disk/rl/psm_wma/cosmos-framework/cosmos_framework/data/generator/joint_dataloader.py:831: UserWarning: Length of IterableDataset <cosmos_framework.data.generator.action.datasets.action_sft_dataset.ActionIterableShuffleDataset object at 0x7f4d88d00ad0> was reported to be 94(when accessing len(dataloader)), but 434 samples have been fetched. For multiprocessing data-loading, this could be caused by not properly configuring the IterableDataset replica at each worker. Please see https://pytorch.org/docs/stable/data.html#torch.utils.data.IterableDataset for examples.
  batch = next(self.dataloaders[index_id])
/disk/rl/psm_wma/cosmos-framework/cosmos_framework/data/generator/joint_dataloader.py:831: UserWarning: Length of IterableDataset <cosmos_framework.data.generator.action.datasets.action_sft_dataset.ActionIterableShuffleDataset object at 0x7f4d88d00ad0> was reported to be 94(when accessing len(dataloader)), but 435 samples have been fetched. For multiprocessing data-loading, this could be caused by not properly configuring the IterableDataset replica at each worker. Please see https://pytorch.org/docs/stable/data.html#torch.utils.data.IterableDataset for examples.
  batch = next(self.dataloaders[index_id])
/disk/rl/psm_wma/cosmos-framework/cosmos_framework/data/generator/joint_dataloader.py:831: UserWarning: Length of IterableDataset <cosmos_framework.data.generator.action.datasets.action_sft_dataset.ActionIterableShuffleDataset object at 0x7f4d88d00ad0> was reported to be 94(when accessing len(dataloader)), but 436 samples have been fetched. For multiprocessing data-loading, this could be caused by not properly configuring the IterableDataset replica at each worker. Please see https://pytorch.org/docs/stable/data.html#torch.utils.data.IterableDataset for examples.
  batch = next(self.dataloaders[index_id])
/disk/rl/psm_wma/cosmos-framework/cosmos_framework/data/generator/joint_dataloader.py:831: UserWarning: Length of IterableDataset <cosmos_framework.data.generator.action.datasets.action_sft_dataset.ActionIterableShuffleDataset object at 0x7f4d88d00ad0> was reported to be 94(when accessing len(dataloader)), but 437 samples have been fetched. For multiprocessing data-loading, this could be caused by not properly configuring the IterableDataset replica at each worker. Please see https://pytorch.org/docs/stable/data.html#torch.utils.data.IterableDataset for examples.
  batch = next(self.dataloaders[index_id])
/disk/rl/psm_wma/cosmos-framework/cosmos_framework/data/generator/joint_dataloader.py:831: UserWarning: Length of IterableDataset <cosmos_framework.data.generator.action.datasets.action_sft_dataset.ActionIterableShuffleDataset object at 0x7f4d88d00ad0> was reported to be 94(when accessing len(dataloader)), but 438 samples have been fetched. For multiprocessing data-loading, this could be caused by not properly configuring the IterableDataset replica at each worker. Please see https://pytorch.org/docs/stable/data.html#torch.utils.data.IterableDataset for examples.
  batch = next(self.dataloaders[index_id])
/disk/rl/psm_wma/cosmos-framework/cosmos_framework/data/generator/joint_dataloader.py:831: UserWarning: Length of IterableDataset <cosmos_framework.data.generator.action.datasets.action_sft_dataset.ActionIterableShuffleDataset object at 0x7f4d88d00ad0> was reported to be 94(when accessing len(dataloader)), but 439 samples have been fetched. For multiprocessing data-loading, this could be caused by not properly configuring the IterableDataset replica at each worker. Please see https://pytorch.org/docs/stable/data.html#torch.utils.data.IterableDataset for examples.
  batch = next(self.dataloaders[index_id])
/disk/rl/psm_wma/cosmos-framework/cosmos_framework/data/generator/joint_dataloader.py:831: UserWarning: Length of IterableDataset <cosmos_framework.data.generator.action.datasets.action_sft_dataset.ActionIterableShuffleDataset object at 0x7f4d88d00ad0> was reported to be 94(when accessing len(dataloader)), but 440 samples have been fetched. For multiprocessing data-loading, this could be caused by not properly configuring the IterableDataset replica at each worker. Please see https://pytorch.org/docs/stable/data.html#torch.utils.data.IterableDataset for examples.
  batch = next(self.dataloaders[index_id])
/disk/rl/psm_wma/cosmos-framework/cosmos_framework/data/generator/joint_dataloader.py:831: UserWarning: Length of IterableDataset <cosmos_framework.data.generator.action.datasets.action_sft_dataset.ActionIterableShuffleDataset object at 0x7f4d88d00ad0> was reported to be 94(when accessing len(dataloader)), but 441 samples have been fetched. For multiprocessing data-loading, this could be caused by not properly configuring the IterableDataset replica at each worker. Please see https://pytorch.org/docs/stable/data.html#torch.utils.data.IterableDataset for examples.
  batch = next(self.dataloaders[index_id])
/disk/rl/psm_wma/cosmos-framework/cosmos_framework/data/generator/joint_dataloader.py:831: UserWarning: Length of IterableDataset <cosmos_framework.data.generator.action.datasets.action_sft_dataset.ActionIterableShuffleDataset object at 0x7f4d88d00ad0> was reported to be 94(when accessing len(dataloader)), but 442 samples have been fetched. For multiprocessing data-loading, this could be caused by not properly configuring the IterableDataset replica at each worker. Please see https://pytorch.org/docs/stable/data.html#torch.utils.data.IterableDataset for examples.
  batch = next(self.dataloaders[index_id])
/disk/rl/psm_wma/cosmos-framework/cosmos_framework/data/generator/joint_dataloader.py:831: UserWarning: Length of IterableDataset <cosmos_framework.data.generator.action.datasets.action_sft_dataset.ActionIterableShuffleDataset object at 0x7f4d88d00ad0> was reported to be 94(when accessing len(dataloader)), but 443 samples have been fetched. For multiprocessing data-loading, this could be caused by not properly configuring the IterableDataset replica at each worker. Please see https://pytorch.org/docs/stable/data.html#torch.utils.data.IterableDataset for examples.
  batch = next(self.dataloaders[index_id])
/disk/rl/psm_wma/cosmos-framework/cosmos_framework/data/generator/joint_dataloader.py:831: UserWarning: Length of IterableDataset <cosmos_framework.data.generator.action.datasets.action_sft_dataset.ActionIterableShuffleDataset object at 0x7f4d88d00ad0> was reported to be 94(when accessing len(dataloader)), but 444 samples have been fetched. For multiprocessing data-loading, this could be caused by not properly configuring the IterableDataset replica at each worker. Please see https://pytorch.org/docs/stable/data.html#torch.utils.data.IterableDataset for examples.
  batch = next(self.dataloaders[index_id])
/disk/rl/psm_wma/cosmos-framework/cosmos_framework/data/generator/joint_dataloader.py:831: UserWarning: Length of IterableDataset <cosmos_framework.data.generator.action.datasets.action_sft_dataset.ActionIterableShuffleDataset object at 0x7f4d88d00ad0> was reported to be 94(when accessing len(dataloader)), but 445 samples have been fetched. For multiprocessing data-loading, this could be caused by not properly configuring the IterableDataset replica at each worker. Please see https://pytorch.org/docs/stable/data.html#torch.utils.data.IterableDataset for examples.
  batch = next(self.dataloaders[index_id])
/disk/rl/psm_wma/cosmos-framework/cosmos_framework/data/generator/joint_dataloader.py:831: UserWarning: Length of IterableDataset <cosmos_framework.data.generator.action.datasets.action_sft_dataset.ActionIterableShuffleDataset object at 0x7f4d88d00ad0> was reported to be 94(when accessing len(dataloader)), but 446 samples have been fetched. For multiprocessing data-loading, this could be caused by not properly configuring the IterableDataset replica at each worker. Please see https://pytorch.org/docs/stable/data.html#torch.utils.data.IterableDataset for examples.
  batch = next(self.dataloaders[index_id])
/disk/rl/psm_wma/cosmos-framework/cosmos_framework/data/generator/joint_dataloader.py:831: UserWarning: Length of IterableDataset <cosmos_framework.data.generator.action.datasets.action_sft_dataset.ActionIterableShuffleDataset object at 0x7f4d88d00ad0> was reported to be 94(when accessing len(dataloader)), but 447 samples have been fetched. For multiprocessing data-loading, this could be caused by not properly configuring the IterableDataset replica at each worker. Please see https://pytorch.org/docs/stable/data.html#torch.utils.data.IterableDataset for examples.
  batch = next(self.dataloaders[index_id])
/disk/rl/psm_wma/cosmos-framework/cosmos_framework/data/generator/joint_dataloader.py:831: UserWarning: Length of IterableDataset <cosmos_framework.data.generator.action.datasets.action_sft_dataset.ActionIterableShuffleDataset object at 0x7f4d88d00ad0> was reported to be 94(when accessing len(dataloader)), but 448 samples have been fetched. For multiprocessing data-loading, this could be caused by not properly configuring the IterableDataset replica at each worker. Please see https://pytorch.org/docs/stable/data.html#torch.utils.data.IterableDataset for examples.
  batch = next(self.dataloaders[index_id])
/disk/rl/psm_wma/cosmos-framework/cosmos_framework/data/generator/joint_dataloader.py:831: UserWarning: Length of IterableDataset <cosmos_framework.data.generator.action.datasets.action_sft_dataset.ActionIterableShuffleDataset object at 0x7f4d88d00ad0> was reported to be 94(when accessing len(dataloader)), but 449 samples have been fetched. For multiprocessing data-loading, this could be caused by not properly configuring the IterableDataset replica at each worker. Please see https://pytorch.org/docs/stable/data.html#torch.utils.data.IterableDataset for examples.
  batch = next(self.dataloaders[index_id])
/disk/rl/psm_wma/cosmos-framework/cosmos_framework/data/generator/joint_dataloader.py:831: UserWarning: Length of IterableDataset <cosmos_framework.data.generator.action.datasets.action_sft_dataset.ActionIterableShuffleDataset object at 0x7f4d88d00ad0> was reported to be 94(when accessing len(dataloader)), but 450 samples have been fetched. For multiprocessing data-loading, this could be caused by not properly configuring the IterableDataset replica at each worker. Please see https://pytorch.org/docs/stable/data.html#torch.utils.data.IterableDataset for examples.
  batch = next(self.dataloaders[index_id])
/disk/rl/psm_wma/cosmos-framework/cosmos_framework/data/generator/joint_dataloader.py:831: UserWarning: Length of IterableDataset <cosmos_framework.data.generator.action.datasets.action_sft_dataset.ActionIterableShuffleDataset object at 0x7f4d88d00ad0> was reported to be 94(when accessing len(dataloader)), but 451 samples have been fetched. For multiprocessing data-loading, this could be caused by not properly configuring the IterableDataset replica at each worker. Please see https://pytorch.org/docs/stable/data.html#torch.utils.data.IterableDataset for examples.
  batch = next(self.dataloaders[index_id])
/disk/rl/psm_wma/cosmos-framework/cosmos_framework/data/generator/joint_dataloader.py:831: UserWarning: Length of IterableDataset <cosmos_framework.data.generator.action.datasets.action_sft_dataset.ActionIterableShuffleDataset object at 0x7f4d88d00ad0> was reported to be 94(when accessing len(dataloader)), but 452 samples have been fetched. For multiprocessing data-loading, this could be caused by not properly configuring the IterableDataset replica at each worker. Please see https://pytorch.org/docs/stable/data.html#torch.utils.data.IterableDataset for examples.
  batch = next(self.dataloaders[index_id])
/disk/rl/psm_wma/cosmos-framework/cosmos_framework/data/generator/joint_dataloader.py:831: UserWarning: Length of IterableDataset <cosmos_framework.data.generator.action.datasets.action_sft_dataset.ActionIterableShuffleDataset object at 0x7f4d88d00ad0> was reported to be 94(when accessing len(dataloader)), but 453 samples have been fetched. For multiprocessing data-loading, this could be caused by not properly configuring the IterableDataset replica at each worker. Please see https://pytorch.org/docs/stable/data.html#torch.utils.data.IterableDataset for examples.
  batch = next(self.dataloaders[index_id])
/disk/rl/psm_wma/cosmos-framework/cosmos_framework/data/generator/joint_dataloader.py:831: UserWarning: Length of IterableDataset <cosmos_framework.data.generator.action.datasets.action_sft_dataset.ActionIterableShuffleDataset object at 0x7f4d88d00ad0> was reported to be 94(when accessing len(dataloader)), but 454 samples have been fetched. For multiprocessing data-loading, this could be caused by not properly configuring the IterableDataset replica at each worker. Please see https://pytorch.org/docs/stable/data.html#torch.utils.data.IterableDataset for examples.
  batch = next(self.dataloaders[index_id])
/disk/rl/psm_wma/cosmos-framework/cosmos_framework/data/generator/joint_dataloader.py:831: UserWarning: Length of IterableDataset <cosmos_framework.data.generator.action.datasets.action_sft_dataset.ActionIterableShuffleDataset object at 0x7f4d88d00ad0> was reported to be 94(when accessing len(dataloader)), but 455 samples have been fetched. For multiprocessing data-loading, this could be caused by not properly configuring the IterableDataset replica at each worker. Please see https://pytorch.org/docs/stable/data.html#torch.utils.data.IterableDataset for examples.
  batch = next(self.dataloaders[index_id])
/disk/rl/psm_wma/cosmos-framework/cosmos_framework/data/generator/joint_dataloader.py:831: UserWarning: Length of IterableDataset <cosmos_framework.data.generator.action.datasets.action_sft_dataset.ActionIterableShuffleDataset object at 0x7f4d88d00ad0> was reported to be 94(when accessing len(dataloader)), but 456 samples have been fetched. For multiprocessing data-loading, this could be caused by not properly configuring the IterableDataset replica at each worker. Please see https://pytorch.org/docs/stable/data.html#torch.utils.data.IterableDataset for examples.
  batch = next(self.dataloaders[index_id])
/disk/rl/psm_wma/cosmos-framework/cosmos_framework/data/generator/joint_dataloader.py:831: UserWarning: Length of IterableDataset <cosmos_framework.data.generator.action.datasets.action_sft_dataset.ActionIterableShuffleDataset object at 0x7f4d88d00ad0> was reported to be 94(when accessing len(dataloader)), but 457 samples have been fetched. For multiprocessing data-loading, this could be caused by not properly configuring the IterableDataset replica at each worker. Please see https://pytorch.org/docs/stable/data.html#torch.utils.data.IterableDataset for examples.
  batch = next(self.dataloaders[index_id])
/disk/rl/psm_wma/cosmos-framework/cosmos_framework/data/generator/joint_dataloader.py:831: UserWarning: Length of IterableDataset <cosmos_framework.data.generator.action.datasets.action_sft_dataset.ActionIterableShuffleDataset object at 0x7f4d88d00ad0> was reported to be 94(when accessing len(dataloader)), but 458 samples have been fetched. For multiprocessing data-loading, this could be caused by not properly configuring the IterableDataset replica at each worker. Please see https://pytorch.org/docs/stable/data.html#torch.utils.data.IterableDataset for examples.
  batch = next(self.dataloaders[index_id])
/disk/rl/psm_wma/cosmos-framework/cosmos_framework/data/generator/joint_dataloader.py:831: UserWarning: Length of IterableDataset <cosmos_framework.data.generator.action.datasets.action_sft_dataset.ActionIterableShuffleDataset object at 0x7f4d88d00ad0> was reported to be 94(when accessing len(dataloader)), but 459 samples have been fetched. For multiprocessing data-loading, this could be caused by not properly configuring the IterableDataset replica at each worker. Please see https://pytorch.org/docs/stable/data.html#torch.utils.data.IterableDataset for examples.
  batch = next(self.dataloaders[index_id])
/disk/rl/psm_wma/cosmos-framework/cosmos_framework/data/generator/joint_dataloader.py:831: UserWarning: Length of IterableDataset <cosmos_framework.data.generator.action.datasets.action_sft_dataset.ActionIterableShuffleDataset object at 0x7f4d88d00ad0> was reported to be 94(when accessing len(dataloader)), but 460 samples have been fetched. For multiprocessing data-loading, this could be caused by not properly configuring the IterableDataset replica at each worker. Please see https://pytorch.org/docs/stable/data.html#torch.utils.data.IterableDataset for examples.
  batch = next(self.dataloaders[index_id])
/disk/rl/psm_wma/cosmos-framework/cosmos_framework/data/generator/joint_dataloader.py:831: UserWarning: Length of IterableDataset <cosmos_framework.data.generator.action.datasets.action_sft_dataset.ActionIterableShuffleDataset object at 0x7f4d88d00ad0> was reported to be 94(when accessing len(dataloader)), but 461 samples have been fetched. For multiprocessing data-loading, this could be caused by not properly configuring the IterableDataset replica at each worker. Please see https://pytorch.org/docs/stable/data.html#torch.utils.data.IterableDataset for examples.
  batch = next(self.dataloaders[index_id])
/disk/rl/psm_wma/cosmos-framework/cosmos_framework/data/generator/joint_dataloader.py:831: UserWarning: Length of IterableDataset <cosmos_framework.data.generator.action.datasets.action_sft_dataset.ActionIterableShuffleDataset object at 0x7f4d88d00ad0> was reported to be 94(when accessing len(dataloader)), but 462 samples have been fetched. For multiprocessing data-loading, this could be caused by not properly configuring the IterableDataset replica at each worker. Please see https://pytorch.org/docs/stable/data.html#torch.utils.data.IterableDataset for examples.
  batch = next(self.dataloaders[index_id])
/disk/rl/psm_wma/cosmos-framework/cosmos_framework/data/generator/joint_dataloader.py:831: UserWarning: Length of IterableDataset <cosmos_framework.data.generator.action.datasets.action_sft_dataset.ActionIterableShuffleDataset object at 0x7f4d88d00ad0> was reported to be 94(when accessing len(dataloader)), but 463 samples have been fetched. For multiprocessing data-loading, this could be caused by not properly configuring the IterableDataset replica at each worker. Please see https://pytorch.org/docs/stable/data.html#torch.utils.data.IterableDataset for examples.
  batch = next(self.dataloaders[index_id])
/disk/rl/psm_wma/cosmos-framework/cosmos_framework/data/generator/joint_dataloader.py:831: UserWarning: Length of IterableDataset <cosmos_framework.data.generator.action.datasets.action_sft_dataset.ActionIterableShuffleDataset object at 0x7f4d88d00ad0> was reported to be 94(when accessing len(dataloader)), but 464 samples have been fetched. For multiprocessing data-loading, this could be caused by not properly configuring the IterableDataset replica at each worker. Please see https://pytorch.org/docs/stable/data.html#torch.utils.data.IterableDataset for examples.
  batch = next(self.dataloaders[index_id])
/disk/rl/psm_wma/cosmos-framework/cosmos_framework/data/generator/joint_dataloader.py:831: UserWarning: Length of IterableDataset <cosmos_framework.data.generator.action.datasets.action_sft_dataset.ActionIterableShuffleDataset object at 0x7f4d88d00ad0> was reported to be 94(when accessing len(dataloader)), but 465 samples have been fetched. For multiprocessing data-loading, this could be caused by not properly configuring the IterableDataset replica at each worker. Please see https://pytorch.org/docs/stable/data.html#torch.utils.data.IterableDataset for examples.
  batch = next(self.dataloaders[index_id])
/disk/rl/psm_wma/cosmos-framework/cosmos_framework/data/generator/joint_dataloader.py:831: UserWarning: Length of IterableDataset <cosmos_framework.data.generator.action.datasets.action_sft_dataset.ActionIterableShuffleDataset object at 0x7f4d88d00ad0> was reported to be 94(when accessing len(dataloader)), but 466 samples have been fetched. For multiprocessing data-loading, this could be caused by not properly configuring the IterableDataset replica at each worker. Please see https://pytorch.org/docs/stable/data.html#torch.utils.data.IterableDataset for examples.
  batch = next(self.dataloaders[index_id])
/disk/rl/psm_wma/cosmos-framework/cosmos_framework/data/generator/joint_dataloader.py:831: UserWarning: Length of IterableDataset <cosmos_framework.data.generator.action.datasets.action_sft_dataset.ActionIterableShuffleDataset object at 0x7f4d88d00ad0> was reported to be 94(when accessing len(dataloader)), but 467 samples have been fetched. For multiprocessing data-loading, this could be caused by not properly configuring the IterableDataset replica at each worker. Please see https://pytorch.org/docs/stable/data.html#torch.utils.data.IterableDataset for examples.
  batch = next(self.dataloaders[index_id])
/disk/rl/psm_wma/cosmos-framework/cosmos_framework/data/generator/joint_dataloader.py:831: UserWarning: Length of IterableDataset <cosmos_framework.data.generator.action.datasets.action_sft_dataset.ActionIterableShuffleDataset object at 0x7f4d88d00ad0> was reported to be 94(when accessing len(dataloader)), but 468 samples have been fetched. For multiprocessing data-loading, this could be caused by not properly configuring the IterableDataset replica at each worker. Please see https://pytorch.org/docs/stable/data.html#torch.utils.data.IterableDataset for examples.
  batch = next(self.dataloaders[index_id])
/disk/rl/psm_wma/cosmos-framework/cosmos_framework/data/generator/joint_dataloader.py:831: UserWarning: Length of IterableDataset <cosmos_framework.data.generator.action.datasets.action_sft_dataset.ActionIterableShuffleDataset object at 0x7f4d88d00ad0> was reported to be 94(when accessing len(dataloader)), but 469 samples have been fetched. For multiprocessing data-loading, this could be caused by not properly configuring the IterableDataset replica at each worker. Please see https://pytorch.org/docs/stable/data.html#torch.utils.data.IterableDataset for examples.
  batch = next(self.dataloaders[index_id])
/disk/rl/psm_wma/cosmos-framework/cosmos_framework/data/generator/joint_dataloader.py:831: UserWarning: Length of IterableDataset <cosmos_framework.data.generator.action.datasets.action_sft_dataset.ActionIterableShuffleDataset object at 0x7f4d88d00ad0> was reported to be 94(when accessing len(dataloader)), but 470 samples have been fetched. For multiprocessing data-loading, this could be caused by not properly configuring the IterableDataset replica at each worker. Please see https://pytorch.org/docs/stable/data.html#torch.utils.data.IterableDataset for examples.
  batch = next(self.dataloaders[index_id])
/disk/rl/psm_wma/cosmos-framework/cosmos_framework/data/generator/joint_dataloader.py:831: UserWarning: Length of IterableDataset <cosmos_framework.data.generator.action.datasets.action_sft_dataset.ActionIterableShuffleDataset object at 0x7f4d88d00ad0> was reported to be 94(when accessing len(dataloader)), but 471 samples have been fetched. For multiprocessing data-loading, this could be caused by not properly configuring the IterableDataset replica at each worker. Please see https://pytorch.org/docs/stable/data.html#torch.utils.data.IterableDataset for examples.
  batch = next(self.dataloaders[index_id])
/disk/rl/psm_wma/cosmos-framework/cosmos_framework/data/generator/joint_dataloader.py:831: UserWarning: Length of IterableDataset <cosmos_framework.data.generator.action.datasets.action_sft_dataset.ActionIterableShuffleDataset object at 0x7f4d88d00ad0> was reported to be 94(when accessing len(dataloader)), but 472 samples have been fetched. For multiprocessing data-loading, this could be caused by not properly configuring the IterableDataset replica at each worker. Please see https://pytorch.org/docs/stable/data.html#torch.utils.data.IterableDataset for examples.
  batch = next(self.dataloaders[index_id])
/disk/rl/psm_wma/cosmos-framework/cosmos_framework/data/generator/joint_dataloader.py:831: UserWarning: Length of IterableDataset <cosmos_framework.data.generator.action.datasets.action_sft_dataset.ActionIterableShuffleDataset object at 0x7f4d88d00ad0> was reported to be 94(when accessing len(dataloader)), but 473 samples have been fetched. For multiprocessing data-loading, this could be caused by not properly configuring the IterableDataset replica at each worker. Please see https://pytorch.org/docs/stable/data.html#torch.utils.data.IterableDataset for examples.
  batch = next(self.dataloaders[index_id])
/disk/rl/psm_wma/cosmos-framework/cosmos_framework/data/generator/joint_dataloader.py:831: UserWarning: Length of IterableDataset <cosmos_framework.data.generator.action.datasets.action_sft_dataset.ActionIterableShuffleDataset object at 0x7f4d88d00ad0> was reported to be 94(when accessing len(dataloader)), but 474 samples have been fetched. For multiprocessing data-loading, this could be caused by not properly configuring the IterableDataset replica at each worker. Please see https://pytorch.org/docs/stable/data.html#torch.utils.data.IterableDataset for examples.
  batch = next(self.dataloaders[index_id])
/disk/rl/psm_wma/cosmos-framework/cosmos_framework/data/generator/joint_dataloader.py:831: UserWarning: Length of IterableDataset <cosmos_framework.data.generator.action.datasets.action_sft_dataset.ActionIterableShuffleDataset object at 0x7f4d88d00ad0> was reported to be 94(when accessing len(dataloader)), but 475 samples have been fetched. For multiprocessing data-loading, this could be caused by not properly configuring the IterableDataset replica at each worker. Please see https://pytorch.org/docs/stable/data.html#torch.utils.data.IterableDataset for examples.
  batch = next(self.dataloaders[index_id])
/disk/rl/psm_wma/cosmos-framework/cosmos_framework/data/generator/joint_dataloader.py:831: UserWarning: Length of IterableDataset <cosmos_framework.data.generator.action.datasets.action_sft_dataset.ActionIterableShuffleDataset object at 0x7f4d88d00ad0> was reported to be 94(when accessing len(dataloader)), but 476 samples have been fetched. For multiprocessing data-loading, this could be caused by not properly configuring the IterableDataset replica at each worker. Please see https://pytorch.org/docs/stable/data.html#torch.utils.data.IterableDataset for examples.
  batch = next(self.dataloaders[index_id])
/disk/rl/psm_wma/cosmos-framework/cosmos_framework/data/generator/joint_dataloader.py:831: UserWarning: Length of IterableDataset <cosmos_framework.data.generator.action.datasets.action_sft_dataset.ActionIterableShuffleDataset object at 0x7f4d88d00ad0> was reported to be 94(when accessing len(dataloader)), but 477 samples have been fetched. For multiprocessing data-loading, this could be caused by not properly configuring the IterableDataset replica at each worker. Please see https://pytorch.org/docs/stable/data.html#torch.utils.data.IterableDataset for examples.
  batch = next(self.dataloaders[index_id])
/disk/rl/psm_wma/cosmos-framework/cosmos_framework/data/generator/joint_dataloader.py:831: UserWarning: Length of IterableDataset <cosmos_framework.data.generator.action.datasets.action_sft_dataset.ActionIterableShuffleDataset object at 0x7f4d88d00ad0> was reported to be 94(when accessing len(dataloader)), but 478 samples have been fetched. For multiprocessing data-loading, this could be caused by not properly configuring the IterableDataset replica at each worker. Please see https://pytorch.org/docs/stable/data.html#torch.utils.data.IterableDataset for examples.
  batch = next(self.dataloaders[index_id])
/disk/rl/psm_wma/cosmos-framework/cosmos_framework/data/generator/joint_dataloader.py:831: UserWarning: Length of IterableDataset <cosmos_framework.data.generator.action.datasets.action_sft_dataset.ActionIterableShuffleDataset object at 0x7f4d88d00ad0> was reported to be 94(when accessing len(dataloader)), but 479 samples have been fetched. For multiprocessing data-loading, this could be caused by not properly configuring the IterableDataset replica at each worker. Please see https://pytorch.org/docs/stable/data.html#torch.utils.data.IterableDataset for examples.
  batch = next(self.dataloaders[index_id])
/disk/rl/psm_wma/cosmos-framework/cosmos_framework/data/generator/joint_dataloader.py:831: UserWarning: Length of IterableDataset <cosmos_framework.data.generator.action.datasets.action_sft_dataset.ActionIterableShuffleDataset object at 0x7f4d88d00ad0> was reported to be 94(when accessing len(dataloader)), but 480 samples have been fetched. For multiprocessing data-loading, this could be caused by not properly configuring the IterableDataset replica at each worker. Please see https://pytorch.org/docs/stable/data.html#torch.utils.data.IterableDataset for examples.
  batch = next(self.dataloaders[index_id])
/disk/rl/psm_wma/cosmos-framework/cosmos_framework/data/generator/joint_dataloader.py:831: UserWarning: Length of IterableDataset <cosmos_framework.data.generator.action.datasets.action_sft_dataset.ActionIterableShuffleDataset object at 0x7f4d88d00ad0> was reported to be 94(when accessing len(dataloader)), but 481 samples have been fetched. For multiprocessing data-loading, this could be caused by not properly configuring the IterableDataset replica at each worker. Please see https://pytorch.org/docs/stable/data.html#torch.utils.data.IterableDataset for examples.
  batch = next(self.dataloaders[index_id])
/disk/rl/psm_wma/cosmos-framework/cosmos_framework/data/generator/joint_dataloader.py:831: UserWarning: Length of IterableDataset <cosmos_framework.data.generator.action.datasets.action_sft_dataset.ActionIterableShuffleDataset object at 0x7f4d88d00ad0> was reported to be 94(when accessing len(dataloader)), but 482 samples have been fetched. For multiprocessing data-loading, this could be caused by not properly configuring the IterableDataset replica at each worker. Please see https://pytorch.org/docs/stable/data.html#torch.utils.data.IterableDataset for examples.
  batch = next(self.dataloaders[index_id])
/disk/rl/psm_wma/cosmos-framework/cosmos_framework/data/generator/joint_dataloader.py:831: UserWarning: Length of IterableDataset <cosmos_framework.data.generator.action.datasets.action_sft_dataset.ActionIterableShuffleDataset object at 0x7f4d88d00ad0> was reported to be 94(when accessing len(dataloader)), but 483 samples have been fetched. For multiprocessing data-loading, this could be caused by not properly configuring the IterableDataset replica at each worker. Please see https://pytorch.org/docs/stable/data.html#torch.utils.data.IterableDataset for examples.
  batch = next(self.dataloaders[index_id])
/disk/rl/psm_wma/cosmos-framework/cosmos_framework/data/generator/joint_dataloader.py:831: UserWarning: Length of IterableDataset <cosmos_framework.data.generator.action.datasets.action_sft_dataset.ActionIterableShuffleDataset object at 0x7f4d88d00ad0> was reported to be 94(when accessing len(dataloader)), but 484 samples have been fetched. For multiprocessing data-loading, this could be caused by not properly configuring the IterableDataset replica at each worker. Please see https://pytorch.org/docs/stable/data.html#torch.utils.data.IterableDataset for examples.
  batch = next(self.dataloaders[index_id])
/disk/rl/psm_wma/cosmos-framework/cosmos_framework/data/generator/joint_dataloader.py:831: UserWarning: Length of IterableDataset <cosmos_framework.data.generator.action.datasets.action_sft_dataset.ActionIterableShuffleDataset object at 0x7f4d88d00ad0> was reported to be 94(when accessing len(dataloader)), but 485 samples have been fetched. For multiprocessing data-loading, this could be caused by not properly configuring the IterableDataset replica at each worker. Please see https://pytorch.org/docs/stable/data.html#torch.utils.data.IterableDataset for examples.
  batch = next(self.dataloaders[index_id])
/disk/rl/psm_wma/cosmos-framework/cosmos_framework/data/generator/joint_dataloader.py:831: UserWarning: Length of IterableDataset <cosmos_framework.data.generator.action.datasets.action_sft_dataset.ActionIterableShuffleDataset object at 0x7f4d88d00ad0> was reported to be 94(when accessing len(dataloader)), but 486 samples have been fetched. For multiprocessing data-loading, this could be caused by not properly configuring the IterableDataset replica at each worker. Please see https://pytorch.org/docs/stable/data.html#torch.utils.data.IterableDataset for examples.
  batch = next(self.dataloaders[index_id])
/disk/rl/psm_wma/cosmos-framework/cosmos_framework/data/generator/joint_dataloader.py:831: UserWarning: Length of IterableDataset <cosmos_framework.data.generator.action.datasets.action_sft_dataset.ActionIterableShuffleDataset object at 0x7f4d88d00ad0> was reported to be 94(when accessing len(dataloader)), but 487 samples have been fetched. For multiprocessing data-loading, this could be caused by not properly configuring the IterableDataset replica at each worker. Please see https://pytorch.org/docs/stable/data.html#torch.utils.data.IterableDataset for examples.
  batch = next(self.dataloaders[index_id])
/disk/rl/psm_wma/cosmos-framework/cosmos_framework/data/generator/joint_dataloader.py:831: UserWarning: Length of IterableDataset <cosmos_framework.data.generator.action.datasets.action_sft_dataset.ActionIterableShuffleDataset object at 0x7f4d88d00ad0> was reported to be 94(when accessing len(dataloader)), but 488 samples have been fetched. For multiprocessing data-loading, this could be caused by not properly configuring the IterableDataset replica at each worker. Please see https://pytorch.org/docs/stable/data.html#torch.utils.data.IterableDataset for examples.
  batch = next(self.dataloaders[index_id])
/disk/rl/psm_wma/cosmos-framework/cosmos_framework/data/generator/joint_dataloader.py:831: UserWarning: Length of IterableDataset <cosmos_framework.data.generator.action.datasets.action_sft_dataset.ActionIterableShuffleDataset object at 0x7f4d88d00ad0> was reported to be 94(when accessing len(dataloader)), but 489 samples have been fetched. For multiprocessing data-loading, this could be caused by not properly configuring the IterableDataset replica at each worker. Please see https://pytorch.org/docs/stable/data.html#torch.utils.data.IterableDataset for examples.
  batch = next(self.dataloaders[index_id])
/disk/rl/psm_wma/cosmos-framework/cosmos_framework/data/generator/joint_dataloader.py:831: UserWarning: Length of IterableDataset <cosmos_framework.data.generator.action.datasets.action_sft_dataset.ActionIterableShuffleDataset object at 0x7f4d88d00ad0> was reported to be 94(when accessing len(dataloader)), but 490 samples have been fetched. For multiprocessing data-loading, this could be caused by not properly configuring the IterableDataset replica at each worker. Please see https://pytorch.org/docs/stable/data.html#torch.utils.data.IterableDataset for examples.
  batch = next(self.dataloaders[index_id])
/disk/rl/psm_wma/cosmos-framework/cosmos_framework/data/generator/joint_dataloader.py:831: UserWarning: Length of IterableDataset <cosmos_framework.data.generator.action.datasets.action_sft_dataset.ActionIterableShuffleDataset object at 0x7f4d88d00ad0> was reported to be 94(when accessing len(dataloader)), but 491 samples have been fetched. For multiprocessing data-loading, this could be caused by not properly configuring the IterableDataset replica at each worker. Please see https://pytorch.org/docs/stable/data.html#torch.utils.data.IterableDataset for examples.
  batch = next(self.dataloaders[index_id])
/disk/rl/psm_wma/cosmos-framework/cosmos_framework/data/generator/joint_dataloader.py:831: UserWarning: Length of IterableDataset <cosmos_framework.data.generator.action.datasets.action_sft_dataset.ActionIterableShuffleDataset object at 0x7f4d88d00ad0> was reported to be 94(when accessing len(dataloader)), but 492 samples have been fetched. For multiprocessing data-loading, this could be caused by not properly configuring the IterableDataset replica at each worker. Please see https://pytorch.org/docs/stable/data.html#torch.utils.data.IterableDataset for examples.
  batch = next(self.dataloaders[index_id])
/disk/rl/psm_wma/cosmos-framework/cosmos_framework/data/generator/joint_dataloader.py:831: UserWarning: Length of IterableDataset <cosmos_framework.data.generator.action.datasets.action_sft_dataset.ActionIterableShuffleDataset object at 0x7f4d88d00ad0> was reported to be 94(when accessing len(dataloader)), but 493 samples have been fetched. For multiprocessing data-loading, this could be caused by not properly configuring the IterableDataset replica at each worker. Please see https://pytorch.org/docs/stable/data.html#torch.utils.data.IterableDataset for examples.
  batch = next(self.dataloaders[index_id])
/disk/rl/psm_wma/cosmos-framework/cosmos_framework/data/generator/joint_dataloader.py:831: UserWarning: Length of IterableDataset <cosmos_framework.data.generator.action.datasets.action_sft_dataset.ActionIterableShuffleDataset object at 0x7f4d88d00ad0> was reported to be 94(when accessing len(dataloader)), but 494 samples have been fetched. For multiprocessing data-loading, this could be caused by not properly configuring the IterableDataset replica at each worker. Please see https://pytorch.org/docs/stable/data.html#torch.utils.data.IterableDataset for examples.
  batch = next(self.dataloaders[index_id])
/disk/rl/psm_wma/cosmos-framework/cosmos_framework/data/generator/joint_dataloader.py:831: UserWarning: Length of IterableDataset <cosmos_framework.data.generator.action.datasets.action_sft_dataset.ActionIterableShuffleDataset object at 0x7f4d88d00ad0> was reported to be 94(when accessing len(dataloader)), but 495 samples have been fetched. For multiprocessing data-loading, this could be caused by not properly configuring the IterableDataset replica at each worker. Please see https://pytorch.org/docs/stable/data.html#torch.utils.data.IterableDataset for examples.
  batch = next(self.dataloaders[index_id])
/disk/rl/psm_wma/cosmos-framework/cosmos_framework/data/generator/joint_dataloader.py:831: UserWarning: Length of IterableDataset <cosmos_framework.data.generator.action.datasets.action_sft_dataset.ActionIterableShuffleDataset object at 0x7f4d88d00ad0> was reported to be 94(when accessing len(dataloader)), but 496 samples have been fetched. For multiprocessing data-loading, this could be caused by not properly configuring the IterableDataset replica at each worker. Please see https://pytorch.org/docs/stable/data.html#torch.utils.data.IterableDataset for examples.
  batch = next(self.dataloaders[index_id])
/disk/rl/psm_wma/cosmos-framework/cosmos_framework/data/generator/joint_dataloader.py:831: UserWarning: Length of IterableDataset <cosmos_framework.data.generator.action.datasets.action_sft_dataset.ActionIterableShuffleDataset object at 0x7f4d88d00ad0> was reported to be 94(when accessing len(dataloader)), but 497 samples have been fetched. For multiprocessing data-loading, this could be caused by not properly configuring the IterableDataset replica at each worker. Please see https://pytorch.org/docs/stable/data.html#torch.utils.data.IterableDataset for examples.
  batch = next(self.dataloaders[index_id])
/disk/rl/psm_wma/cosmos-framework/cosmos_framework/data/generator/joint_dataloader.py:831: UserWarning: Length of IterableDataset <cosmos_framework.data.generator.action.datasets.action_sft_dataset.ActionIterableShuffleDataset object at 0x7f4d88d00ad0> was reported to be 94(when accessing len(dataloader)), but 498 samples have been fetched. For multiprocessing data-loading, this could be caused by not properly configuring the IterableDataset replica at each worker. Please see https://pytorch.org/docs/stable/data.html#torch.utils.data.IterableDataset for examples.
  batch = next(self.dataloaders[index_id])
/disk/rl/psm_wma/cosmos-framework/cosmos_framework/data/generator/joint_dataloader.py:831: UserWarning: Length of IterableDataset <cosmos_framework.data.generator.action.datasets.action_sft_dataset.ActionIterableShuffleDataset object at 0x7f4d88d00ad0> was reported to be 94(when accessing len(dataloader)), but 499 samples have been fetched. For multiprocessing data-loading, this could be caused by not properly configuring the IterableDataset replica at each worker. Please see https://pytorch.org/docs/stable/data.html#torch.utils.data.IterableDataset for examples.
  batch = next(self.dataloaders[index_id])
/disk/rl/psm_wma/cosmos-framework/cosmos_framework/data/generator/joint_dataloader.py:831: UserWarning: Length of IterableDataset <cosmos_framework.data.generator.action.datasets.action_sft_dataset.ActionIterableShuffleDataset object at 0x7f4d88d00ad0> was reported to be 94(when accessing len(dataloader)), but 500 samples have been fetched. For multiprocessing data-loading, this could be caused by not properly configuring the IterableDataset replica at each worker. Please see https://pytorch.org/docs/stable/data.html#torch.utils.data.IterableDataset for examples.
  batch = next(self.dataloaders[index_id])
/disk/rl/psm_wma/cosmos-framework/cosmos_framework/data/generator/joint_dataloader.py:831: UserWarning: Length of IterableDataset <cosmos_framework.data.generator.action.datasets.action_sft_dataset.ActionIterableShuffleDataset object at 0x7f4d88d00ad0> was reported to be 94(when accessing len(dataloader)), but 501 samples have been fetched. For multiprocessing data-loading, this could be caused by not properly configuring the IterableDataset replica at each worker. Please see https://pytorch.org/docs/stable/data.html#torch.utils.data.IterableDataset for examples.
  batch = next(self.dataloaders[index_id])
/disk/rl/psm_wma/cosmos-framework/cosmos_framework/data/generator/joint_dataloader.py:831: UserWarning: Length of IterableDataset <cosmos_framework.data.generator.action.datasets.action_sft_dataset.ActionIterableShuffleDataset object at 0x7f4d88d00ad0> was reported to be 94(when accessing len(dataloader)), but 502 samples have been fetched. For multiprocessing data-loading, this could be caused by not properly configuring the IterableDataset replica at each worker. Please see https://pytorch.org/docs/stable/data.html#torch.utils.data.IterableDataset for examples.
  batch = next(self.dataloaders[index_id])
/disk/rl/psm_wma/cosmos-framework/cosmos_framework/data/generator/joint_dataloader.py:831: UserWarning: Length of IterableDataset <cosmos_framework.data.generator.action.datasets.action_sft_dataset.ActionIterableShuffleDataset object at 0x7f4d88d00ad0> was reported to be 94(when accessing len(dataloader)), but 503 samples have been fetched. For multiprocessing data-loading, this could be caused by not properly configuring the IterableDataset replica at each worker. Please see https://pytorch.org/docs/stable/data.html#torch.utils.data.IterableDataset for examples.
  batch = next(self.dataloaders[index_id])
/disk/rl/psm_wma/cosmos-framework/cosmos_framework/data/generator/joint_dataloader.py:831: UserWarning: Length of IterableDataset <cosmos_framework.data.generator.action.datasets.action_sft_dataset.ActionIterableShuffleDataset object at 0x7f4d88d00ad0> was reported to be 94(when accessing len(dataloader)), but 504 samples have been fetched. For multiprocessing data-loading, this could be caused by not properly configuring the IterableDataset replica at each worker. Please see https://pytorch.org/docs/stable/data.html#torch.utils.data.IterableDataset for examples.
  batch = next(self.dataloaders[index_id])
/disk/rl/psm_wma/cosmos-framework/cosmos_framework/data/generator/joint_dataloader.py:831: UserWarning: Length of IterableDataset <cosmos_framework.data.generator.action.datasets.action_sft_dataset.ActionIterableShuffleDataset object at 0x7f4d88d00ad0> was reported to be 94(when accessing len(dataloader)), but 505 samples have been fetched. For multiprocessing data-loading, this could be caused by not properly configuring the IterableDataset replica at each worker. Please see https://pytorch.org/docs/stable/data.html#torch.utils.data.IterableDataset for examples.
  batch = next(self.dataloaders[index_id])
/disk/rl/psm_wma/cosmos-framework/cosmos_framework/data/generator/joint_dataloader.py:831: UserWarning: Length of IterableDataset <cosmos_framework.data.generator.action.datasets.action_sft_dataset.ActionIterableShuffleDataset object at 0x7f4d88d00ad0> was reported to be 94(when accessing len(dataloader)), but 506 samples have been fetched. For multiprocessing data-loading, this could be caused by not properly configuring the IterableDataset replica at each worker. Please see https://pytorch.org/docs/stable/data.html#torch.utils.data.IterableDataset for examples.
  batch = next(self.dataloaders[index_id])
/disk/rl/psm_wma/cosmos-framework/cosmos_framework/data/generator/joint_dataloader.py:831: UserWarning: Length of IterableDataset <cosmos_framework.data.generator.action.datasets.action_sft_dataset.ActionIterableShuffleDataset object at 0x7f4d88d00ad0> was reported to be 94(when accessing len(dataloader)), but 507 samples have been fetched. For multiprocessing data-loading, this could be caused by not properly configuring the IterableDataset replica at each worker. Please see https://pytorch.org/docs/stable/data.html#torch.utils.data.IterableDataset for examples.
  batch = next(self.dataloaders[index_id])
/disk/rl/psm_wma/cosmos-framework/cosmos_framework/data/generator/joint_dataloader.py:831: UserWarning: Length of IterableDataset <cosmos_framework.data.generator.action.datasets.action_sft_dataset.ActionIterableShuffleDataset object at 0x7f4d88d00ad0> was reported to be 94(when accessing len(dataloader)), but 508 samples have been fetched. For multiprocessing data-loading, this could be caused by not properly configuring the IterableDataset replica at each worker. Please see https://pytorch.org/docs/stable/data.html#torch.utils.data.IterableDataset for examples.
  batch = next(self.dataloaders[index_id])
/disk/rl/psm_wma/cosmos-framework/cosmos_framework/data/generator/joint_dataloader.py:831: UserWarning: Length of IterableDataset <cosmos_framework.data.generator.action.datasets.action_sft_dataset.ActionIterableShuffleDataset object at 0x7f4d88d00ad0> was reported to be 94(when accessing len(dataloader)), but 509 samples have been fetched. For multiprocessing data-loading, this could be caused by not properly configuring the IterableDataset replica at each worker. Please see https://pytorch.org/docs/stable/data.html#torch.utils.data.IterableDataset for examples.
  batch = next(self.dataloaders[index_id])
/disk/rl/psm_wma/cosmos-framework/cosmos_framework/data/generator/joint_dataloader.py:831: UserWarning: Length of IterableDataset <cosmos_framework.data.generator.action.datasets.action_sft_dataset.ActionIterableShuffleDataset object at 0x7f4d88d00ad0> was reported to be 94(when accessing len(dataloader)), but 510 samples have been fetched. For multiprocessing data-loading, this could be caused by not properly configuring the IterableDataset replica at each worker. Please see https://pytorch.org/docs/stable/data.html#torch.utils.data.IterableDataset for examples.
  batch = next(self.dataloaders[index_id])
/disk/rl/psm_wma/cosmos-framework/cosmos_framework/data/generator/joint_dataloader.py:831: UserWarning: Length of IterableDataset <cosmos_framework.data.generator.action.datasets.action_sft_dataset.ActionIterableShuffleDataset object at 0x7f4d88d00ad0> was reported to be 94(when accessing len(dataloader)), but 511 samples have been fetched. For multiprocessing data-loading, this could be caused by not properly configuring the IterableDataset replica at each worker. Please see https://pytorch.org/docs/stable/data.html#torch.utils.data.IterableDataset for examples.
  batch = next(self.dataloaders[index_id])
/disk/rl/psm_wma/cosmos-framework/cosmos_framework/data/generator/joint_dataloader.py:831: UserWarning: Length of IterableDataset <cosmos_framework.data.generator.action.datasets.action_sft_dataset.ActionIterableShuffleDataset object at 0x7f4d88d00ad0> was reported to be 94(when accessing len(dataloader)), but 512 samples have been fetched. For multiprocessing data-loading, this could be caused by not properly configuring the IterableDataset replica at each worker. Please see https://pytorch.org/docs/stable/data.html#torch.utils.data.IterableDataset for examples.
  batch = next(self.dataloaders[index_id])
/disk/rl/psm_wma/cosmos-framework/cosmos_framework/data/generator/joint_dataloader.py:831: UserWarning: Length of IterableDataset <cosmos_framework.data.generator.action.datasets.action_sft_dataset.ActionIterableShuffleDataset object at 0x7f4d88cfde50> was reported to be 127(when accessing len(dataloader)), but 385 samples have been fetched. For multiprocessing data-loading, this could be caused by not properly configuring the IterableDataset replica at each worker. Please see https://pytorch.org/docs/stable/data.html#torch.utils.data.IterableDataset for examples.
  batch = next(self.dataloaders[index_id])
/disk/rl/psm_wma/cosmos-framework/cosmos_framework/data/generator/joint_dataloader.py:831: UserWarning: Length of IterableDataset <cosmos_framework.data.generator.action.datasets.action_sft_dataset.ActionIterableShuffleDataset object at 0x7f4d88cfde50> was reported to be 127(when accessing len(dataloader)), but 386 samples have been fetched. For multiprocessing data-loading, this could be caused by not properly configuring the IterableDataset replica at each worker. Please see https://pytorch.org/docs/stable/data.html#torch.utils.data.IterableDataset for examples.
  batch = next(self.dataloaders[index_id])
/disk/rl/psm_wma/cosmos-framework/cosmos_framework/data/generator/joint_dataloader.py:831: UserWarning: Length of IterableDataset <cosmos_framework.data.generator.action.datasets.action_sft_dataset.ActionIterableShuffleDataset object at 0x7f4d88cfde50> was reported to be 127(when accessing len(dataloader)), but 387 samples have been fetched. For multiprocessing data-loading, this could be caused by not properly configuring the IterableDataset replica at each worker. Please see https://pytorch.org/docs/stable/data.html#torch.utils.data.IterableDataset for examples.
  batch = next(self.dataloaders[index_id])
/disk/rl/psm_wma/cosmos-framework/cosmos_framework/data/generator/joint_dataloader.py:831: UserWarning: Length of IterableDataset <cosmos_framework.data.generator.action.datasets.action_sft_dataset.ActionIterableShuffleDataset object at 0x7f4d88cfde50> was reported to be 127(when accessing len(dataloader)), but 388 samples have been fetched. For multiprocessing data-loading, this could be caused by not properly configuring the IterableDataset replica at each worker. Please see https://pytorch.org/docs/stable/data.html#torch.utils.data.IterableDataset for examples.
  batch = next(self.dataloaders[index_id])
/disk/rl/psm_wma/cosmos-framework/cosmos_framework/data/generator/joint_dataloader.py:831: UserWarning: Length of IterableDataset <cosmos_framework.data.generator.action.datasets.action_sft_dataset.ActionIterableShuffleDataset object at 0x7f4d88cfde50> was reported to be 127(when accessing len(dataloader)), but 389 samples have been fetched. For multiprocessing data-loading, this could be caused by not properly configuring the IterableDataset replica at each worker. Please see https://pytorch.org/docs/stable/data.html#torch.utils.data.IterableDataset for examples.
  batch = next(self.dataloaders[index_id])
/disk/rl/psm_wma/cosmos-framework/cosmos_framework/data/generator/joint_dataloader.py:831: UserWarning: Length of IterableDataset <cosmos_framework.data.generator.action.datasets.action_sft_dataset.ActionIterableShuffleDataset object at 0x7f4d88cfde50> was reported to be 127(when accessing len(dataloader)), but 390 samples have been fetched. For multiprocessing data-loading, this could be caused by not properly configuring the IterableDataset replica at each worker. Please see https://pytorch.org/docs/stable/data.html#torch.utils.data.IterableDataset for examples.
  batch = next(self.dataloaders[index_id])
/disk/rl/psm_wma/cosmos-framework/cosmos_framework/data/generator/joint_dataloader.py:831: UserWarning: Length of IterableDataset <cosmos_framework.data.generator.action.datasets.action_sft_dataset.ActionIterableShuffleDataset object at 0x7f4d88cfde50> was reported to be 127(when accessing len(dataloader)), but 391 samples have been fetched. For multiprocessing data-loading, this could be caused by not properly configuring the IterableDataset replica at each worker. Please see https://pytorch.org/docs/stable/data.html#torch.utils.data.IterableDataset for examples.
  batch = next(self.dataloaders[index_id])
/disk/rl/psm_wma/cosmos-framework/cosmos_framework/data/generator/joint_dataloader.py:831: UserWarning: Length of IterableDataset <cosmos_framework.data.generator.action.datasets.action_sft_dataset.ActionIterableShuffleDataset object at 0x7f4d88cfde50> was reported to be 127(when accessing len(dataloader)), but 392 samples have been fetched. For multiprocessing data-loading, this could be caused by not properly configuring the IterableDataset replica at each worker. Please see https://pytorch.org/docs/stable/data.html#torch.utils.data.IterableDataset for examples.
  batch = next(self.dataloaders[index_id])
/disk/rl/psm_wma/cosmos-framework/cosmos_framework/data/generator/joint_dataloader.py:831: UserWarning: Length of IterableDataset <cosmos_framework.data.generator.action.datasets.action_sft_dataset.ActionIterableShuffleDataset object at 0x7f4d88cfde50> was reported to be 127(when accessing len(dataloader)), but 393 samples have been fetched. For multiprocessing data-loading, this could be caused by not properly configuring the IterableDataset replica at each worker. Please see https://pytorch.org/docs/stable/data.html#torch.utils.data.IterableDataset for examples.
  batch = next(self.dataloaders[index_id])
/disk/rl/psm_wma/cosmos-framework/cosmos_framework/data/generator/joint_dataloader.py:831: UserWarning: Length of IterableDataset <cosmos_framework.data.generator.action.datasets.action_sft_dataset.ActionIterableShuffleDataset object at 0x7f4d88cfde50> was reported to be 127(when accessing len(dataloader)), but 394 samples have been fetched. For multiprocessing data-loading, this could be caused by not properly configuring the IterableDataset replica at each worker. Please see https://pytorch.org/docs/stable/data.html#torch.utils.data.IterableDataset for examples.
  batch = next(self.dataloaders[index_id])
/disk/rl/psm_wma/cosmos-framework/cosmos_framework/data/generator/joint_dataloader.py:831: UserWarning: Length of IterableDataset <cosmos_framework.data.generator.action.datasets.action_sft_dataset.ActionIterableShuffleDataset object at 0x7f4d88cfde50> was reported to be 127(when accessing len(dataloader)), but 395 samples have been fetched. For multiprocessing data-loading, this could be caused by not properly configuring the IterableDataset replica at each worker. Please see https://pytorch.org/docs/stable/data.html#torch.utils.data.IterableDataset for examples.
  batch = next(self.dataloaders[index_id])
/disk/rl/psm_wma/cosmos-framework/cosmos_framework/data/generator/joint_dataloader.py:831: UserWarning: Length of IterableDataset <cosmos_framework.data.generator.action.datasets.action_sft_dataset.ActionIterableShuffleDataset object at 0x7f4d88cfde50> was reported to be 127(when accessing len(dataloader)), but 396 samples have been fetched. For multiprocessing data-loading, this could be caused by not properly configuring the IterableDataset replica at each worker. Please see https://pytorch.org/docs/stable/data.html#torch.utils.data.IterableDataset for examples.
  batch = next(self.dataloaders[index_id])
/disk/rl/psm_wma/cosmos-framework/cosmos_framework/data/generator/joint_dataloader.py:831: UserWarning: Length of IterableDataset <cosmos_framework.data.generator.action.datasets.action_sft_dataset.ActionIterableShuffleDataset object at 0x7f4d88cfde50> was reported to be 127(when accessing len(dataloader)), but 397 samples have been fetched. For multiprocessing data-loading, this could be caused by not properly configuring the IterableDataset replica at each worker. Please see https://pytorch.org/docs/stable/data.html#torch.utils.data.IterableDataset for examples.
  batch = next(self.dataloaders[index_id])
/disk/rl/psm_wma/cosmos-framework/cosmos_framework/data/generator/joint_dataloader.py:831: UserWarning: Length of IterableDataset <cosmos_framework.data.generator.action.datasets.action_sft_dataset.ActionIterableShuffleDataset object at 0x7f4d88cfde50> was reported to be 127(when accessing len(dataloader)), but 398 samples have been fetched. For multiprocessing data-loading, this could be caused by not properly configuring the IterableDataset replica at each worker. Please see https://pytorch.org/docs/stable/data.html#torch.utils.data.IterableDataset for examples.
  batch = next(self.dataloaders[index_id])
/disk/rl/psm_wma/cosmos-framework/cosmos_framework/data/generator/joint_dataloader.py:831: UserWarning: Length of IterableDataset <cosmos_framework.data.generator.action.datasets.action_sft_dataset.ActionIterableShuffleDataset object at 0x7f4d88cfde50> was reported to be 127(when accessing len(dataloader)), but 399 samples have been fetched. For multiprocessing data-loading, this could be caused by not properly configuring the IterableDataset replica at each worker. Please see https://pytorch.org/docs/stable/data.html#torch.utils.data.IterableDataset for examples.
  batch = next(self.dataloaders[index_id])
/disk/rl/psm_wma/cosmos-framework/cosmos_framework/data/generator/joint_dataloader.py:831: UserWarning: Length of IterableDataset <cosmos_framework.data.generator.action.datasets.action_sft_dataset.ActionIterableShuffleDataset object at 0x7f4d88cfde50> was reported to be 127(when accessing len(dataloader)), but 400 samples have been fetched. For multiprocessing data-loading, this could be caused by not properly configuring the IterableDataset replica at each worker. Please see https://pytorch.org/docs/stable/data.html#torch.utils.data.IterableDataset for examples.
  batch = next(self.dataloaders[index_id])
/disk/rl/psm_wma/cosmos-framework/cosmos_framework/data/generator/joint_dataloader.py:831: UserWarning: Length of IterableDataset <cosmos_framework.data.generator.action.datasets.action_sft_dataset.ActionIterableShuffleDataset object at 0x7f4d88cfde50> was reported to be 127(when accessing len(dataloader)), but 401 samples have been fetched. For multiprocessing data-loading, this could be caused by not properly configuring the IterableDataset replica at each worker. Please see https://pytorch.org/docs/stable/data.html#torch.utils.data.IterableDataset for examples.
  batch = next(self.dataloaders[index_id])
/disk/rl/psm_wma/cosmos-framework/cosmos_framework/data/generator/joint_dataloader.py:831: UserWarning: Length of IterableDataset <cosmos_framework.data.generator.action.datasets.action_sft_dataset.ActionIterableShuffleDataset object at 0x7f4d88cfde50> was reported to be 127(when accessing len(dataloader)), but 402 samples have been fetched. For multiprocessing data-loading, this could be caused by not properly configuring the IterableDataset replica at each worker. Please see https://pytorch.org/docs/stable/data.html#torch.utils.data.IterableDataset for examples.
  batch = next(self.dataloaders[index_id])
/disk/rl/psm_wma/cosmos-framework/cosmos_framework/data/generator/joint_dataloader.py:831: UserWarning: Length of IterableDataset <cosmos_framework.data.generator.action.datasets.action_sft_dataset.ActionIterableShuffleDataset object at 0x7f4d88cfde50> was reported to be 127(when accessing len(dataloader)), but 403 samples have been fetched. For multiprocessing data-loading, this could be caused by not properly configuring the IterableDataset replica at each worker. Please see https://pytorch.org/docs/stable/data.html#torch.utils.data.IterableDataset for examples.
  batch = next(self.dataloaders[index_id])
/disk/rl/psm_wma/cosmos-framework/cosmos_framework/data/generator/joint_dataloader.py:831: UserWarning: Length of IterableDataset <cosmos_framework.data.generator.action.datasets.action_sft_dataset.ActionIterableShuffleDataset object at 0x7f4d88cfde50> was reported to be 127(when accessing len(dataloader)), but 404 samples have been fetched. For multiprocessing data-loading, this could be caused by not properly configuring the IterableDataset replica at each worker. Please see https://pytorch.org/docs/stable/data.html#torch.utils.data.IterableDataset for examples.
  batch = next(self.dataloaders[index_id])
/disk/rl/psm_wma/cosmos-framework/cosmos_framework/data/generator/joint_dataloader.py:831: UserWarning: Length of IterableDataset <cosmos_framework.data.generator.action.datasets.action_sft_dataset.ActionIterableShuffleDataset object at 0x7f4d88cfde50> was reported to be 127(when accessing len(dataloader)), but 405 samples have been fetched. For multiprocessing data-loading, this could be caused by not properly configuring the IterableDataset replica at each worker. Please see https://pytorch.org/docs/stable/data.html#torch.utils.data.IterableDataset for examples.
  batch = next(self.dataloaders[index_id])
/disk/rl/psm_wma/cosmos-framework/cosmos_framework/data/generator/joint_dataloader.py:831: UserWarning: Length of IterableDataset <cosmos_framework.data.generator.action.datasets.action_sft_dataset.ActionIterableShuffleDataset object at 0x7f4d88cfde50> was reported to be 127(when accessing len(dataloader)), but 406 samples have been fetched. For multiprocessing data-loading, this could be caused by not properly configuring the IterableDataset replica at each worker. Please see https://pytorch.org/docs/stable/data.html#torch.utils.data.IterableDataset for examples.
  batch = next(self.dataloaders[index_id])
/disk/rl/psm_wma/cosmos-framework/cosmos_framework/data/generator/joint_dataloader.py:831: UserWarning: Length of IterableDataset <cosmos_framework.data.generator.action.datasets.action_sft_dataset.ActionIterableShuffleDataset object at 0x7f4d88cfde50> was reported to be 127(when accessing len(dataloader)), but 407 samples have been fetched. For multiprocessing data-loading, this could be caused by not properly configuring the IterableDataset replica at each worker. Please see https://pytorch.org/docs/stable/data.html#torch.utils.data.IterableDataset for examples.
  batch = next(self.dataloaders[index_id])
/disk/rl/psm_wma/cosmos-framework/cosmos_framework/data/generator/joint_dataloader.py:831: UserWarning: Length of IterableDataset <cosmos_framework.data.generator.action.datasets.action_sft_dataset.ActionIterableShuffleDataset object at 0x7f4d88cfde50> was reported to be 127(when accessing len(dataloader)), but 408 samples have been fetched. For multiprocessing data-loading, this could be caused by not properly configuring the IterableDataset replica at each worker. Please see https://pytorch.org/docs/stable/data.html#torch.utils.data.IterableDataset for examples.
  batch = next(self.dataloaders[index_id])
/disk/rl/psm_wma/cosmos-framework/cosmos_framework/data/generator/joint_dataloader.py:831: UserWarning: Length of IterableDataset <cosmos_framework.data.generator.action.datasets.action_sft_dataset.ActionIterableShuffleDataset object at 0x7f4d88cfde50> was reported to be 127(when accessing len(dataloader)), but 409 samples have been fetched. For multiprocessing data-loading, this could be caused by not properly configuring the IterableDataset replica at each worker. Please see https://pytorch.org/docs/stable/data.html#torch.utils.data.IterableDataset for examples.
  batch = next(self.dataloaders[index_id])
/disk/rl/psm_wma/cosmos-framework/cosmos_framework/data/generator/joint_dataloader.py:831: UserWarning: Length of IterableDataset <cosmos_framework.data.generator.action.datasets.action_sft_dataset.ActionIterableShuffleDataset object at 0x7f4d88cfde50> was reported to be 127(when accessing len(dataloader)), but 410 samples have been fetched. For multiprocessing data-loading, this could be caused by not properly configuring the IterableDataset replica at each worker. Please see https://pytorch.org/docs/stable/data.html#torch.utils.data.IterableDataset for examples.
  batch = next(self.dataloaders[index_id])
/disk/rl/psm_wma/cosmos-framework/cosmos_framework/data/generator/joint_dataloader.py:831: UserWarning: Length of IterableDataset <cosmos_framework.data.generator.action.datasets.action_sft_dataset.ActionIterableShuffleDataset object at 0x7f4d88cfde50> was reported to be 127(when accessing len(dataloader)), but 411 samples have been fetched. For multiprocessing data-loading, this could be caused by not properly configuring the IterableDataset replica at each worker. Please see https://pytorch.org/docs/stable/data.html#torch.utils.data.IterableDataset for examples.
  batch = next(self.dataloaders[index_id])
/disk/rl/psm_wma/cosmos-framework/cosmos_framework/data/generator/joint_dataloader.py:831: UserWarning: Length of IterableDataset <cosmos_framework.data.generator.action.datasets.action_sft_dataset.ActionIterableShuffleDataset object at 0x7f4d88cfde50> was reported to be 127(when accessing len(dataloader)), but 412 samples have been fetched. For multiprocessing data-loading, this could be caused by not properly configuring the IterableDataset replica at each worker. Please see https://pytorch.org/docs/stable/data.html#torch.utils.data.IterableDataset for examples.
  batch = next(self.dataloaders[index_id])
/disk/rl/psm_wma/cosmos-framework/cosmos_framework/data/generator/joint_dataloader.py:831: UserWarning: Length of IterableDataset <cosmos_framework.data.generator.action.datasets.action_sft_dataset.ActionIterableShuffleDataset object at 0x7f4d88cfde50> was reported to be 127(when accessing len(dataloader)), but 413 samples have been fetched. For multiprocessing data-loading, this could be caused by not properly configuring the IterableDataset replica at each worker. Please see https://pytorch.org/docs/stable/data.html#torch.utils.data.IterableDataset for examples.
  batch = next(self.dataloaders[index_id])
/disk/rl/psm_wma/cosmos-framework/cosmos_framework/data/generator/joint_dataloader.py:831: UserWarning: Length of IterableDataset <cosmos_framework.data.generator.action.datasets.action_sft_dataset.ActionIterableShuffleDataset object at 0x7f4d88cfde50> was reported to be 127(when accessing len(dataloader)), but 414 samples have been fetched. For multiprocessing data-loading, this could be caused by not properly configuring the IterableDataset replica at each worker. Please see https://pytorch.org/docs/stable/data.html#torch.utils.data.IterableDataset for examples.
  batch = next(self.dataloaders[index_id])
/disk/rl/psm_wma/cosmos-framework/cosmos_framework/data/generator/joint_dataloader.py:831: UserWarning: Length of IterableDataset <cosmos_framework.data.generator.action.datasets.action_sft_dataset.ActionIterableShuffleDataset object at 0x7f4d88cfde50> was reported to be 127(when accessing len(dataloader)), but 415 samples have been fetched. For multiprocessing data-loading, this could be caused by not properly configuring the IterableDataset replica at each worker. Please see https://pytorch.org/docs/stable/data.html#torch.utils.data.IterableDataset for examples.
  batch = next(self.dataloaders[index_id])
/disk/rl/psm_wma/cosmos-framework/cosmos_framework/data/generator/joint_dataloader.py:831: UserWarning: Length of IterableDataset <cosmos_framework.data.generator.action.datasets.action_sft_dataset.ActionIterableShuffleDataset object at 0x7f4d88cfde50> was reported to be 127(when accessing len(dataloader)), but 416 samples have been fetched. For multiprocessing data-loading, this could be caused by not properly configuring the IterableDataset replica at each worker. Please see https://pytorch.org/docs/stable/data.html#torch.utils.data.IterableDataset for examples.
  batch = next(self.dataloaders[index_id])
/disk/rl/psm_wma/cosmos-framework/cosmos_framework/data/generator/joint_dataloader.py:831: UserWarning: Length of IterableDataset <cosmos_framework.data.generator.action.datasets.action_sft_dataset.ActionIterableShuffleDataset object at 0x7f4d88cfde50> was reported to be 127(when accessing len(dataloader)), but 417 samples have been fetched. For multiprocessing data-loading, this could be caused by not properly configuring the IterableDataset replica at each worker. Please see https://pytorch.org/docs/stable/data.html#torch.utils.data.IterableDataset for examples.
  batch = next(self.dataloaders[index_id])
/disk/rl/psm_wma/cosmos-framework/cosmos_framework/data/generator/joint_dataloader.py:831: UserWarning: Length of IterableDataset <cosmos_framework.data.generator.action.datasets.action_sft_dataset.ActionIterableShuffleDataset object at 0x7f4d88cfde50> was reported to be 127(when accessing len(dataloader)), but 418 samples have been fetched. For multiprocessing data-loading, this could be caused by not properly configuring the IterableDataset replica at each worker. Please see https://pytorch.org/docs/stable/data.html#torch.utils.data.IterableDataset for examples.
  batch = next(self.dataloaders[index_id])
/disk/rl/psm_wma/cosmos-framework/cosmos_framework/data/generator/joint_dataloader.py:831: UserWarning: Length of IterableDataset <cosmos_framework.data.generator.action.datasets.action_sft_dataset.ActionIterableShuffleDataset object at 0x7f4d88cfde50> was reported to be 127(when accessing len(dataloader)), but 419 samples have been fetched. For multiprocessing data-loading, this could be caused by not properly configuring the IterableDataset replica at each worker. Please see https://pytorch.org/docs/stable/data.html#torch.utils.data.IterableDataset for examples.
  batch = next(self.dataloaders[index_id])
/disk/rl/psm_wma/cosmos-framework/cosmos_framework/data/generator/joint_dataloader.py:831: UserWarning: Length of IterableDataset <cosmos_framework.data.generator.action.datasets.action_sft_dataset.ActionIterableShuffleDataset object at 0x7f4d88cfde50> was reported to be 127(when accessing len(dataloader)), but 420 samples have been fetched. For multiprocessing data-loading, this could be caused by not properly configuring the IterableDataset replica at each worker. Please see https://pytorch.org/docs/stable/data.html#torch.utils.data.IterableDataset for examples.
  batch = next(self.dataloaders[index_id])
/disk/rl/psm_wma/cosmos-framework/cosmos_framework/data/generator/joint_dataloader.py:831: UserWarning: Length of IterableDataset <cosmos_framework.data.generator.action.datasets.action_sft_dataset.ActionIterableShuffleDataset object at 0x7f4d88cfde50> was reported to be 127(when accessing len(dataloader)), but 421 samples have been fetched. For multiprocessing data-loading, this could be caused by not properly configuring the IterableDataset replica at each worker. Please see https://pytorch.org/docs/stable/data.html#torch.utils.data.IterableDataset for examples.
  batch = next(self.dataloaders[index_id])
/disk/rl/psm_wma/cosmos-framework/cosmos_framework/data/generator/joint_dataloader.py:831: UserWarning: Length of IterableDataset <cosmos_framework.data.generator.action.datasets.action_sft_dataset.ActionIterableShuffleDataset object at 0x7f4d88cfde50> was reported to be 127(when accessing len(dataloader)), but 422 samples have been fetched. For multiprocessing data-loading, this could be caused by not properly configuring the IterableDataset replica at each worker. Please see https://pytorch.org/docs/stable/data.html#torch.utils.data.IterableDataset for examples.
  batch = next(self.dataloaders[index_id])
/disk/rl/psm_wma/cosmos-framework/cosmos_framework/data/generator/joint_dataloader.py:831: UserWarning: Length of IterableDataset <cosmos_framework.data.generator.action.datasets.action_sft_dataset.ActionIterableShuffleDataset object at 0x7f4d88cfde50> was reported to be 127(when accessing len(dataloader)), but 423 samples have been fetched. For multiprocessing data-loading, this could be caused by not properly configuring the IterableDataset replica at each worker. Please see https://pytorch.org/docs/stable/data.html#torch.utils.data.IterableDataset for examples.
  batch = next(self.dataloaders[index_id])
/disk/rl/psm_wma/cosmos-framework/cosmos_framework/data/generator/joint_dataloader.py:831: UserWarning: Length of IterableDataset <cosmos_framework.data.generator.action.datasets.action_sft_dataset.ActionIterableShuffleDataset object at 0x7f4d88cfde50> was reported to be 127(when accessing len(dataloader)), but 424 samples have been fetched. For multiprocessing data-loading, this could be caused by not properly configuring the IterableDataset replica at each worker. Please see https://pytorch.org/docs/stable/data.html#torch.utils.data.IterableDataset for examples.
  batch = next(self.dataloaders[index_id])
/disk/rl/psm_wma/cosmos-framework/cosmos_framework/data/generator/joint_dataloader.py:831: UserWarning: Length of IterableDataset <cosmos_framework.data.generator.action.datasets.action_sft_dataset.ActionIterableShuffleDataset object at 0x7f4d88cfde50> was reported to be 127(when accessing len(dataloader)), but 425 samples have been fetched. For multiprocessing data-loading, this could be caused by not properly configuring the IterableDataset replica at each worker. Please see https://pytorch.org/docs/stable/data.html#torch.utils.data.IterableDataset for examples.
  batch = next(self.dataloaders[index_id])
/disk/rl/psm_wma/cosmos-framework/cosmos_framework/data/generator/joint_dataloader.py:831: UserWarning: Length of IterableDataset <cosmos_framework.data.generator.action.datasets.action_sft_dataset.ActionIterableShuffleDataset object at 0x7f4d88cfde50> was reported to be 127(when accessing len(dataloader)), but 426 samples have been fetched. For multiprocessing data-loading, this could be caused by not properly configuring the IterableDataset replica at each worker. Please see https://pytorch.org/docs/stable/data.html#torch.utils.data.IterableDataset for examples.
  batch = next(self.dataloaders[index_id])
/disk/rl/psm_wma/cosmos-framework/cosmos_framework/data/generator/joint_dataloader.py:831: UserWarning: Length of IterableDataset <cosmos_framework.data.generator.action.datasets.action_sft_dataset.ActionIterableShuffleDataset object at 0x7f4d88cfde50> was reported to be 127(when accessing len(dataloader)), but 427 samples have been fetched. For multiprocessing data-loading, this could be caused by not properly configuring the IterableDataset replica at each worker. Please see https://pytorch.org/docs/stable/data.html#torch.utils.data.IterableDataset for examples.
  batch = next(self.dataloaders[index_id])
/disk/rl/psm_wma/cosmos-framework/cosmos_framework/data/generator/joint_dataloader.py:831: UserWarning: Length of IterableDataset <cosmos_framework.data.generator.action.datasets.action_sft_dataset.ActionIterableShuffleDataset object at 0x7f4d88cfde50> was reported to be 127(when accessing len(dataloader)), but 428 samples have been fetched. For multiprocessing data-loading, this could be caused by not properly configuring the IterableDataset replica at each worker. Please see https://pytorch.org/docs/stable/data.html#torch.utils.data.IterableDataset for examples.
  batch = next(self.dataloaders[index_id])
/disk/rl/psm_wma/cosmos-framework/cosmos_framework/data/generator/joint_dataloader.py:831: UserWarning: Length of IterableDataset <cosmos_framework.data.generator.action.datasets.action_sft_dataset.ActionIterableShuffleDataset object at 0x7f4d88cfde50> was reported to be 127(when accessing len(dataloader)), but 429 samples have been fetched. For multiprocessing data-loading, this could be caused by not properly configuring the IterableDataset replica at each worker. Please see https://pytorch.org/docs/stable/data.html#torch.utils.data.IterableDataset for examples.
  batch = next(self.dataloaders[index_id])
/disk/rl/psm_wma/cosmos-framework/cosmos_framework/data/generator/joint_dataloader.py:831: UserWarning: Length of IterableDataset <cosmos_framework.data.generator.action.datasets.action_sft_dataset.ActionIterableShuffleDataset object at 0x7f4d88cfde50> was reported to be 127(when accessing len(dataloader)), but 430 samples have been fetched. For multiprocessing data-loading, this could be caused by not properly configuring the IterableDataset replica at each worker. Please see https://pytorch.org/docs/stable/data.html#torch.utils.data.IterableDataset for examples.
  batch = next(self.dataloaders[index_id])
/disk/rl/psm_wma/cosmos-framework/cosmos_framework/data/generator/joint_dataloader.py:831: UserWarning: Length of IterableDataset <cosmos_framework.data.generator.action.datasets.action_sft_dataset.ActionIterableShuffleDataset object at 0x7f4d88cfde50> was reported to be 127(when accessing len(dataloader)), but 431 samples have been fetched. For multiprocessing data-loading, this could be caused by not properly configuring the IterableDataset replica at each worker. Please see https://pytorch.org/docs/stable/data.html#torch.utils.data.IterableDataset for examples.
  batch = next(self.dataloaders[index_id])
/disk/rl/psm_wma/cosmos-framework/cosmos_framework/data/generator/joint_dataloader.py:831: UserWarning: Length of IterableDataset <cosmos_framework.data.generator.action.datasets.action_sft_dataset.ActionIterableShuffleDataset object at 0x7f4d88cfde50> was reported to be 127(when accessing len(dataloader)), but 432 samples have been fetched. For multiprocessing data-loading, this could be caused by not properly configuring the IterableDataset replica at each worker. Please see https://pytorch.org/docs/stable/data.html#torch.utils.data.IterableDataset for examples.
  batch = next(self.dataloaders[index_id])
/disk/rl/psm_wma/cosmos-framework/cosmos_framework/data/generator/joint_dataloader.py:831: UserWarning: Length of IterableDataset <cosmos_framework.data.generator.action.datasets.action_sft_dataset.ActionIterableShuffleDataset object at 0x7f4d88cfde50> was reported to be 127(when accessing len(dataloader)), but 433 samples have been fetched. For multiprocessing data-loading, this could be caused by not properly configuring the IterableDataset replica at each worker. Please see https://pytorch.org/docs/stable/data.html#torch.utils.data.IterableDataset for examples.
  batch = next(self.dataloaders[index_id])
/disk/rl/psm_wma/cosmos-framework/cosmos_framework/data/generator/joint_dataloader.py:831: UserWarning: Length of IterableDataset <cosmos_framework.data.generator.action.datasets.action_sft_dataset.ActionIterableShuffleDataset object at 0x7f4d88cfde50> was reported to be 127(when accessing len(dataloader)), but 434 samples have been fetched. For multiprocessing data-loading, this could be caused by not properly configuring the IterableDataset replica at each worker. Please see https://pytorch.org/docs/stable/data.html#torch.utils.data.IterableDataset for examples.
  batch = next(self.dataloaders[index_id])
/disk/rl/psm_wma/cosmos-framework/cosmos_framework/data/generator/joint_dataloader.py:831: UserWarning: Length of IterableDataset <cosmos_framework.data.generator.action.datasets.action_sft_dataset.ActionIterableShuffleDataset object at 0x7f4d88cfde50> was reported to be 127(when accessing len(dataloader)), but 435 samples have been fetched. For multiprocessing data-loading, this could be caused by not properly configuring the IterableDataset replica at each worker. Please see https://pytorch.org/docs/stable/data.html#torch.utils.data.IterableDataset for examples.
  batch = next(self.dataloaders[index_id])
/disk/rl/psm_wma/cosmos-framework/cosmos_framework/data/generator/joint_dataloader.py:831: UserWarning: Length of IterableDataset <cosmos_framework.data.generator.action.datasets.action_sft_dataset.ActionIterableShuffleDataset object at 0x7f4d88cfde50> was reported to be 127(when accessing len(dataloader)), but 436 samples have been fetched. For multiprocessing data-loading, this could be caused by not properly configuring the IterableDataset replica at each worker. Please see https://pytorch.org/docs/stable/data.html#torch.utils.data.IterableDataset for examples.
  batch = next(self.dataloaders[index_id])
/disk/rl/psm_wma/cosmos-framework/cosmos_framework/data/generator/joint_dataloader.py:831: UserWarning: Length of IterableDataset <cosmos_framework.data.generator.action.datasets.action_sft_dataset.ActionIterableShuffleDataset object at 0x7f4d88cfde50> was reported to be 127(when accessing len(dataloader)), but 437 samples have been fetched. For multiprocessing data-loading, this could be caused by not properly configuring the IterableDataset replica at each worker. Please see https://pytorch.org/docs/stable/data.html#torch.utils.data.IterableDataset for examples.
  batch = next(self.dataloaders[index_id])
/disk/rl/psm_wma/cosmos-framework/cosmos_framework/data/generator/joint_dataloader.py:831: UserWarning: Length of IterableDataset <cosmos_framework.data.generator.action.datasets.action_sft_dataset.ActionIterableShuffleDataset object at 0x7f4d88cfde50> was reported to be 127(when accessing len(dataloader)), but 438 samples have been fetched. For multiprocessing data-loading, this could be caused by not properly configuring the IterableDataset replica at each worker. Please see https://pytorch.org/docs/stable/data.html#torch.utils.data.IterableDataset for examples.
  batch = next(self.dataloaders[index_id])
/disk/rl/psm_wma/cosmos-framework/cosmos_framework/data/generator/joint_dataloader.py:831: UserWarning: Length of IterableDataset <cosmos_framework.data.generator.action.datasets.action_sft_dataset.ActionIterableShuffleDataset object at 0x7f4d88cfde50> was reported to be 127(when accessing len(dataloader)), but 439 samples have been fetched. For multiprocessing data-loading, this could be caused by not properly configuring the IterableDataset replica at each worker. Please see https://pytorch.org/docs/stable/data.html#torch.utils.data.IterableDataset for examples.
  batch = next(self.dataloaders[index_id])
/disk/rl/psm_wma/cosmos-framework/cosmos_framework/data/generator/joint_dataloader.py:831: UserWarning: Length of IterableDataset <cosmos_framework.data.generator.action.datasets.action_sft_dataset.ActionIterableShuffleDataset object at 0x7f4d88cfde50> was reported to be 127(when accessing len(dataloader)), but 440 samples have been fetched. For multiprocessing data-loading, this could be caused by not properly configuring the IterableDataset replica at each worker. Please see https://pytorch.org/docs/stable/data.html#torch.utils.data.IterableDataset for examples.
  batch = next(self.dataloaders[index_id])
/disk/rl/psm_wma/cosmos-framework/cosmos_framework/data/generator/joint_dataloader.py:831: UserWarning: Length of IterableDataset <cosmos_framework.data.generator.action.datasets.action_sft_dataset.ActionIterableShuffleDataset object at 0x7f4d88cfde50> was reported to be 127(when accessing len(dataloader)), but 441 samples have been fetched. For multiprocessing data-loading, this could be caused by not properly configuring the IterableDataset replica at each worker. Please see https://pytorch.org/docs/stable/data.html#torch.utils.data.IterableDataset for examples.
  batch = next(self.dataloaders[index_id])
/disk/rl/psm_wma/cosmos-framework/cosmos_framework/data/generator/joint_dataloader.py:831: UserWarning: Length of IterableDataset <cosmos_framework.data.generator.action.datasets.action_sft_dataset.ActionIterableShuffleDataset object at 0x7f4d88cfde50> was reported to be 127(when accessing len(dataloader)), but 442 samples have been fetched. For multiprocessing data-loading, this could be caused by not properly configuring the IterableDataset replica at each worker. Please see https://pytorch.org/docs/stable/data.html#torch.utils.data.IterableDataset for examples.
  batch = next(self.dataloaders[index_id])
/disk/rl/psm_wma/cosmos-framework/cosmos_framework/data/generator/joint_dataloader.py:831: UserWarning: Length of IterableDataset <cosmos_framework.data.generator.action.datasets.action_sft_dataset.ActionIterableShuffleDataset object at 0x7f4d88cfde50> was reported to be 127(when accessing len(dataloader)), but 443 samples have been fetched. For multiprocessing data-loading, this could be caused by not properly configuring the IterableDataset replica at each worker. Please see https://pytorch.org/docs/stable/data.html#torch.utils.data.IterableDataset for examples.
  batch = next(self.dataloaders[index_id])
/disk/rl/psm_wma/cosmos-framework/cosmos_framework/data/generator/joint_dataloader.py:831: UserWarning: Length of IterableDataset <cosmos_framework.data.generator.action.datasets.action_sft_dataset.ActionIterableShuffleDataset object at 0x7f4d88cfde50> was reported to be 127(when accessing len(dataloader)), but 444 samples have been fetched. For multiprocessing data-loading, this could be caused by not properly configuring the IterableDataset replica at each worker. Please see https://pytorch.org/docs/stable/data.html#torch.utils.data.IterableDataset for examples.
  batch = next(self.dataloaders[index_id])
/disk/rl/psm_wma/cosmos-framework/cosmos_framework/data/generator/joint_dataloader.py:831: UserWarning: Length of IterableDataset <cosmos_framework.data.generator.action.datasets.action_sft_dataset.ActionIterableShuffleDataset object at 0x7f4d88cfde50> was reported to be 127(when accessing len(dataloader)), but 445 samples have been fetched. For multiprocessing data-loading, this could be caused by not properly configuring the IterableDataset replica at each worker. Please see https://pytorch.org/docs/stable/data.html#torch.utils.data.IterableDataset for examples.
  batch = next(self.dataloaders[index_id])
/disk/rl/psm_wma/cosmos-framework/cosmos_framework/data/generator/joint_dataloader.py:831: UserWarning: Length of IterableDataset <cosmos_framework.data.generator.action.datasets.action_sft_dataset.ActionIterableShuffleDataset object at 0x7f4d88cfde50> was reported to be 127(when accessing len(dataloader)), but 446 samples have been fetched. For multiprocessing data-loading, this could be caused by not properly configuring the IterableDataset replica at each worker. Please see https://pytorch.org/docs/stable/data.html#torch.utils.data.IterableDataset for examples.
  batch = next(self.dataloaders[index_id])
/disk/rl/psm_wma/cosmos-framework/cosmos_framework/data/generator/joint_dataloader.py:831: UserWarning: Length of IterableDataset <cosmos_framework.data.generator.action.datasets.action_sft_dataset.ActionIterableShuffleDataset object at 0x7f4d88cfde50> was reported to be 127(when accessing len(dataloader)), but 447 samples have been fetched. For multiprocessing data-loading, this could be caused by not properly configuring the IterableDataset replica at each worker. Please see https://pytorch.org/docs/stable/data.html#torch.utils.data.IterableDataset for examples.
  batch = next(self.dataloaders[index_id])
/disk/rl/psm_wma/cosmos-framework/cosmos_framework/data/generator/joint_dataloader.py:831: UserWarning: Length of IterableDataset <cosmos_framework.data.generator.action.datasets.action_sft_dataset.ActionIterableShuffleDataset object at 0x7f4d88cfde50> was reported to be 127(when accessing len(dataloader)), but 448 samples have been fetched. For multiprocessing data-loading, this could be caused by not properly configuring the IterableDataset replica at each worker. Please see https://pytorch.org/docs/stable/data.html#torch.utils.data.IterableDataset for examples.
  batch = next(self.dataloaders[index_id])
/disk/rl/psm_wma/cosmos-framework/cosmos_framework/data/generator/joint_dataloader.py:831: UserWarning: Length of IterableDataset <cosmos_framework.data.generator.action.datasets.action_sft_dataset.ActionIterableShuffleDataset object at 0x7f4d88cfde50> was reported to be 127(when accessing len(dataloader)), but 449 samples have been fetched. For multiprocessing data-loading, this could be caused by not properly configuring the IterableDataset replica at each worker. Please see https://pytorch.org/docs/stable/data.html#torch.utils.data.IterableDataset for examples.
  batch = next(self.dataloaders[index_id])
/disk/rl/psm_wma/cosmos-framework/cosmos_framework/data/generator/joint_dataloader.py:831: UserWarning: Length of IterableDataset <cosmos_framework.data.generator.action.datasets.action_sft_dataset.ActionIterableShuffleDataset object at 0x7f4d88cfde50> was reported to be 127(when accessing len(dataloader)), but 450 samples have been fetched. For multiprocessing data-loading, this could be caused by not properly configuring the IterableDataset replica at each worker. Please see https://pytorch.org/docs/stable/data.html#torch.utils.data.IterableDataset for examples.
  batch = next(self.dataloaders[index_id])
/disk/rl/psm_wma/cosmos-framework/cosmos_framework/data/generator/joint_dataloader.py:831: UserWarning: Length of IterableDataset <cosmos_framework.data.generator.action.datasets.action_sft_dataset.ActionIterableShuffleDataset object at 0x7f4d88cfde50> was reported to be 127(when accessing len(dataloader)), but 451 samples have been fetched. For multiprocessing data-loading, this could be caused by not properly configuring the IterableDataset replica at each worker. Please see https://pytorch.org/docs/stable/data.html#torch.utils.data.IterableDataset for examples.
  batch = next(self.dataloaders[index_id])
/disk/rl/psm_wma/cosmos-framework/cosmos_framework/data/generator/joint_dataloader.py:831: UserWarning: Length of IterableDataset <cosmos_framework.data.generator.action.datasets.action_sft_dataset.ActionIterableShuffleDataset object at 0x7f4d88cfde50> was reported to be 127(when accessing len(dataloader)), but 452 samples have been fetched. For multiprocessing data-loading, this could be caused by not properly configuring the IterableDataset replica at each worker. Please see https://pytorch.org/docs/stable/data.html#torch.utils.data.IterableDataset for examples.
  batch = next(self.dataloaders[index_id])
/disk/rl/psm_wma/cosmos-framework/cosmos_framework/data/generator/joint_dataloader.py:831: UserWarning: Length of IterableDataset <cosmos_framework.data.generator.action.datasets.action_sft_dataset.ActionIterableShuffleDataset object at 0x7f4d88cfde50> was reported to be 127(when accessing len(dataloader)), but 453 samples have been fetched. For multiprocessing data-loading, this could be caused by not properly configuring the IterableDataset replica at each worker. Please see https://pytorch.org/docs/stable/data.html#torch.utils.data.IterableDataset for examples.
  batch = next(self.dataloaders[index_id])
/disk/rl/psm_wma/cosmos-framework/cosmos_framework/data/generator/joint_dataloader.py:831: UserWarning: Length of IterableDataset <cosmos_framework.data.generator.action.datasets.action_sft_dataset.ActionIterableShuffleDataset object at 0x7f4d88cfde50> was reported to be 127(when accessing len(dataloader)), but 454 samples have been fetched. For multiprocessing data-loading, this could be caused by not properly configuring the IterableDataset replica at each worker. Please see https://pytorch.org/docs/stable/data.html#torch.utils.data.IterableDataset for examples.
  batch = next(self.dataloaders[index_id])
/disk/rl/psm_wma/cosmos-framework/cosmos_framework/data/generator/joint_dataloader.py:831: UserWarning: Length of IterableDataset <cosmos_framework.data.generator.action.datasets.action_sft_dataset.ActionIterableShuffleDataset object at 0x7f4d88cfde50> was reported to be 127(when accessing len(dataloader)), but 455 samples have been fetched. For multiprocessing data-loading, this could be caused by not properly configuring the IterableDataset replica at each worker. Please see https://pytorch.org/docs/stable/data.html#torch.utils.data.IterableDataset for examples.
  batch = next(self.dataloaders[index_id])
/disk/rl/psm_wma/cosmos-framework/cosmos_framework/data/generator/joint_dataloader.py:831: UserWarning: Length of IterableDataset <cosmos_framework.data.generator.action.datasets.action_sft_dataset.ActionIterableShuffleDataset object at 0x7f4d88cfde50> was reported to be 127(when accessing len(dataloader)), but 456 samples have been fetched. For multiprocessing data-loading, this could be caused by not properly configuring the IterableDataset replica at each worker. Please see https://pytorch.org/docs/stable/data.html#torch.utils.data.IterableDataset for examples.
  batch = next(self.dataloaders[index_id])
/disk/rl/psm_wma/cosmos-framework/cosmos_framework/data/generator/joint_dataloader.py:831: UserWarning: Length of IterableDataset <cosmos_framework.data.generator.action.datasets.action_sft_dataset.ActionIterableShuffleDataset object at 0x7f4d88cfde50> was reported to be 127(when accessing len(dataloader)), but 457 samples have been fetched. For multiprocessing data-loading, this could be caused by not properly configuring the IterableDataset replica at each worker. Please see https://pytorch.org/docs/stable/data.html#torch.utils.data.IterableDataset for examples.
  batch = next(self.dataloaders[index_id])
/disk/rl/psm_wma/cosmos-framework/cosmos_framework/data/generator/joint_dataloader.py:831: UserWarning: Length of IterableDataset <cosmos_framework.data.generator.action.datasets.action_sft_dataset.ActionIterableShuffleDataset object at 0x7f4d88cfde50> was reported to be 127(when accessing len(dataloader)), but 458 samples have been fetched. For multiprocessing data-loading, this could be caused by not properly configuring the IterableDataset replica at each worker. Please see https://pytorch.org/docs/stable/data.html#torch.utils.data.IterableDataset for examples.
  batch = next(self.dataloaders[index_id])
/disk/rl/psm_wma/cosmos-framework/cosmos_framework/data/generator/joint_dataloader.py:831: UserWarning: Length of IterableDataset <cosmos_framework.data.generator.action.datasets.action_sft_dataset.ActionIterableShuffleDataset object at 0x7f4d88cfde50> was reported to be 127(when accessing len(dataloader)), but 459 samples have been fetched. For multiprocessing data-loading, this could be caused by not properly configuring the IterableDataset replica at each worker. Please see https://pytorch.org/docs/stable/data.html#torch.utils.data.IterableDataset for examples.
  batch = next(self.dataloaders[index_id])
/disk/rl/psm_wma/cosmos-framework/cosmos_framework/data/generator/joint_dataloader.py:831: UserWarning: Length of IterableDataset <cosmos_framework.data.generator.action.datasets.action_sft_dataset.ActionIterableShuffleDataset object at 0x7f4d88cfde50> was reported to be 127(when accessing len(dataloader)), but 460 samples have been fetched. For multiprocessing data-loading, this could be caused by not properly configuring the IterableDataset replica at each worker. Please see https://pytorch.org/docs/stable/data.html#torch.utils.data.IterableDataset for examples.
  batch = next(self.dataloaders[index_id])
/disk/rl/psm_wma/cosmos-framework/cosmos_framework/data/generator/joint_dataloader.py:831: UserWarning: Length of IterableDataset <cosmos_framework.data.generator.action.datasets.action_sft_dataset.ActionIterableShuffleDataset object at 0x7f4d88cfde50> was reported to be 127(when accessing len(dataloader)), but 461 samples have been fetched. For multiprocessing data-loading, this could be caused by not properly configuring the IterableDataset replica at each worker. Please see https://pytorch.org/docs/stable/data.html#torch.utils.data.IterableDataset for examples.
  batch = next(self.dataloaders[index_id])
/disk/rl/psm_wma/cosmos-framework/cosmos_framework/data/generator/joint_dataloader.py:831: UserWarning: Length of IterableDataset <cosmos_framework.data.generator.action.datasets.action_sft_dataset.ActionIterableShuffleDataset object at 0x7f4d88cfde50> was reported to be 127(when accessing len(dataloader)), but 462 samples have been fetched. For multiprocessing data-loading, this could be caused by not properly configuring the IterableDataset replica at each worker. Please see https://pytorch.org/docs/stable/data.html#torch.utils.data.IterableDataset for examples.
  batch = next(self.dataloaders[index_id])
/disk/rl/psm_wma/cosmos-framework/cosmos_framework/data/generator/joint_dataloader.py:831: UserWarning: Length of IterableDataset <cosmos_framework.data.generator.action.datasets.action_sft_dataset.ActionIterableShuffleDataset object at 0x7f4d88cfde50> was reported to be 127(when accessing len(dataloader)), but 463 samples have been fetched. For multiprocessing data-loading, this could be caused by not properly configuring the IterableDataset replica at each worker. Please see https://pytorch.org/docs/stable/data.html#torch.utils.data.IterableDataset for examples.
  batch = next(self.dataloaders[index_id])
/disk/rl/psm_wma/cosmos-framework/cosmos_framework/data/generator/joint_dataloader.py:831: UserWarning: Length of IterableDataset <cosmos_framework.data.generator.action.datasets.action_sft_dataset.ActionIterableShuffleDataset object at 0x7f4d88cfde50> was reported to be 127(when accessing len(dataloader)), but 464 samples have been fetched. For multiprocessing data-loading, this could be caused by not properly configuring the IterableDataset replica at each worker. Please see https://pytorch.org/docs/stable/data.html#torch.utils.data.IterableDataset for examples.
  batch = next(self.dataloaders[index_id])
/disk/rl/psm_wma/cosmos-framework/cosmos_framework/data/generator/joint_dataloader.py:831: UserWarning: Length of IterableDataset <cosmos_framework.data.generator.action.datasets.action_sft_dataset.ActionIterableShuffleDataset object at 0x7f4d88cfde50> was reported to be 127(when accessing len(dataloader)), but 465 samples have been fetched. For multiprocessing data-loading, this could be caused by not properly configuring the IterableDataset replica at each worker. Please see https://pytorch.org/docs/stable/data.html#torch.utils.data.IterableDataset for examples.
  batch = next(self.dataloaders[index_id])
/disk/rl/psm_wma/cosmos-framework/cosmos_framework/data/generator/joint_dataloader.py:831: UserWarning: Length of IterableDataset <cosmos_framework.data.generator.action.datasets.action_sft_dataset.ActionIterableShuffleDataset object at 0x7f4d88cfde50> was reported to be 127(when accessing len(dataloader)), but 466 samples have been fetched. For multiprocessing data-loading, this could be caused by not properly configuring the IterableDataset replica at each worker. Please see https://pytorch.org/docs/stable/data.html#torch.utils.data.IterableDataset for examples.
  batch = next(self.dataloaders[index_id])
/disk/rl/psm_wma/cosmos-framework/cosmos_framework/data/generator/joint_dataloader.py:831: UserWarning: Length of IterableDataset <cosmos_framework.data.generator.action.datasets.action_sft_dataset.ActionIterableShuffleDataset object at 0x7f4d88cfde50> was reported to be 127(when accessing len(dataloader)), but 467 samples have been fetched. For multiprocessing data-loading, this could be caused by not properly configuring the IterableDataset replica at each worker. Please see https://pytorch.org/docs/stable/data.html#torch.utils.data.IterableDataset for examples.
  batch = next(self.dataloaders[index_id])
/disk/rl/psm_wma/cosmos-framework/cosmos_framework/data/generator/joint_dataloader.py:831: UserWarning: Length of IterableDataset <cosmos_framework.data.generator.action.datasets.action_sft_dataset.ActionIterableShuffleDataset object at 0x7f4d88cfde50> was reported to be 127(when accessing len(dataloader)), but 468 samples have been fetched. For multiprocessing data-loading, this could be caused by not properly configuring the IterableDataset replica at each worker. Please see https://pytorch.org/docs/stable/data.html#torch.utils.data.IterableDataset for examples.
  batch = next(self.dataloaders[index_id])
/disk/rl/psm_wma/cosmos-framework/cosmos_framework/data/generator/joint_dataloader.py:831: UserWarning: Length of IterableDataset <cosmos_framework.data.generator.action.datasets.action_sft_dataset.ActionIterableShuffleDataset object at 0x7f4d88cfde50> was reported to be 127(when accessing len(dataloader)), but 469 samples have been fetched. For multiprocessing data-loading, this could be caused by not properly configuring the IterableDataset replica at each worker. Please see https://pytorch.org/docs/stable/data.html#torch.utils.data.IterableDataset for examples.
  batch = next(self.dataloaders[index_id])
/disk/rl/psm_wma/cosmos-framework/cosmos_framework/data/generator/joint_dataloader.py:831: UserWarning: Length of IterableDataset <cosmos_framework.data.generator.action.datasets.action_sft_dataset.ActionIterableShuffleDataset object at 0x7f4d88cfde50> was reported to be 127(when accessing len(dataloader)), but 470 samples have been fetched. For multiprocessing data-loading, this could be caused by not properly configuring the IterableDataset replica at each worker. Please see https://pytorch.org/docs/stable/data.html#torch.utils.data.IterableDataset for examples.
  batch = next(self.dataloaders[index_id])
/disk/rl/psm_wma/cosmos-framework/cosmos_framework/data/generator/joint_dataloader.py:831: UserWarning: Length of IterableDataset <cosmos_framework.data.generator.action.datasets.action_sft_dataset.ActionIterableShuffleDataset object at 0x7f4d88cfde50> was reported to be 127(when accessing len(dataloader)), but 471 samples have been fetched. For multiprocessing data-loading, this could be caused by not properly configuring the IterableDataset replica at each worker. Please see https://pytorch.org/docs/stable/data.html#torch.utils.data.IterableDataset for examples.
  batch = next(self.dataloaders[index_id])
/disk/rl/psm_wma/cosmos-framework/cosmos_framework/data/generator/joint_dataloader.py:831: UserWarning: Length of IterableDataset <cosmos_framework.data.generator.action.datasets.action_sft_dataset.ActionIterableShuffleDataset object at 0x7f4d88cfde50> was reported to be 127(when accessing len(dataloader)), but 472 samples have been fetched. For multiprocessing data-loading, this could be caused by not properly configuring the IterableDataset replica at each worker. Please see https://pytorch.org/docs/stable/data.html#torch.utils.data.IterableDataset for examples.
  batch = next(self.dataloaders[index_id])
/disk/rl/psm_wma/cosmos-framework/cosmos_framework/data/generator/joint_dataloader.py:831: UserWarning: Length of IterableDataset <cosmos_framework.data.generator.action.datasets.action_sft_dataset.ActionIterableShuffleDataset object at 0x7f4d88cfde50> was reported to be 127(when accessing len(dataloader)), but 473 samples have been fetched. For multiprocessing data-loading, this could be caused by not properly configuring the IterableDataset replica at each worker. Please see https://pytorch.org/docs/stable/data.html#torch.utils.data.IterableDataset for examples.
  batch = next(self.dataloaders[index_id])
/disk/rl/psm_wma/cosmos-framework/cosmos_framework/data/generator/joint_dataloader.py:831: UserWarning: Length of IterableDataset <cosmos_framework.data.generator.action.datasets.action_sft_dataset.ActionIterableShuffleDataset object at 0x7f4d88cfde50> was reported to be 127(when accessing len(dataloader)), but 474 samples have been fetched. For multiprocessing data-loading, this could be caused by not properly configuring the IterableDataset replica at each worker. Please see https://pytorch.org/docs/stable/data.html#torch.utils.data.IterableDataset for examples.
  batch = next(self.dataloaders[index_id])
/disk/rl/psm_wma/cosmos-framework/cosmos_framework/data/generator/joint_dataloader.py:831: UserWarning: Length of IterableDataset <cosmos_framework.data.generator.action.datasets.action_sft_dataset.ActionIterableShuffleDataset object at 0x7f4d88cfde50> was reported to be 127(when accessing len(dataloader)), but 475 samples have been fetched. For multiprocessing data-loading, this could be caused by not properly configuring the IterableDataset replica at each worker. Please see https://pytorch.org/docs/stable/data.html#torch.utils.data.IterableDataset for examples.
  batch = next(self.dataloaders[index_id])
/disk/rl/psm_wma/cosmos-framework/cosmos_framework/data/generator/joint_dataloader.py:831: UserWarning: Length of IterableDataset <cosmos_framework.data.generator.action.datasets.action_sft_dataset.ActionIterableShuffleDataset object at 0x7f4d88cfde50> was reported to be 127(when accessing len(dataloader)), but 476 samples have been fetched. For multiprocessing data-loading, this could be caused by not properly configuring the IterableDataset replica at each worker. Please see https://pytorch.org/docs/stable/data.html#torch.utils.data.IterableDataset for examples.
  batch = next(self.dataloaders[index_id])
/disk/rl/psm_wma/cosmos-framework/cosmos_framework/data/generator/joint_dataloader.py:831: UserWarning: Length of IterableDataset <cosmos_framework.data.generator.action.datasets.action_sft_dataset.ActionIterableShuffleDataset object at 0x7f4d88cfde50> was reported to be 127(when accessing len(dataloader)), but 477 samples have been fetched. For multiprocessing data-loading, this could be caused by not properly configuring the IterableDataset replica at each worker. Please see https://pytorch.org/docs/stable/data.html#torch.utils.data.IterableDataset for examples.
  batch = next(self.dataloaders[index_id])
/disk/rl/psm_wma/cosmos-framework/cosmos_framework/data/generator/joint_dataloader.py:831: UserWarning: Length of IterableDataset <cosmos_framework.data.generator.action.datasets.action_sft_dataset.ActionIterableShuffleDataset object at 0x7f4d88cfde50> was reported to be 127(when accessing len(dataloader)), but 478 samples have been fetched. For multiprocessing data-loading, this could be caused by not properly configuring the IterableDataset replica at each worker. Please see https://pytorch.org/docs/stable/data.html#torch.utils.data.IterableDataset for examples.
  batch = next(self.dataloaders[index_id])
/disk/rl/psm_wma/cosmos-framework/cosmos_framework/data/generator/joint_dataloader.py:831: UserWarning: Length of IterableDataset <cosmos_framework.data.generator.action.datasets.action_sft_dataset.ActionIterableShuffleDataset object at 0x7f4d88cfde50> was reported to be 127(when accessing len(dataloader)), but 479 samples have been fetched. For multiprocessing data-loading, this could be caused by not properly configuring the IterableDataset replica at each worker. Please see https://pytorch.org/docs/stable/data.html#torch.utils.data.IterableDataset for examples.
  batch = next(self.dataloaders[index_id])
/disk/rl/psm_wma/cosmos-framework/cosmos_framework/data/generator/joint_dataloader.py:831: UserWarning: Length of IterableDataset <cosmos_framework.data.generator.action.datasets.action_sft_dataset.ActionIterableShuffleDataset object at 0x7f4d88cfde50> was reported to be 127(when accessing len(dataloader)), but 480 samples have been fetched. For multiprocessing data-loading, this could be caused by not properly configuring the IterableDataset replica at each worker. Please see https://pytorch.org/docs/stable/data.html#torch.utils.data.IterableDataset for examples.
  batch = next(self.dataloaders[index_id])
/disk/rl/psm_wma/cosmos-framework/cosmos_framework/data/generator/joint_dataloader.py:831: UserWarning: Length of IterableDataset <cosmos_framework.data.generator.action.datasets.action_sft_dataset.ActionIterableShuffleDataset object at 0x7f4d88cfde50> was reported to be 127(when accessing len(dataloader)), but 481 samples have been fetched. For multiprocessing data-loading, this could be caused by not properly configuring the IterableDataset replica at each worker. Please see https://pytorch.org/docs/stable/data.html#torch.utils.data.IterableDataset for examples.
  batch = next(self.dataloaders[index_id])
/disk/rl/psm_wma/cosmos-framework/cosmos_framework/data/generator/joint_dataloader.py:831: UserWarning: Length of IterableDataset <cosmos_framework.data.generator.action.datasets.action_sft_dataset.ActionIterableShuffleDataset object at 0x7f4d88cfde50> was reported to be 127(when accessing len(dataloader)), but 482 samples have been fetched. For multiprocessing data-loading, this could be caused by not properly configuring the IterableDataset replica at each worker. Please see https://pytorch.org/docs/stable/data.html#torch.utils.data.IterableDataset for examples.
  batch = next(self.dataloaders[index_id])
/disk/rl/psm_wma/cosmos-framework/cosmos_framework/data/generator/joint_dataloader.py:831: UserWarning: Length of IterableDataset <cosmos_framework.data.generator.action.datasets.action_sft_dataset.ActionIterableShuffleDataset object at 0x7f4d88cfde50> was reported to be 127(when accessing len(dataloader)), but 483 samples have been fetched. For multiprocessing data-loading, this could be caused by not properly configuring the IterableDataset replica at each worker. Please see https://pytorch.org/docs/stable/data.html#torch.utils.data.IterableDataset for examples.
  batch = next(self.dataloaders[index_id])
/disk/rl/psm_wma/cosmos-framework/cosmos_framework/data/generator/joint_dataloader.py:831: UserWarning: Length of IterableDataset <cosmos_framework.data.generator.action.datasets.action_sft_dataset.ActionIterableShuffleDataset object at 0x7f4d88cfde50> was reported to be 127(when accessing len(dataloader)), but 484 samples have been fetched. For multiprocessing data-loading, this could be caused by not properly configuring the IterableDataset replica at each worker. Please see https://pytorch.org/docs/stable/data.html#torch.utils.data.IterableDataset for examples.
  batch = next(self.dataloaders[index_id])
/disk/rl/psm_wma/cosmos-framework/cosmos_framework/data/generator/joint_dataloader.py:831: UserWarning: Length of IterableDataset <cosmos_framework.data.generator.action.datasets.action_sft_dataset.ActionIterableShuffleDataset object at 0x7f4d88cfde50> was reported to be 127(when accessing len(dataloader)), but 485 samples have been fetched. For multiprocessing data-loading, this could be caused by not properly configuring the IterableDataset replica at each worker. Please see https://pytorch.org/docs/stable/data.html#torch.utils.data.IterableDataset for examples.
  batch = next(self.dataloaders[index_id])
/disk/rl/psm_wma/cosmos-framework/cosmos_framework/data/generator/joint_dataloader.py:831: UserWarning: Length of IterableDataset <cosmos_framework.data.generator.action.datasets.action_sft_dataset.ActionIterableShuffleDataset object at 0x7f4d88cfde50> was reported to be 127(when accessing len(dataloader)), but 486 samples have been fetched. For multiprocessing data-loading, this could be caused by not properly configuring the IterableDataset replica at each worker. Please see https://pytorch.org/docs/stable/data.html#torch.utils.data.IterableDataset for examples.
  batch = next(self.dataloaders[index_id])
/disk/rl/psm_wma/cosmos-framework/cosmos_framework/data/generator/joint_dataloader.py:831: UserWarning: Length of IterableDataset <cosmos_framework.data.generator.action.datasets.action_sft_dataset.ActionIterableShuffleDataset object at 0x7f4d88cfde50> was reported to be 127(when accessing len(dataloader)), but 487 samples have been fetched. For multiprocessing data-loading, this could be caused by not properly configuring the IterableDataset replica at each worker. Please see https://pytorch.org/docs/stable/data.html#torch.utils.data.IterableDataset for examples.
  batch = next(self.dataloaders[index_id])
/disk/rl/psm_wma/cosmos-framework/cosmos_framework/data/generator/joint_dataloader.py:831: UserWarning: Length of IterableDataset <cosmos_framework.data.generator.action.datasets.action_sft_dataset.ActionIterableShuffleDataset object at 0x7f4d88cfde50> was reported to be 127(when accessing len(dataloader)), but 488 samples have been fetched. For multiprocessing data-loading, this could be caused by not properly configuring the IterableDataset replica at each worker. Please see https://pytorch.org/docs/stable/data.html#torch.utils.data.IterableDataset for examples.
  batch = next(self.dataloaders[index_id])
/disk/rl/psm_wma/cosmos-framework/cosmos_framework/data/generator/joint_dataloader.py:831: UserWarning: Length of IterableDataset <cosmos_framework.data.generator.action.datasets.action_sft_dataset.ActionIterableShuffleDataset object at 0x7f4d88cfde50> was reported to be 127(when accessing len(dataloader)), but 489 samples have been fetched. For multiprocessing data-loading, this could be caused by not properly configuring the IterableDataset replica at each worker. Please see https://pytorch.org/docs/stable/data.html#torch.utils.data.IterableDataset for examples.
  batch = next(self.dataloaders[index_id])
/disk/rl/psm_wma/cosmos-framework/cosmos_framework/data/generator/joint_dataloader.py:831: UserWarning: Length of IterableDataset <cosmos_framework.data.generator.action.datasets.action_sft_dataset.ActionIterableShuffleDataset object at 0x7f4d88cfde50> was reported to be 127(when accessing len(dataloader)), but 490 samples have been fetched. For multiprocessing data-loading, this could be caused by not properly configuring the IterableDataset replica at each worker. Please see https://pytorch.org/docs/stable/data.html#torch.utils.data.IterableDataset for examples.
  batch = next(self.dataloaders[index_id])
/disk/rl/psm_wma/cosmos-framework/cosmos_framework/data/generator/joint_dataloader.py:831: UserWarning: Length of IterableDataset <cosmos_framework.data.generator.action.datasets.action_sft_dataset.ActionIterableShuffleDataset object at 0x7f4d88cfde50> was reported to be 127(when accessing len(dataloader)), but 491 samples have been fetched. For multiprocessing data-loading, this could be caused by not properly configuring the IterableDataset replica at each worker. Please see https://pytorch.org/docs/stable/data.html#torch.utils.data.IterableDataset for examples.
  batch = next(self.dataloaders[index_id])
/disk/rl/psm_wma/cosmos-framework/cosmos_framework/data/generator/joint_dataloader.py:831: UserWarning: Length of IterableDataset <cosmos_framework.data.generator.action.datasets.action_sft_dataset.ActionIterableShuffleDataset object at 0x7f4d88cfde50> was reported to be 127(when accessing len(dataloader)), but 492 samples have been fetched. For multiprocessing data-loading, this could be caused by not properly configuring the IterableDataset replica at each worker. Please see https://pytorch.org/docs/stable/data.html#torch.utils.data.IterableDataset for examples.
  batch = next(self.dataloaders[index_id])
/disk/rl/psm_wma/cosmos-framework/cosmos_framework/data/generator/joint_dataloader.py:831: UserWarning: Length of IterableDataset <cosmos_framework.data.generator.action.datasets.action_sft_dataset.ActionIterableShuffleDataset object at 0x7f4d88cfde50> was reported to be 127(when accessing len(dataloader)), but 493 samples have been fetched. For multiprocessing data-loading, this could be caused by not properly configuring the IterableDataset replica at each worker. Please see https://pytorch.org/docs/stable/data.html#torch.utils.data.IterableDataset for examples.
  batch = next(self.dataloaders[index_id])
/disk/rl/psm_wma/cosmos-framework/cosmos_framework/data/generator/joint_dataloader.py:831: UserWarning: Length of IterableDataset <cosmos_framework.data.generator.action.datasets.action_sft_dataset.ActionIterableShuffleDataset object at 0x7f4d88cfde50> was reported to be 127(when accessing len(dataloader)), but 494 samples have been fetched. For multiprocessing data-loading, this could be caused by not properly configuring the IterableDataset replica at each worker. Please see https://pytorch.org/docs/stable/data.html#torch.utils.data.IterableDataset for examples.
  batch = next(self.dataloaders[index_id])
/disk/rl/psm_wma/cosmos-framework/cosmos_framework/data/generator/joint_dataloader.py:831: UserWarning: Length of IterableDataset <cosmos_framework.data.generator.action.datasets.action_sft_dataset.ActionIterableShuffleDataset object at 0x7f4d88cfde50> was reported to be 127(when accessing len(dataloader)), but 495 samples have been fetched. For multiprocessing data-loading, this could be caused by not properly configuring the IterableDataset replica at each worker. Please see https://pytorch.org/docs/stable/data.html#torch.utils.data.IterableDataset for examples.
  batch = next(self.dataloaders[index_id])
/disk/rl/psm_wma/cosmos-framework/cosmos_framework/data/generator/joint_dataloader.py:831: UserWarning: Length of IterableDataset <cosmos_framework.data.generator.action.datasets.action_sft_dataset.ActionIterableShuffleDataset object at 0x7f4d88cfde50> was reported to be 127(when accessing len(dataloader)), but 496 samples have been fetched. For multiprocessing data-loading, this could be caused by not properly configuring the IterableDataset replica at each worker. Please see https://pytorch.org/docs/stable/data.html#torch.utils.data.IterableDataset for examples.
  batch = next(self.dataloaders[index_id])
/disk/rl/psm_wma/cosmos-framework/cosmos_framework/data/generator/joint_dataloader.py:831: UserWarning: Length of IterableDataset <cosmos_framework.data.generator.action.datasets.action_sft_dataset.ActionIterableShuffleDataset object at 0x7f4d88cfde50> was reported to be 127(when accessing len(dataloader)), but 497 samples have been fetched. For multiprocessing data-loading, this could be caused by not properly configuring the IterableDataset replica at each worker. Please see https://pytorch.org/docs/stable/data.html#torch.utils.data.IterableDataset for examples.
  batch = next(self.dataloaders[index_id])
/disk/rl/psm_wma/cosmos-framework/cosmos_framework/data/generator/joint_dataloader.py:831: UserWarning: Length of IterableDataset <cosmos_framework.data.generator.action.datasets.action_sft_dataset.ActionIterableShuffleDataset object at 0x7f4d88cfde50> was reported to be 127(when accessing len(dataloader)), but 498 samples have been fetched. For multiprocessing data-loading, this could be caused by not properly configuring the IterableDataset replica at each worker. Please see https://pytorch.org/docs/stable/data.html#torch.utils.data.IterableDataset for examples.
  batch = next(self.dataloaders[index_id])
/disk/rl/psm_wma/cosmos-framework/cosmos_framework/data/generator/joint_dataloader.py:831: UserWarning: Length of IterableDataset <cosmos_framework.data.generator.action.datasets.action_sft_dataset.ActionIterableShuffleDataset object at 0x7f4d88cfde50> was reported to be 127(when accessing len(dataloader)), but 499 samples have been fetched. For multiprocessing data-loading, this could be caused by not properly configuring the IterableDataset replica at each worker. Please see https://pytorch.org/docs/stable/data.html#torch.utils.data.IterableDataset for examples.
  batch = next(self.dataloaders[index_id])
/disk/rl/psm_wma/cosmos-framework/cosmos_framework/data/generator/joint_dataloader.py:831: UserWarning: Length of IterableDataset <cosmos_framework.data.generator.action.datasets.action_sft_dataset.ActionIterableShuffleDataset object at 0x7f4d88cfde50> was reported to be 127(when accessing len(dataloader)), but 500 samples have been fetched. For multiprocessing data-loading, this could be caused by not properly configuring the IterableDataset replica at each worker. Please see https://pytorch.org/docs/stable/data.html#torch.utils.data.IterableDataset for examples.
  batch = next(self.dataloaders[index_id])
/disk/rl/psm_wma/cosmos-framework/cosmos_framework/data/generator/joint_dataloader.py:831: UserWarning: Length of IterableDataset <cosmos_framework.data.generator.action.datasets.action_sft_dataset.ActionIterableShuffleDataset object at 0x7f4d88cfde50> was reported to be 127(when accessing len(dataloader)), but 501 samples have been fetched. For multiprocessing data-loading, this could be caused by not properly configuring the IterableDataset replica at each worker. Please see https://pytorch.org/docs/stable/data.html#torch.utils.data.IterableDataset for examples.
  batch = next(self.dataloaders[index_id])
/disk/rl/psm_wma/cosmos-framework/cosmos_framework/data/generator/joint_dataloader.py:831: UserWarning: Length of IterableDataset <cosmos_framework.data.generator.action.datasets.action_sft_dataset.ActionIterableShuffleDataset object at 0x7f4d88cfde50> was reported to be 127(when accessing len(dataloader)), but 502 samples have been fetched. For multiprocessing data-loading, this could be caused by not properly configuring the IterableDataset replica at each worker. Please see https://pytorch.org/docs/stable/data.html#torch.utils.data.IterableDataset for examples.
  batch = next(self.dataloaders[index_id])
/disk/rl/psm_wma/cosmos-framework/cosmos_framework/data/generator/joint_dataloader.py:831: UserWarning: Length of IterableDataset <cosmos_framework.data.generator.action.datasets.action_sft_dataset.ActionIterableShuffleDataset object at 0x7f4d88cfde50> was reported to be 127(when accessing len(dataloader)), but 503 samples have been fetched. For multiprocessing data-loading, this could be caused by not properly configuring the IterableDataset replica at each worker. Please see https://pytorch.org/docs/stable/data.html#torch.utils.data.IterableDataset for examples.
  batch = next(self.dataloaders[index_id])
/disk/rl/psm_wma/cosmos-framework/cosmos_framework/data/generator/joint_dataloader.py:831: UserWarning: Length of IterableDataset <cosmos_framework.data.generator.action.datasets.action_sft_dataset.ActionIterableShuffleDataset object at 0x7f4d88cfde50> was reported to be 127(when accessing len(dataloader)), but 504 samples have been fetched. For multiprocessing data-loading, this could be caused by not properly configuring the IterableDataset replica at each worker. Please see https://pytorch.org/docs/stable/data.html#torch.utils.data.IterableDataset for examples.
  batch = next(self.dataloaders[index_id])
/disk/rl/psm_wma/cosmos-framework/cosmos_framework/data/generator/joint_dataloader.py:831: UserWarning: Length of IterableDataset <cosmos_framework.data.generator.action.datasets.action_sft_dataset.ActionIterableShuffleDataset object at 0x7f4d88cfde50> was reported to be 127(when accessing len(dataloader)), but 505 samples have been fetched. For multiprocessing data-loading, this could be caused by not properly configuring the IterableDataset replica at each worker. Please see https://pytorch.org/docs/stable/data.html#torch.utils.data.IterableDataset for examples.
  batch = next(self.dataloaders[index_id])
/disk/rl/psm_wma/cosmos-framework/cosmos_framework/data/generator/joint_dataloader.py:831: UserWarning: Length of IterableDataset <cosmos_framework.data.generator.action.datasets.action_sft_dataset.ActionIterableShuffleDataset object at 0x7f4d88cfde50> was reported to be 127(when accessing len(dataloader)), but 506 samples have been fetched. For multiprocessing data-loading, this could be caused by not properly configuring the IterableDataset replica at each worker. Please see https://pytorch.org/docs/stable/data.html#torch.utils.data.IterableDataset for examples.
  batch = next(self.dataloaders[index_id])
/disk/rl/psm_wma/cosmos-framework/cosmos_framework/data/generator/joint_dataloader.py:831: UserWarning: Length of IterableDataset <cosmos_framework.data.generator.action.datasets.action_sft_dataset.ActionIterableShuffleDataset object at 0x7f4d88cfde50> was reported to be 127(when accessing len(dataloader)), but 507 samples have been fetched. For multiprocessing data-loading, this could be caused by not properly configuring the IterableDataset replica at each worker. Please see https://pytorch.org/docs/stable/data.html#torch.utils.data.IterableDataset for examples.
  batch = next(self.dataloaders[index_id])
/disk/rl/psm_wma/cosmos-framework/cosmos_framework/data/generator/joint_dataloader.py:831: UserWarning: Length of IterableDataset <cosmos_framework.data.generator.action.datasets.action_sft_dataset.ActionIterableShuffleDataset object at 0x7f4d88cfde50> was reported to be 127(when accessing len(dataloader)), but 508 samples have been fetched. For multiprocessing data-loading, this could be caused by not properly configuring the IterableDataset replica at each worker. Please see https://pytorch.org/docs/stable/data.html#torch.utils.data.IterableDataset for examples.
  batch = next(self.dataloaders[index_id])
/disk/rl/psm_wma/cosmos-framework/cosmos_framework/data/generator/joint_dataloader.py:831: UserWarning: Length of IterableDataset <cosmos_framework.data.generator.action.datasets.action_sft_dataset.ActionIterableShuffleDataset object at 0x7f4d88cfde50> was reported to be 127(when accessing len(dataloader)), but 509 samples have been fetched. For multiprocessing data-loading, this could be caused by not properly configuring the IterableDataset replica at each worker. Please see https://pytorch.org/docs/stable/data.html#torch.utils.data.IterableDataset for examples.
  batch = next(self.dataloaders[index_id])
/disk/rl/psm_wma/cosmos-framework/cosmos_framework/data/generator/joint_dataloader.py:831: UserWarning: Length of IterableDataset <cosmos_framework.data.generator.action.datasets.action_sft_dataset.ActionIterableShuffleDataset object at 0x7f4d88cfde50> was reported to be 127(when accessing len(dataloader)), but 510 samples have been fetched. For multiprocessing data-loading, this could be caused by not properly configuring the IterableDataset replica at each worker. Please see https://pytorch.org/docs/stable/data.html#torch.utils.data.IterableDataset for examples.
  batch = next(self.dataloaders[index_id])
/disk/rl/psm_wma/cosmos-framework/cosmos_framework/data/generator/joint_dataloader.py:831: UserWarning: Length of IterableDataset <cosmos_framework.data.generator.action.datasets.action_sft_dataset.ActionIterableShuffleDataset object at 0x7f4d88cfde50> was reported to be 127(when accessing len(dataloader)), but 511 samples have been fetched. For multiprocessing data-loading, this could be caused by not properly configuring the IterableDataset replica at each worker. Please see https://pytorch.org/docs/stable/data.html#torch.utils.data.IterableDataset for examples.
  batch = next(self.dataloaders[index_id])
/disk/rl/psm_wma/cosmos-framework/cosmos_framework/data/generator/joint_dataloader.py:831: UserWarning: Length of IterableDataset <cosmos_framework.data.generator.action.datasets.action_sft_dataset.ActionIterableShuffleDataset object at 0x7f4d88cfde50> was reported to be 127(when accessing len(dataloader)), but 512 samples have been fetched. For multiprocessing data-loading, this could be caused by not properly configuring the IterableDataset replica at each worker. Please see https://pytorch.org/docs/stable/data.html#torch.utils.data.IterableDataset for examples.
  batch = next(self.dataloaders[index_id])
>>> 15:02:59 Done (exit 120)
